barophilus,kodakarensis,baro_acc,koda_acc,baroacc,kodaacc
tr|F0LI31|F0LI31_THEBM,sp|Q6F494|PCKG_THEKO,F0LI31,Q6F494,F0LI31,Q6F494
tr|F0LKM4|F0LKM4_THEBM,tr|Q5JER5|Q5JER5_THEKO,F0LKM4,Q5JER5,F0LKM4,Q5JER5
tr|F0LKV5|F0LKV5_THEBM,sp|Q5JGF1|PYRG_THEKO,F0LKV5,Q5JGF1,F0LKV5,Q5JGF1
tr|F0LL89|F0LL89_THEBM,sp|Q6F598|RGYR_THEKO,F0LL89,Q6F598,F0LL89,Q6F598
tr|F0LGU3|F0LGU3_THEBM,sp|Q5JE39|GLKA_THEKO,F0LGU3,Q5JE39,F0LGU3,Q5JE39
tr|F0LGZ4|F0LGZ4_THEBM,tr|Q5JEG6|Q5JEG6_THEKO,F0LGZ4,Q5JEG6,F0LGZ4,Q5JEG6
tr|F0LH65|F0LH65_THEBM,sp|Q5JI17|THYX_THEKO,F0LH65,Q5JI17,F0LH65,Q5JI17
tr|F0LHD6|F0LHD6_THEBM,sp|Q5JHT4|RIBL_THEKO,F0LHD6,Q5JHT4,F0LHD6,Q5JHT4
tr|F0LHD8|F0LHD8_THEBM,sp|Q5JDB0|PYRF_THEKO,F0LHD8,Q5JDB0,F0LHD8,Q5JDB0
tr|F0LHF4|F0LHF4_THEBM,sp|Q5JFL6|HMGCS_THEKO,F0LHF4,Q5JFL6,F0LHF4,Q5JFL6
tr|F0LHJ0|F0LHJ0_THEBM,sp|Q5JFG9|SPEE_THEKO,F0LHJ0,Q5JFG9,F0LHJ0,Q5JFG9
tr|F0LHL8|F0LHL8_THEBM,sp|Q5JJE8|TRUB_THEKO,F0LHL8,Q5JJE8,F0LHL8,Q5JJE8
tr|F0LHM4|F0LHM4_THEBM,sp|Q5JJF4|RPO3_THEKO,F0LHM4,Q5JJF4,F0LHM4,Q5JJF4
tr|F0LHM8|F0LHM8_THEBM,sp|Q5JJC9|RPO10_THEKO,F0LHM8,Q5JJC9,F0LHM8,Q5JJC9
tr|F0LHM9|F0LHM9_THEBM,sp|Q5JJD0|RPO6_THEKO,F0LHM9,Q5JJD0,F0LHM9,Q5JJD0
tr|F0LHN6|F0LHN6_THEBM,sp|Q5JJC6|MVK_THEKO,F0LHN6,Q5JJC6,F0LHN6,Q5JJC6
tr|F0LHN8|F0LHN8_THEBM,sp|Q76CZ1|IDI2_THEKO,F0LHN8,Q76CZ1,F0LHN8,Q76CZ1
tr|F0LHQ6|F0LHQ6_THEBM,sp|Q5JIR6|RRP41_THEKO,F0LHQ6,Q5JIR6,F0LHQ6,Q5JIR6
tr|F0LHQ9|F0LHQ9_THEBM,sp|Q5JDM8|RPO12_THEKO,F0LHQ9,Q5JDM8,F0LHQ9,Q5JDM8
tr|F0LI09|F0LI09_THEBM,sp|Q5JHM9|PYRB_THEKO,F0LI09,Q5JHM9,F0LI09,Q5JHM9
tr|F0LI21|F0LI21_THEBM,sp|Q5JH10|DCD_THEKO,F0LI21,Q5JH10,F0LI21,Q5JH10
tr|F0LI49|F0LI49_THEBM,sp|O93623|GLPK_THEKO,F0LI49,O93623,F0LI49,O93623
tr|F0LI62|F0LI62_THEBM,sp|Q5JGX6|GCSPB_THEKO,F0LI62,Q5JGX6,F0LI62,Q5JGX6
tr|F0LI63|F0LI63_THEBM,sp|Q5JE31|RPO5_THEKO,F0LI63,Q5JE31,F0LI63,Q5JE31
tr|F0LI65|F0LI65_THEBM,tr|Q5JE33|Q5JE33_THEKO,F0LI65,Q5JE33,F0LI65,Q5JE33
tr|F0LI66|F0LI66_THEBM,sp|Q5JE34|RPO1C_THEKO,F0LI66,Q5JE34,F0LI66,Q5JE34
tr|F0LI75|F0LI75_THEBM,sp|Q5JJB8|PNPH_THEKO,F0LI75,Q5JJB8,F0LI75,Q5JJB8
tr|F0LIF6|F0LIF6_THEBM,sp|Q5JGV6|HELS_THEKO,F0LIF6,Q5JGV6,F0LIF6,Q5JGV6
tr|F0LIQ5|F0LIQ5_THEBM,sp|Q5JHR7|PYRDB_THEKO,F0LIQ5,Q5JHR7,F0LIQ5,Q5JHR7
tr|F0LIQ6|F0LIQ6_THEBM,sp|Q5JHU5|QUEC_THEKO,F0LIQ6,Q5JHU5,F0LIQ6,Q5JHU5
tr|F0LIR4|F0LIR4_THEBM,sp|Q877I0|DEOC_THEKO,F0LIR4,Q877I0,F0LIR4,Q877I0
tr|F0LIR7|F0LIR7_THEBM,sp|Q5JEV6|ENO_THEKO,F0LIR7,Q5JEV6,F0LIR7,Q5JEV6
sp|F0LIT8|OGT_THEBM,sp|O74023|OGT_THEKO,F0LIT8,O74023,F0LIT8,O74023
tr|F0LIW7|F0LIW7_THEBM,sp|Q5JG47|NPD_THEKO,F0LIW7,Q5JG47,F0LIW7,Q5JG47
tr|F0LIW8|F0LIW8_THEBM,sp|Q5JF06|GLYA_THEKO,F0LIW8,Q5JF06,F0LIW8,Q5JF06
tr|F0LIX6|F0LIX6_THEBM,sp|Q5JF30|TDXH_THEKO,F0LIX6,Q5JF30,F0LIX6,Q5JF30
tr|F0LJ12|F0LJ12_THEBM,tr|Q5JI30|Q5JI30_THEKO,F0LJ12,Q5JI30,F0LJ12,Q5JI30
tr|F0LJ35|F0LJ35_THEBM,sp|Q5JI69|TDH_THEKO,F0LJ35,Q5JI69,F0LJ35,Q5JI69
tr|F0LJ36|F0LJ36_THEBM,sp|Q76KA8|SYFA_THEKO,F0LJ36,Q76KA8,F0LJ36,Q76KA8
tr|F0LJ37|F0LJ37_THEBM,sp|Q76KA7|SYFB_THEKO,F0LJ37,Q76KA7,F0LJ37,Q76KA7
tr|F0LJ40|F0LJ40_THEBM,sp|Q5JI92|TRUA_THEKO,F0LJ40,Q5JI92,F0LJ40,Q5JI92
tr|F0LJC6|F0LJC6_THEBM,sp|Q5JJ72|PRIS_THEKO,F0LJC6,Q5JJ72,F0LJC6,Q5JJ72
tr|F0LJD2|F0LJD2_THEBM,sp|Q5JFX1|AROB_THEKO,F0LJD2,Q5JFX1,F0LJD2,Q5JFX1
tr|F0LJD3|F0LJD3_THEBM,sp|Q5JFV1|AROD_THEKO,F0LJD3,Q5JFV1,F0LJD3,Q5JFV1
tr|F0LJD4|F0LJD4_THEBM,sp|Q5JFT1|AROE_THEKO,F0LJD4,Q5JFT1,F0LJD4,Q5JFT1
tr|F0LJD6|F0LJD6_THEBM,sp|Q5JFT3|AROA_THEKO,F0LJD6,Q5JFT3,F0LJD6,Q5JFT3
tr|F0LJD7|F0LJD7_THEBM,sp|Q5JFT4|AROC_THEKO,F0LJD7,Q5JFT4,F0LJD7,Q5JFT4
tr|F0LJE4|F0LJE4_THEBM,tr|Q5JFU7|Q5JFU7_THEKO,F0LJE4,Q5JFU7,F0LJE4,Q5JFU7
tr|F0LJE5|F0LJE5_THEBM,sp|Q5JFU8|HIS6_THEKO,F0LJE5,Q5JFU8,F0LJE5,Q5JFU8
tr|F0LJE7|F0LJE7_THEBM,sp|Q5JFV0|HIS5_THEKO,F0LJE7,Q5JFV0,F0LJE7,Q5JFV0
tr|F0LJE9|F0LJE9_THEBM,sp|Q5JFR5|HISX_THEKO,F0LJE9,Q5JFR5,F0LJE9,Q5JFR5
tr|F0LJF3|F0LJF3_THEBM,sp|Q5JI79|AGOG_THEKO,F0LJF3,Q5JI79,F0LJF3,Q5JI79
tr|F0LJG5|F0LJG5_THEBM,sp|Q5JHB5|G3P_THEKO,F0LJG5,Q5JHB5,F0LJG5,Q5JHB5
tr|F0LJH0|F0LJH0_THEBM,sp|Q5JF17|COABC_THEKO,F0LJH0,Q5JF17,F0LJH0,Q5JF17
tr|F0LJK1|F0LJK1_THEBM,sp|Q5JGC8|SYT_THEKO,F0LJK1,Q5JGC8,F0LJK1,Q5JGC8
tr|F0LJK4|F0LJK4_THEBM,sp|Q5JH75|MPTA_THEKO,F0LJK4,Q5JH75,F0LJK4,Q5JH75
tr|F0LJL4|F0LJL4_THEBM,sp|Q5JJ65|NADE_THEKO,F0LJL4,Q5JJ65,F0LJL4,Q5JJ65
tr|F0LJM1|F0LJM1_THEBM,sp|Q5JJ91|PYRC_THEKO,F0LJM1,Q5JJ91,F0LJM1,Q5JJ91
tr|F0LJM9|F0LJM9_THEBM,sp|Q5JIR3|AATA_THEKO,F0LJM9,Q5JIR3,F0LJM9,Q5JIR3
tr|F0LJN9|F0LJN9_THEBM,sp|Q5JDS7|SPEH_THEKO,F0LJN9,Q5JDS7,F0LJN9,Q5JDS7
tr|F0LJP8|F0LJP8_THEBM,sp|Q5JIL7|SYA_THEKO,F0LJP8,Q5JIL7,F0LJP8,Q5JIL7
tr|F0LJS9|F0LJS9_THEBM,sp|Q5JHC6|TMCA_THEKO,F0LJS9,Q5JHC6,F0LJS9,Q5JHC6
tr|F0LJT8|F0LJT8_THEBM,sp|Q5JH82|TOP6A_THEKO,F0LJT8,Q5JH82,F0LJT8,Q5JH82
tr|F0LJU3|F0LJU3_THEBM,tr|Q5JF74|Q5JF74_THEKO,F0LJU3,Q5JF74,F0LJU3,Q5JF74
tr|F0LJZ3|F0LJZ3_THEBM,sp|Q52454|COBS_THEKO,F0LJZ3,Q52454,F0LJZ3,Q52454
tr|F0LK07|F0LK07_THEBM,sp|Q5JGN9|RIFK_THEKO,F0LK07,Q5JGN9,F0LK07,Q5JGN9
tr|F0LK33|F0LK33_THEBM,sp|Q5JGQ6|UPP_THEKO,F0LK33,Q5JGQ6,F0LK33,Q5JGQ6
tr|F0LK63|F0LK63_THEBM,sp|Q5JEW3|KAE1_THEKO,F0LK63,Q5JEW3,F0LK63,Q5JEW3
tr|F0LK65|F0LK65_THEBM,sp|Q5JEW5|NADK_THEKO,F0LK65,Q5JEW5,F0LK65,Q5JEW5
tr|F0LK92|F0LK92_THEBM,sp|Q5JEX8|IXTPA_THEKO,F0LK92,Q5JEX8,F0LK92,Q5JEX8
tr|F0LKA6|F0LKA6_THEBM,sp|Q5JCX1|MOAC_THEKO,F0LKA6,Q5JCX1,F0LKA6,Q5JCX1
tr|F0LKB8|F0LKB8_THEBM,sp|Q5JCZ1|RTCB_THEKO,F0LKB8,Q5JCZ1,F0LKB8,Q5JCZ1
tr|F0LKC0|F0LKC0_THEBM,sp|Q5JCY6|PANB_THEKO,F0LKC0,Q5JCY6,F0LKC0,Q5JCY6
tr|F0LKG7|F0LKG7_THEBM,sp|Q5JGE6|QUEE_THEKO,F0LKG7,Q5JGE6,F0LKG7,Q5JGE6
tr|F0LKH1|F0LKH1_THEBM,tr|Q5JE24|Q5JE24_THEKO,F0LKH1,Q5JE24,F0LKH1,Q5JE24
tr|F0LKH3|F0LKH3_THEBM,sp|Q8NKR9|FBPAP_THEKO,F0LKH3,Q8NKR9,F0LKH3,Q8NKR9
tr|F0LKH5|F0LKH5_THEBM,sp|Q5JHG3|TPIS_THEKO,F0LKH5,Q5JHG3,F0LKH5,Q5JHG3
tr|F0LKL4|F0LKL4_THEBM,tr|Q5JET1|Q5JET1_THEKO,F0LKL4,Q5JET1,F0LKL4,Q5JET1
tr|F0LKM1|F0LKM1_THEBM,sp|Q5JEQ6|MTAP_THEKO,F0LKM1,Q5JEQ6,F0LKM1,Q5JEQ6
tr|F0LKQ2|F0LKQ2_THEBM,sp|Q5JE27|GGR_THEKO,F0LKQ2,Q5JE27,F0LKQ2,Q5JE27
tr|F0LKQ8|F0LKQ8_THEBM,sp|Q5JH68|KAD_THEKO,F0LKQ8,Q5JH68,F0LKQ8,Q5JH68
tr|F0LKR4|F0LKR4_THEBM,sp|Q5JH71|GLMS_THEKO,F0LKR4,Q5JH71,F0LKR4,Q5JH71
tr|F0LKR9|F0LKR9_THEBM,sp|O74035|RNH2_THEKO,F0LKR9,O74035,F0LKR9,O74035
tr|F0LKT3|F0LKT3_THEBM,sp|Q5JGE1|UPPS_THEKO,F0LKT3,Q5JGE1,F0LKT3,Q5JGE1
tr|F0LKT5|F0LKT5_THEBM,sp|Q5JGD9|HJC_THEKO,F0LKT5,Q5JGD9,F0LKT5,Q5JGD9
tr|F0LKU4|F0LKU4_THEBM,sp|Q5JGD1|MAP2_THEKO,F0LKU4,Q5JGD1,F0LKU4,Q5JGD1
tr|F0LL23|F0LL23_THEBM,sp|Q9HHC4|DNLI_THEKO,F0LL23,Q9HHC4,F0LL23,Q9HHC4
tr|F0LL64|F0LL64_THEBM,sp|Q5JDZ7|SYM_THEKO,F0LL64,Q5JDZ7,F0LL64,Q5JDZ7
tr|F0LL77|F0LL77_THEBM,sp|Q52428|SYD_THEKO,F0LL77,Q52428,F0LL77,Q52428
tr|F0LLB7|F0LLB7_THEBM,tr|Q5JEI4|Q5JEI4_THEKO,F0LLB7,Q5JEI4,F0LLB7,Q5JEI4
tr|F0LLF4|F0LLF4_THEBM,sp|Q5JDL3|IF2G_THEKO,F0LLF4,Q5JDL3,F0LLF4,Q5JDL3
tr|F0LLF7|F0LLF7_THEBM,tr|Q5JIY4|Q5JIY4_THEKO,F0LLF7,Q5JIY4,F0LLF7,Q5JIY4
tr|F0LLH8|F0LLH8_THEBM,tr|Q5JFN4|Q5JFN4_THEKO,F0LLH8,Q5JFN4,F0LLH8,Q5JFN4
tr|F0LLI2|F0LLI2_THEBM,sp|Q5JFN8|PURT_THEKO,F0LLI2,Q5JFN8,F0LLI2,Q5JFN8
tr|F0LLI8|F0LLI8_THEBM,sp|Q5JFP4|PURQ_THEKO,F0LLI8,Q5JFP4,F0LLI8,Q5JFP4
tr|F0LLI9|F0LLI9_THEBM,sp|Q5JFL7|PURL_THEKO,F0LLI9,Q5JFL7,F0LLI9,Q5JFL7
tr|F0LLJ0|F0LLJ0_THEBM,tr|Q5JFM0|Q5JFM0_THEKO,F0LLJ0,Q5JFM0,F0LLJ0,Q5JFM0
tr|F0LLL7|F0LLL7_THEBM,sp|Q5JGT7|KITH_THEKO,F0LLL7,Q5JGT7,F0LLL7,Q5JGT7
tr|F0LLL8|F0LLL8_THEBM,sp|O93627|RBL_THEKO,F0LLL8,O93627,F0LLL8,O93627
tr|F0LM13|F0LM13_THEBM,sp|Q5JJ38|CCA_THEKO,F0LM13,Q5JJ38,F0LM13,Q5JJ38
tr|F0LM43|F0LM43_THEBM,sp|Q5JHC0|ATGT_THEKO,F0LM43,Q5JHC0,F0LM43,Q5JHC0
tr|F0LM46|F0LM46_THEBM,tr|Q5JHP8|Q5JHP8_THEKO,F0LM46,Q5JHP8,F0LM46,Q5JHP8
tr|F0LM59|F0LM59_THEBM,sp|Q5JHN5|MOAA_THEKO,F0LM59,Q5JHN5,F0LM59,Q5JHN5
tr|F0LM66|F0LM66_THEBM,sp|O52958|KPRS_THEKO,F0LM66,O52958,F0LM66,O52958
tr|F0LM80|F0LM80_THEBM,sp|Q5JHS5|PAN_THEKO,F0LM80,Q5JHS5,F0LM80,Q5JHS5
tr|F0LM88|F0LM88_THEBM,sp|Q5JFZ7|PYRH_THEKO,F0LM88,Q5JFZ7,F0LM88,Q5JFZ7
tr|F0LMA4|F0LMA4_THEBM,sp|Q5JJ31|SYI_THEKO,F0LMA4,Q5JJ31,F0LMA4,Q5JJ31
tr|F0LMC0|F0LMC0_THEBM,sp|Q5JH24|FTTA_THEKO,F0LMC0,Q5JH24,F0LMC0,Q5JH24
tr|F0LMC3|F0LMC3_THEBM,sp|Q5JH26|RPIA_THEKO,F0LMC3,Q5JH26,F0LMC3,Q5JH26
tr|F0LMF5|F0LMF5_THEBM,sp|Q5JIH9|MOBA_THEKO,F0LMF5,Q5JIH9,F0LMF5,Q5JIH9
tr|F0LMJ2|F0LMJ2_THEBM,tr|Q5JHM0|Q5JHM0_THEKO,F0LMJ2,Q5JHM0,F0LMJ2,Q5JHM0
tr|F0LMJ5|F0LMJ5_THEBM,sp|Q5JHL8|PSB2_THEKO,F0LMJ5,Q5JHL8,F0LMJ5,Q5JHL8
tr|F0LMJ9|F0LMJ9_THEBM,tr|Q5JF38|Q5JF38_THEKO,F0LMJ9,Q5JF38,F0LMJ9,Q5JF38
tr|F0LML7|F0LML7_THEBM,sp|Q5JDY1|GGGPS_THEKO,F0LML7,Q5JDY1,F0LML7,Q5JDY1
tr|F0LMM0|F0LMM0_THEBM,sp|Q5JCX3|AMPPA_THEKO,F0LMM0,Q5JCX3,F0LMM0,Q5JCX3
tr|F0LMP1|F0LMP1_THEBM,sp|Q5JH91|G1PDH_THEKO,F0LMP1,Q5JH91,F0LMP1,Q5JH91
tr|F0LMQ2|F0LMQ2_THEBM,tr|Q5JJA2|Q5JJA2_THEKO,F0LMQ2,Q5JJA2,F0LMQ2,Q5JJA2
tr|F0LMQ8|F0LMQ8_THEBM,sp|Q5JI98|NTPPA_THEKO,F0LMQ8,Q5JI98,F0LMQ8,Q5JI98
tr|F0LMS2|F0LMS2_THEBM,sp|Q5JED2|SAHH_THEKO,F0LMS2,Q5JED2,F0LMS2,Q5JED2
tr|F0LMT1|F0LMT1_THEBM,sp|Q5JIE6|PURA_THEKO,F0LMT1,Q5JIE6,F0LMT1,Q5JIE6
tr|F0LMU7|F0LMU7_THEBM,sp|Q5JGN0|FEN_THEKO,F0LMU7,Q5JGN0,F0LMU7,Q5JGN0
tr|F0LMW2|F0LMW2_THEBM,sp|Q5JE75|SYS_THEKO,F0LMW2,Q5JE75,F0LMW2,Q5JE75
tr|F0LMW3|F0LMW3_THEBM,sp|Q5JEC9|RNP4_THEKO,F0LMW3,Q5JEC9,F0LMW3,Q5JEC9
tr|F0LMW9|F0LMW9_THEBM,sp|Q5JGR7|NDK_THEKO,F0LMW9,Q5JGR7,F0LMW9,Q5JGR7
tr|F0LMX7|F0LMX7_THEBM,sp|Q5JDA9|DIPPS_THEKO,F0LMX7,Q5JDA9,F0LMX7,Q5JDA9
tr|F0LN07|F0LN07_THEBM,sp|Q5JD05|K6PF_THEKO,F0LN07,Q5JD05,F0LN07,Q5JD05
tr|F0LN11|F0LN11_THEBM,sp|Q5JCY1|THII_THEKO,F0LN11,Q5JCY1,F0LN11,Q5JCY1
tr|F0LN25|F0LN25_THEBM,tr|Q5JE74|Q5JE74_THEKO,F0LN25,Q5JE74,F0LN25,Q5JE74
tr|F0LN32|F0LN32_THEBM,sp|Q5JIG7|PGK_THEKO,F0LN32,Q5JIG7,F0LN32,Q5JIG7
tr|F0LGU2|F0LGU2_THEBM,sp|Q5JE38|GPI_THEKO,F0LGU2,Q5JE38,F0LGU2,Q5JE38
tr|F0LGW4|F0LGW4_THEBM,tr|Q5JE40|Q5JE40_THEKO,F0LGW4,Q5JE40,F0LGW4,Q5JE40
tr|F0LGW8|F0LGW8_THEBM,sp|Q5JHC1|SYN_THEKO,F0LGW8,Q5JHC1,F0LGW8,Q5JHC1
tr|F0LGX1|F0LGX1_THEBM,tr|Q5JED8|Q5JED8_THEKO,F0LGX1,Q5JED8,F0LGX1,Q5JED8
tr|F0LGX2|F0LGX2_THEBM,sp|Q9V2W9|FLAB3_THEKO,F0LGX2,Q9V2W9,F0LGX2,Q9V2W9
tr|F0LGY4|F0LGY4_THEBM,tr|Q5JEE1|Q5JEE1_THEKO,F0LGY4,Q5JEE1,F0LGY4,Q5JEE1
tr|F0LGY5|F0LGY5_THEBM,tr|Q5JEE0|Q5JEE0_THEKO,F0LGY5,Q5JEE0,F0LGY5,Q5JEE0
tr|F0LGZ5|F0LGZ5_THEBM,sp|Q5JEG5|TRM56_THEKO,F0LGZ5,Q5JEG5,F0LGZ5,Q5JEG5
tr|F0LGZ9|F0LGZ9_THEBM,sp|Q5JEF8|NADM_THEKO,F0LGZ9,Q5JEF8,F0LGZ9,Q5JEF8
tr|F0LH34|F0LH34_THEBM,tr|Q5JFY2|Q5JFY2_THEKO,F0LH34,Q5JFY2,F0LH34,Q5JFY2
tr|F0LH47|F0LH47_THEBM,tr|Q5JE43|Q5JE43_THEKO,F0LH47,Q5JE43,F0LH47,Q5JE43
tr|F0LH55|F0LH55_THEBM,sp|Q5JI42|IF5A_THEKO,F0LH55,Q5JI42,F0LH55,Q5JI42
tr|F0LH57|F0LH57_THEBM,sp|Q5JI44|NEP1_THEKO,F0LH57,Q5JI44,F0LH57,Q5JI44
tr|F0LH63|F0LH63_THEBM,tr|Q5JI15|Q5JI15_THEKO,F0LH63,Q5JI15,F0LH63,Q5JI15
tr|F0LH64|F0LH64_THEBM,sp|Q5JI16|OTC_THEKO,F0LH64,Q5JI16,F0LH64,Q5JI16
tr|F0LH69|F0LH69_THEBM,sp|Q5JI21|APGM_THEKO,F0LH69,Q5JI21,F0LH69,Q5JI21
tr|F0LH90|F0LH90_THEBM,sp|Q5JIQ0|RTCA_THEKO,F0LH90,Q5JIQ0,F0LH90,Q5JIQ0
tr|F0LH95|F0LH95_THEBM,sp|Q5JIT0|IF2B_THEKO,F0LH95,Q5JIT0,F0LH95,Q5JIT0
tr|F0LHA1|F0LHA1_THEBM,tr|Q5JIS3|Q5JIS3_THEKO,F0LHA1,Q5JIS3,F0LHA1,Q5JIS3
tr|F0LHA7|F0LHA7_THEBM,sp|Q5JDJ0|RL3_THEKO,F0LHA7,Q5JDJ0,F0LHA7,Q5JDJ0
tr|F0LHA8|F0LHA8_THEBM,sp|Q5JDI0|RL4_THEKO,F0LHA8,Q5JDI0,F0LHA8,Q5JDI0
tr|F0LHA9|F0LHA9_THEBM,sp|Q5JDH1|RL23_THEKO,F0LHA9,Q5JDH1,F0LHA9,Q5JDH1
tr|F0LHB0|F0LHB0_THEBM,sp|Q5JDH2|RL2_THEKO,F0LHB0,Q5JDH2,F0LHB0,Q5JDH2
tr|F0LHB1|F0LHB1_THEBM,sp|Q5JDH3|RS19_THEKO,F0LHB1,Q5JDH3,F0LHB1,Q5JDH3
tr|F0LHB2|F0LHB2_THEBM,sp|Q5JDH4|RL22_THEKO,F0LHB2,Q5JDH4,F0LHB2,Q5JDH4
tr|F0LHB3|F0LHB3_THEBM,sp|Q5JDH5|RS3_THEKO,F0LHB3,Q5JDH5,F0LHB3,Q5JDH5
tr|F0LHB4|F0LHB4_THEBM,sp|Q5JDH6|RL29_THEKO,F0LHB4,Q5JDH6,F0LHB4,Q5JDH6
tr|F0LHB6|F0LHB6_THEBM,sp|Q5JDH8|RNP1_THEKO,F0LHB6,Q5JDH8,F0LHB6,Q5JDH8
tr|F0LHB7|F0LHB7_THEBM,sp|Q5JDH9|RS17_THEKO,F0LHB7,Q5JDH9,F0LHB7,Q5JDH9
tr|F0LHB8|F0LHB8_THEBM,sp|Q5JJF8|RL14_THEKO,F0LHB8,Q5JJF8,F0LHB8,Q5JJF8
tr|F0LHB9|F0LHB9_THEBM,sp|Q5JJF9|RL24_THEKO,F0LHB9,Q5JJF9,F0LHB9,Q5JJF9
tr|F0LHC0|F0LHC0_THEBM,sp|Q5JJG0|RS4E_THEKO,F0LHC0,Q5JJG0,F0LHC0,Q5JJG0
tr|F0LHC1|F0LHC1_THEBM,sp|Q5JJG1|RL5_THEKO,F0LHC1,Q5JJG1,F0LHC1,Q5JJG1
tr|F0LHC2|F0LHC2_THEBM,sp|Q5JJG2|RS14Z_THEKO,F0LHC2,Q5JJG2,F0LHC2,Q5JJG2
tr|F0LHC3|F0LHC3_THEBM,sp|Q5JJG3|RS8_THEKO,F0LHC3,Q5JJG3,F0LHC3,Q5JJG3
tr|F0LHC4|F0LHC4_THEBM,sp|Q5JJG4|RL6_THEKO,F0LHC4,Q5JJG4,F0LHC4,Q5JJG4
tr|F0LHC6|F0LHC6_THEBM,sp|Q5JGG6|LMRAC_THEKO,F0LHC6,Q5JGG6,F0LHC6,Q5JGG6
tr|F0LHD3|F0LHD3_THEBM,sp|Q9HHC9|FTSZ2_THEKO,F0LHD3,Q9HHC9,F0LHD3,Q9HHC9
tr|F0LHE6|F0LHE6_THEBM,sp|Q5JEY0|DHYS_THEKO,F0LHE6,Q5JEY0,F0LHE6,Q5JEY0
tr|F0LHE9|F0LHE9_THEBM,sp|Q5JFM9|R15PI_THEKO,F0LHE9,Q5JFM9,F0LHE9,Q5JFM9
tr|F0LHF0|F0LHF0_THEBM,sp|Q5JFN1|FLPA_THEKO,F0LHF0,Q5JFN1,F0LHF0,Q5JFN1
tr|F0LHG0|F0LHG0_THEBM,sp|Q52366|TBP_THEKO,F0LHG0,Q52366,F0LHG0,Q52366
tr|F0LHG2|F0LHG2_THEBM,sp|O07836|IORB_THEKO,F0LHG2,O07836,F0LHG2,O07836
tr|F0LHG3|F0LHG3_THEBM,sp|O07835|IORA_THEKO,F0LHG3,O07835,F0LHG3,O07835
tr|F0LHG9|F0LHG9_THEBM,sp|Q5JFE7|DPHB_THEKO,F0LHG9,Q5JFE7,F0LHG9,Q5JFE7
tr|F0LHH7|F0LHH7_THEBM,tr|Q5JIX5|Q5JIX5_THEKO,F0LHH7,Q5JIX5,F0LHH7,Q5JIX5
tr|F0LHJ3|F0LHJ3_THEBM,sp|Q5JFI4|PDAD_THEKO,F0LHJ3,Q5JFI4,F0LHJ3,Q5JFI4
tr|F0LHK4|F0LHK4_THEBM,sp|Q5JJG6|RL19E_THEKO,F0LHK4,Q5JJG6,F0LHK4,Q5JJG6
tr|F0LHK5|F0LHK5_THEBM,sp|Q5JJG7|RL18_THEKO,F0LHK5,Q5JJG7,F0LHK5,Q5JJG7
tr|F0LHK6|F0LHK6_THEBM,sp|Q5JJG8|RS5_THEKO,F0LHK6,Q5JJG8,F0LHK6,Q5JJG8
tr|F0LHK7|F0LHK7_THEBM,sp|Q5JJG9|RL30_THEKO,F0LHK7,Q5JJG9,F0LHK7,Q5JJG9
tr|F0LHK8|F0LHK8_THEBM,sp|Q5JJH0|RL15_THEKO,F0LHK8,Q5JJH0,F0LHK8,Q5JJH0
tr|F0LHK9|F0LHK9_THEBM,tr|Q5JJH1|Q5JJH1_THEKO,F0LHK9,Q5JJH1,F0LHK9,Q5JJH1
tr|F0LHL0|F0LHL0_THEBM,sp|Q5JJH2|KADA_THEKO,F0LHL0,Q5JJH2,F0LHL0,Q5JJH2
tr|F0LHL3|F0LHL3_THEBM,sp|Q5JJE3|KCY_THEKO,F0LHL3,Q5JJE3,F0LHL3,Q5JJE3
tr|F0LHL4|F0LHL4_THEBM,sp|Q5JJE4|RL14E_THEKO,F0LHL4,Q5JJE4,F0LHL4,Q5JJE4
tr|F0LHM1|F0LHM1_THEBM,sp|Q5JJF1|RS13_THEKO,F0LHM1,Q5JJF1,F0LHM1,Q5JJF1
tr|F0LHM2|F0LHM2_THEBM,sp|Q5JJF2|RS4_THEKO,F0LHM2,Q5JJF2,F0LHM2,Q5JJF2
tr|F0LHM3|F0LHM3_THEBM,sp|Q5JJF3|RS11_THEKO,F0LHM3,Q5JJF3,F0LHM3,Q5JJF3
tr|F0LHM6|F0LHM6_THEBM,sp|Q5JJF6|RL13_THEKO,F0LHM6,Q5JJF6,F0LHM6,Q5JJF6
tr|F0LHM7|F0LHM7_THEBM,sp|Q5JJE2|RS9_THEKO,F0LHM7,Q5JJE2,F0LHM7,Q5JJE2
tr|F0LHN0|F0LHN0_THEBM,tr|Q5JJD1|Q5JJD1_THEKO,F0LHN0,Q5JJD1,F0LHN0,Q5JJD1
tr|F0LHN7|F0LHN7_THEBM,tr|Q5JJC7|Q5JJC7_THEKO,F0LHN7,Q5JJC7,F0LHN7,Q5JJC7
tr|F0LHN9|F0LHN9_THEBM,tr|Q5JH57|Q5JH57_THEKO,F0LHN9,Q5JH57,F0LHN9,Q5JH57
tr|F0LHP4|F0LHP4_THEBM,sp|Q8NKR7|SYL_THEKO,F0LHP4,Q8NKR7,F0LHP4,Q8NKR7
tr|F0LHP5|F0LHP5_THEBM,sp|Q5JH43|RL15E_THEKO,F0LHP5,Q5JH43,F0LHP5,Q5JH43
tr|F0LHP9|F0LHP9_THEBM,sp|Q5JH47|RNP3_THEKO,F0LHP9,Q5JH47,F0LHP9,Q5JH47
tr|F0LHQ0|F0LHQ0_THEBM,sp|Q5JDJ1|TRPB2_THEKO,F0LHQ0,Q5JDJ1,F0LHQ0,Q5JDJ1
tr|F0LHQ2|F0LHQ2_THEBM,sp|Q5JJ62|RNP2_THEKO,F0LHQ2,Q5JJ62,F0LHQ2,Q5JJ62
tr|F0LHQ3|F0LHQ3_THEBM,sp|Q5JIU9|PSA_THEKO,F0LHQ3,Q5JIU9,F0LHQ3,Q5JIU9
tr|F0LHQ5|F0LHQ5_THEBM,sp|Q5JIR5|RRP4_THEKO,F0LHQ5,Q5JIR5,F0LHQ5,Q5JIR5
tr|F0LHQ7|F0LHQ7_THEBM,sp|Q5JIR7|RRP42_THEKO,F0LHQ7,Q5JIR7,F0LHQ7,Q5JIR7
tr|F0LHQ8|F0LHQ8_THEBM,sp|Q5JDM6|RL37A_THEKO,F0LHQ8,Q5JDM6,F0LHQ8,Q5JDM6
tr|F0LHR2|F0LHR2_THEBM,sp|Q5JF85|PFDB_THEKO,F0LHR2,Q5JF85,F0LHR2,Q5JF85
tr|F0LHS2|F0LHS2_THEBM,sp|Q5JH27|RFRNP_THEKO,F0LHS2,Q5JH27,F0LHS2,Q5JH27
tr|F0LHT1|F0LHT1_THEBM,tr|Q5JII4|Q5JII4_THEKO,F0LHT1,Q5JII4,F0LHT1,Q5JII4
tr|F0LHT9|F0LHT9_THEBM,sp|Q5JIH3|HYPA_THEKO,F0LHT9,Q5JIH3,F0LHT9,Q5JIH3
tr|F0LHU0|F0LHU0_THEBM,tr|Q5JIH4|Q5JIH4_THEKO,F0LHU0,Q5JIH4,F0LHU0,Q5JIH4
tr|F0LHU2|F0LHU2_THEBM,sp|Q5JIZ3|BPSA_THEKO,F0LHU2,Q5JIZ3,F0LHU2,Q5JIZ3
tr|F0LHU6|F0LHU6_THEBM,sp|Q5JIZ8|PPS_THEKO,F0LHU6,Q5JIZ8,F0LHU6,Q5JIZ8
tr|F0LHV2|F0LHV2_THEBM,tr|Q5JDF4|Q5JDF4_THEKO,F0LHV2,Q5JDF4,F0LHV2,Q5JDF4
tr|F0LI10|F0LI10_THEBM,sp|Q5JHN0|PYRI_THEKO,F0LI10,Q5JHN0,F0LI10,Q5JHN0
tr|F0LI12|F0LI12_THEBM,sp|Q5JH30|DTDA_THEKO,F0LI12,Q5JH30,F0LI12,Q5JH30
tr|F0LI13|F0LI13_THEBM,sp|Q5JH31|FTSZ1_THEKO,F0LI13,Q5JH31,F0LI13,Q5JH31
tr|F0LI14|F0LI14_THEBM,sp|Q5JH32|SECE_THEKO,F0LI14,Q5JH32,F0LI14,Q5JH32
tr|F0LI15|F0LI15_THEBM,sp|Q5JH33|SPT5_THEKO,F0LI15,Q5JH33,F0LI15,Q5JH33
tr|F0LI16|F0LI16_THEBM,sp|Q5JH34|RL11_THEKO,F0LI16,Q5JH34,F0LI16,Q5JH34
tr|F0LI17|F0LI17_THEBM,sp|Q5JH35|RL1_THEKO,F0LI17,Q5JH35,F0LI17,Q5JH35
tr|F0LI18|F0LI18_THEBM,sp|Q5JH36|RL10_THEKO,F0LI18,Q5JH36,F0LI18,Q5JH36
tr|F0LI19|F0LI19_THEBM,tr|Q5JH09|Q5JH09_THEKO,F0LI19,Q5JH09,F0LI19,Q5JH09
tr|F0LI27|F0LI27_THEBM,sp|Q5JH14|DNAG_THEKO,F0LI27,Q5JH14,F0LI27,Q5JH14
tr|F0LI28|F0LI28_THEBM,sp|Q5JH21|KTHY_THEKO,F0LI28,Q5JH21,F0LI28,Q5JH21
tr|F0LI34|F0LI34_THEBM,tr|Q5JH18|Q5JH18_THEKO,F0LI34,Q5JH18,F0LI34,Q5JH18
tr|F0LI39|F0LI39_THEBM,sp|Q5JH16|SYE_THEKO,F0LI39,Q5JH16,F0LI39,Q5JH16
tr|F0LI61|F0LI61_THEBM,sp|Q5JGX5|GCSPA_THEKO,F0LI61,Q5JGX5,F0LI61,Q5JGX5
tr|F0LI64|F0LI64_THEBM,tr|Q5JE32|Q5JE32_THEKO,F0LI64,Q5JE32,F0LI64,Q5JE32
tr|F0LI67|F0LI67_THEBM,sp|Q5JE35|RL30E_THEKO,F0LI67,Q5JE35,F0LI67,Q5JE35
tr|F0LI68|F0LI68_THEBM,tr|Q5JE36|Q5JE36_THEKO,F0LI68,Q5JE36,F0LI68,Q5JE36
tr|F0LI69|F0LI69_THEBM,sp|Q5JE20|RS12_THEKO,F0LI69,Q5JE20,F0LI69,Q5JE20
tr|F0LI70|F0LI70_THEBM,sp|Q5JE04|RS7_THEKO,F0LI70,Q5JE04,F0LI70,Q5JE04
tr|F0LI74|F0LI74_THEBM,sp|Q5JJC1|UDP_THEKO,F0LI74,Q5JJC1,F0LI74,Q5JJC1
tr|F0LI84|F0LI84_THEBM,tr|Q5JIJ0|Q5JIJ0_THEKO,F0LI84,Q5JIJ0,F0LI84,Q5JIJ0
tr|F0LI90|F0LI90_THEBM,sp|Q68BJ7|GLMM_THEKO,F0LI90,Q68BJ7,F0LI90,Q68BJ7
tr|F0LIB0|F0LIB0_THEBM,tr|Q5JHI9|Q5JHI9_THEKO,F0LIB0,Q5JHI9,F0LIB0,Q5JHI9
tr|F0LIE6|F0LIE6_THEBM,tr|Q5JHX1|Q5JHX1_THEKO,F0LIE6,Q5JHX1,F0LIE6,Q5JHX1
tr|F0LIG2|F0LIG2_THEBM,sp|Q5JJC8|SRP54_THEKO,F0LIG2,Q5JJC8,F0LIG2,Q5JJC8
tr|F0LIH4|F0LIH4_THEBM,sp|Q5JJD3|RL40_THEKO,F0LIH4,Q5JJD3,F0LIH4,Q5JJD3
tr|F0LII5|F0LII5_THEBM,tr|Q5JID5|Q5JID5_THEKO,F0LII5,Q5JID5,F0LII5,Q5JID5
tr|F0LIJ2|F0LIJ2_THEBM,sp|Q8J308|ALF1_THEKO,F0LIJ2,Q8J308,F0LIJ2,Q8J308
tr|F0LIK1|F0LIK1_THEBM,sp|Q5JID8|SYG_THEKO,F0LIK1,Q5JID8,F0LIK1,Q5JID8
tr|F0LIK3|F0LIK3_THEBM,sp|Q5JIE1|RL37_THEKO,F0LIK3,Q5JIE1,F0LIK3,Q5JIE1
tr|F0LIK9|F0LIK9_THEBM,sp|Q5JIB3|TRM1_THEKO,F0LIK9,Q5JIB3,F0LIK9,Q5JIB3
tr|F0LIL1|F0LIL1_THEBM,tr|Q5JIB6|Q5JIB6_THEKO,F0LIL1,Q5JIB6,F0LIL1,Q5JIB6
tr|F0LIL4|F0LIL4_THEBM,sp|Q5JIB9|PELO_THEKO,F0LIL4,Q5JIB9,F0LIL4,Q5JIB9
tr|F0LIL9|F0LIL9_THEBM,tr|Q5JIC6|Q5JIC6_THEKO,F0LIL9,Q5JIC6,F0LIL9,Q5JIC6
tr|F0LIM2|F0LIM2_THEBM,tr|Q5JD88|Q5JD88_THEKO,F0LIM2,Q5JD88,F0LIM2,Q5JD88
tr|F0LIM3|F0LIM3_THEBM,tr|Q5JD89|Q5JD89_THEKO,F0LIM3,Q5JD89,F0LIM3,Q5JD89
tr|F0LIM8|F0LIM8_THEBM,tr|Q5JD92|Q5JD92_THEKO,F0LIM8,Q5JD92,F0LIM8,Q5JD92
tr|F0LIN0|F0LIN0_THEBM,tr|Q5JD96|Q5JD96_THEKO,F0LIN0,Q5JD96,F0LIN0,Q5JD96
tr|F0LIP2|F0LIP2_THEBM,sp|Q5JGS5|SRP19_THEKO,F0LIP2,Q5JGS5,F0LIP2,Q5JGS5
tr|F0LIP8|F0LIP8_THEBM,sp|Q5JFJ9|GCSH_THEKO,F0LIP8,Q5JFJ9,F0LIP8,Q5JFJ9
tr|F0LIR1|F0LIR1_THEBM,sp|Q5JEW1|ORNAT_THEKO,F0LIR1,Q5JEW1,F0LIR1,Q5JEW1
tr|F0LIS3|F0LIS3_THEBM,sp|Q5JDD5|TFE_THEKO,F0LIS3,Q5JDD5,F0LIS3,Q5JDD5
tr|F0LIS6|F0LIS6_THEBM,tr|Q5JDD8|Q5JDD8_THEKO,F0LIS6,Q5JDD8,F0LIS6,Q5JDD8
tr|F0LIS8|F0LIS8_THEBM,tr|Q5JIJ7|Q5JIJ7_THEKO,F0LIS8,Q5JIJ7,F0LIS8,Q5JIJ7
tr|F0LIT3|F0LIT3_THEBM,sp|Q5JIK2|PORC_THEKO,F0LIT3,Q5JIK2,F0LIT3,Q5JIK2
tr|F0LIT5|F0LIT5_THEBM,sp|Q5JGB4|HFLX_THEKO,F0LIT5,Q5JGB4,F0LIT5,Q5JGB4
tr|F0LIT6|F0LIT6_THEBM,sp|Q5JGB7|NAC_THEKO,F0LIT6,Q5JGB7,F0LIT6,Q5JGB7
tr|F0LIV8|F0LIV8_THEBM,sp|Q5JDG3|GCST_THEKO,F0LIV8,Q5JDG3,F0LIV8,Q5JDG3
tr|F0LIV9|F0LIV9_THEBM,sp|Q5JES6|TYW32_THEKO,F0LIV9,Q5JES6,F0LIV9,Q5JES6
tr|F0LIW3|F0LIW3_THEBM,tr|Q5JHE5|Q5JHE5_THEKO,F0LIW3,Q5JHE5,F0LIW3,Q5JHE5
tr|F0LIX1|F0LIX1_THEBM,sp|Q5JF34|TFS_THEKO,F0LIX1,Q5JF34,F0LIX1,Q5JF34
tr|F0LIX3|F0LIX3_THEBM,sp|Q5JF32|PCNA1_THEKO,F0LIX3,Q5JF32,F0LIX3,Q5JF32
tr|F0LIX8|F0LIX8_THEBM,tr|Q5JHZ4|Q5JHZ4_THEKO,F0LIX8,Q5JHZ4,F0LIX8,Q5JHZ4
tr|F0LIY5|F0LIY5_THEBM,tr|Q5JF10|Q5JF10_THEKO,F0LIY5,Q5JF10,F0LIY5,Q5JF10
tr|F0LIZ1|F0LIZ1_THEBM,tr|Q5JDY7|Q5JDY7_THEKO,F0LIZ1,Q5JDY7,F0LIZ1,Q5JDY7
tr|F0LJ04|F0LJ04_THEBM,sp|Q5JE51|RL44E_THEKO,F0LJ04,Q5JE51,F0LJ04,Q5JE51
tr|F0LJ05|F0LJ05_THEBM,sp|Q5JE50|RS27_THEKO,F0LJ05,Q5JE50,F0LJ05,Q5JE50
tr|F0LJ07|F0LJ07_THEBM,sp|Q5JE49|IF2A_THEKO,F0LJ07,Q5JE49,F0LJ07,Q5JE49
tr|F0LJ08|F0LJ08_THEBM,sp|Q5JE48|NOP10_THEKO,F0LJ08,Q5JE48,F0LJ08,Q5JE48
tr|F0LJ22|F0LJ22_THEBM,sp|Q5JI54|RSMA_THEKO,F0LJ22,Q5JI54,F0LJ22,Q5JI54
tr|F0LJ24|F0LJ24_THEBM,tr|Q5JI52|Q5JI52_THEKO,F0LJ24,Q5JI52,F0LJ24,Q5JI52
tr|F0LJ25|F0LJ25_THEBM,sp|Q5JI51|RL21_THEKO,F0LJ25,Q5JI51,F0LJ25,Q5JI51
tr|F0LJ26|F0LJ26_THEBM,tr|Q5JI50|Q5JI50_THEKO,F0LJ26,Q5JI50,F0LJ26,Q5JI50
tr|F0LJ28|F0LJ28_THEBM,sp|Q5JI77|GATD_THEKO,F0LJ28,Q5JI77,F0LJ28,Q5JI77
tr|F0LJ29|F0LJ29_THEBM,sp|Q5JI74|GATE_THEKO,F0LJ29,Q5JI74,F0LJ29,Q5JI74
tr|F0LJ32|F0LJ32_THEBM,tr|Q5JI71|Q5JI71_THEKO,F0LJ32,Q5JI71,F0LJ32,Q5JI71
tr|F0LJ42|F0LJ42_THEBM,tr|Q5JI90|Q5JI90_THEKO,F0LJ42,Q5JI90,F0LJ42,Q5JI90
tr|F0LJ43|F0LJ43_THEBM,tr|Q5JFW5|Q5JFW5_THEKO,F0LJ43,Q5JFW5,F0LJ43,Q5JFW5
tr|F0LJ46|F0LJ46_THEBM,sp|Q5JH53|KHSE_THEKO,F0LJ46,Q5JH53,F0LJ46,Q5JH53
tr|F0LJ60|F0LJ60_THEBM,tr|Q5JFJ1|Q5JFJ1_THEKO,F0LJ60,Q5JFJ1,F0LJ60,Q5JFJ1
tr|F0LJ76|F0LJ76_THEBM,sp|P77933|DPOL_THEKO,F0LJ76,P77933,F0LJ76,P77933
tr|F0LJ98|F0LJ98_THEBM,tr|Q5JIU3|Q5JIU3_THEKO,F0LJ98,Q5JIU3,F0LJ98,Q5JIU3
tr|F0LJA7|F0LJA7_THEBM,tr|Q5JJ58|Q5JJ58_THEKO,F0LJA7,Q5JJ58,F0LJA7,Q5JJ58
tr|F0LJC5|F0LJC5_THEBM,sp|Q5JJ73|PRIL_THEKO,F0LJC5,Q5JJ73,F0LJC5,Q5JJ73
tr|F0LJC7|F0LJC7_THEBM,tr|Q5JH52|Q5JH52_THEKO,F0LJC7,Q5JH52,F0LJC7,Q5JH52
tr|F0LJD5|F0LJD5_THEBM,sp|Q5JFT2|AROK_THEKO,F0LJD5,Q5JFT2,F0LJD5,Q5JFT2
tr|F0LJD8|F0LJD8_THEBM,tr|Q5JFT5|Q5JFT5_THEKO,F0LJD8,Q5JFT5,F0LJD8,Q5JFT5
tr|F0LJE3|F0LJE3_THEBM,sp|Q5JFU6|HIS8_THEKO,F0LJE3,Q5JFU6,F0LJE3,Q5JFU6
tr|F0LJE6|F0LJE6_THEBM,sp|Q5JFU9|HIS4_THEKO,F0LJE6,Q5JFU9,F0LJE6,Q5JFU9
tr|F0LJF0|F0LJF0_THEBM,sp|Q5JFR6|HIS1_THEKO,F0LJF0,Q5JFR6,F0LJF0,Q5JFR6
tr|F0LJF4|F0LJF4_THEBM,tr|Q5JI80|Q5JI80_THEKO,F0LJF4,Q5JI80,F0LJF4,Q5JI80
tr|F0LJF6|F0LJF6_THEBM,tr|Q5JE94|Q5JE94_THEKO,F0LJF6,Q5JE94,F0LJF6,Q5JE94
tr|F0LJG2|F0LJG2_THEBM,sp|Q5JDW9|PGK2_THEKO,F0LJG2,Q5JDW9,F0LJG2,Q5JDW9
tr|F0LJG3|F0LJG3_THEBM,sp|Q5JDW8|CPGS_THEKO,F0LJG3,Q5JDW8,F0LJG3,Q5JDW8
tr|F0LJH3|F0LJH3_THEBM,sp|Q5JF03|FLUC_THEKO,F0LJH3,Q5JF03,F0LJH3,Q5JF03
tr|F0LJI2|F0LJI2_THEBM,tr|Q5JGA0|Q5JGA0_THEKO,F0LJI2,Q5JGA0,F0LJI2,Q5JGA0
tr|F0LJI9|F0LJI9_THEBM,sp|Q5JGA9|CAS1_THEKO,F0LJI9,Q5JGA9,F0LJI9,Q5JGA9
tr|F0LJJ0|F0LJJ0_THEBM,sp|Q5JD44|CAS2_THEKO,F0LJJ0,Q5JD44,F0LJJ0,Q5JD44
tr|F0LJJ8|F0LJJ8_THEBM,sp|Q5JE88|RPO11_THEKO,F0LJJ8,Q5JE88,F0LJJ8,Q5JE88
tr|F0LJK0|F0LJK0_THEBM,tr|Q5JE86|Q5JE86_THEKO,F0LJK0,Q5JE86,F0LJK0,Q5JE86
tr|F0LJL2|F0LJL2_THEBM,sp|O08467|GLNA_THEKO,F0LJL2,O08467,F0LJL2,O08467
tr|F0LJM7|F0LJM7_THEBM,sp|Q5JIR1|AATD_THEKO,F0LJM7,Q5JIR1,F0LJM7,Q5JIR1
tr|F0LJM8|F0LJM8_THEBM,sp|Q5JIR2|AATB_THEKO,F0LJM8,Q5JIR2,F0LJM8,Q5JIR2
tr|F0LJN0|F0LJN0_THEBM,sp|Q5JIR4|AATF_THEKO,F0LJN0,Q5JIR4,F0LJN0,Q5JIR4
tr|F0LJN1|F0LJN1_THEBM,sp|Q5JDR9|AATC_THEKO,F0LJN1,Q5JDR9,F0LJN1,Q5JDR9
tr|F0LJN2|F0LJN2_THEBM,sp|Q5JDS0|AATE_THEKO,F0LJN2,Q5JDS0,F0LJN2,Q5JDS0
tr|F0LJN4|F0LJN4_THEBM,sp|Q5JDS2|AATI_THEKO,F0LJN4,Q5JDS2,F0LJN4,Q5JDS2
tr|F0LJN7|F0LJN7_THEBM,tr|Q5JDS5|Q5JDS5_THEKO,F0LJN7,Q5JDS5,F0LJN7,Q5JDS5
tr|F0LJN8|F0LJN8_THEBM,tr|Q5JDS6|Q5JDS6_THEKO,F0LJN8,Q5JDS6,F0LJN8,Q5JDS6
tr|F0LJP6|F0LJP6_THEBM,tr|Q5JIP3|Q5JIP3_THEKO,F0LJP6,Q5JIP3,F0LJP6,Q5JIP3
tr|F0LJQ4|F0LJQ4_THEBM,sp|Q5JIM2|SYH_THEKO,F0LJQ4,Q5JIM2,F0LJQ4,Q5JIM2
tr|F0LJR2|F0LJR2_THEBM,tr|Q5JET7|Q5JET7_THEKO,F0LJR2,Q5JET7,F0LJR2,Q5JET7
tr|F0LJS2|F0LJS2_THEBM,tr|Q5JES4|Q5JES4_THEKO,F0LJS2,Q5JES4,F0LJS2,Q5JES4
tr|F0LJT9|F0LJT9_THEBM,sp|Q5JH81|TOP6B_THEKO,F0LJT9,Q5JH81,F0LJT9,Q5JH81
tr|F0LJU1|F0LJU1_THEBM,tr|Q5JH79|Q5JH79_THEKO,F0LJU1,Q5JH79,F0LJU1,Q5JH79
tr|F0LJW2|F0LJW2_THEBM,sp|Q5JD45|SYC_THEKO,F0LJW2,Q5JD45,F0LJW2,Q5JD45
tr|F0LJW4|F0LJW4_THEBM,tr|Q5JD48|Q5JD48_THEKO,F0LJW4,Q5JD48,F0LJW4,Q5JD48
tr|F0LJW8|F0LJW8_THEBM,tr|Q5JD37|Q5JD37_THEKO,F0LJW8,Q5JD37,F0LJW8,Q5JD37
tr|F0LJY3|F0LJY3_THEBM,tr|Q5JI23|Q5JI23_THEKO,F0LJY3,Q5JI23,F0LJY3,Q5JI23
tr|F0LJY5|F0LJY5_THEBM,sp|Q5JI24|COBD_THEKO,F0LJY5,Q5JI24,F0LJY5,Q5JI24
tr|F0LJZ5|F0LJZ5_THEBM,sp|O33475|COBQ_THEKO,F0LJZ5,O33475,F0LJZ5,O33475
tr|F0LK10|F0LK10_THEBM,sp|Q5JF22|METK_THEKO,F0LK10,Q5JF22,F0LK10,Q5JF22
tr|F0LK12|F0LK12_THEBM,sp|Q5JG26|KAD6_THEKO,F0LK12,Q5JG26,F0LK12,Q5JG26
tr|F0LK13|F0LK13_THEBM,sp|Q5JEZ8|HTPX_THEKO,F0LK13,Q5JEZ8,F0LK13,Q5JEZ8
tr|F0LK15|F0LK15_THEBM,tr|Q5JF46|Q5JF46_THEKO,F0LK15,Q5JF46,F0LK15,Q5JF46
tr|F0LK37|F0LK37_THEBM,sp|Q5JHX4|Y2061_THEKO,F0LK37,Q5JHX4,F0LK37,Q5JHX4
tr|F0LK59|F0LK59_THEBM,sp|Q5JHE8|COAD_THEKO,F0LK59,Q5JHE8,F0LK59,Q5JHE8
tr|F0LK67|F0LK67_THEBM,tr|Q5JEW7|Q5JEW7_THEKO,F0LK67,Q5JEW7,F0LK67,Q5JEW7
tr|F0LK74|F0LK74_THEBM,sp|Q5JEX0|CDPAS_THEKO,F0LK74,Q5JEX0,F0LK74,Q5JEX0
tr|F0LKA2|F0LKA2_THEBM,sp|P61111|THSA_THEKO,F0LKA2,P61111,F0LKA2,P61111
tr|F0LKA3|F0LKA3_THEBM,tr|Q5JEZ6|Q5JEZ6_THEKO,F0LKA3,Q5JEZ6,F0LKA3,Q5JEZ6
tr|F0LKA4|F0LKA4_THEBM,tr|Q5JEZ3|Q5JEZ3_THEKO,F0LKA4,Q5JEZ3,F0LKA4,Q5JEZ3
tr|F0LKC2|F0LKC2_THEBM,sp|Q5JFZ5|RS10_THEKO,F0LKC2,Q5JFZ5,F0LKC2,Q5JFZ5
tr|F0LKC3|F0LKC3_THEBM,sp|Q5JFZ4|EF1A_THEKO,F0LKC3,Q5JFZ4,F0LKC3,Q5JFZ4
tr|F0LKC5|F0LKC5_THEBM,sp|Q5JFZ3|EF2_THEKO,F0LKC5,Q5JFZ3,F0LKC5,Q5JFZ3
tr|F0LKC6|F0LKC6_THEBM,sp|Q5JE78|SURE_THEKO,F0LKC6,Q5JE78,F0LKC6,Q5JE78
tr|F0LKD0|F0LKD0_THEBM,tr|Q5JE85|Q5JE85_THEKO,F0LKD0,Q5JE85,F0LKD0,Q5JE85
tr|F0LKD3|F0LKD3_THEBM,tr|Q5JE59|Q5JE59_THEKO,F0LKD3,Q5JE59,F0LKD3,Q5JE59
tr|F0LKD8|F0LKD8_THEBM,tr|Q5JD70|Q5JD70_THEKO,F0LKD8,Q5JD70,F0LKD8,Q5JD70
tr|F0LKE2|F0LKE2_THEBM,sp|Q5JF42|NTPTH_THEKO,F0LKE2,Q5JF42,F0LKE2,Q5JF42
tr|F0LKE4|F0LKE4_THEBM,tr|Q5JF43|Q5JF43_THEKO,F0LKE4,Q5JF43,F0LKE4,Q5JF43
tr|F0LKL5|F0LKL5_THEBM,sp|Q5JET2|CDC6_THEKO,F0LKL5,Q5JET2,F0LKL5,Q5JET2
tr|F0LKL7|F0LKL7_THEBM,sp|Q5JET4|RADA_THEKO,F0LKL7,Q5JET4,F0LKL7,Q5JET4
tr|F0LKL8|F0LKL8_THEBM,sp|Q5JER9|NUCS_THEKO,F0LKL8,Q5JER9,F0LKL8,Q5JER9
tr|F0LKM2|F0LKM2_THEBM,sp|Q5JER0|MTAD_THEKO,F0LKM2,Q5JER0,F0LKM2,Q5JER0
tr|F0LKM9|F0LKM9_THEBM,sp|Q5JEP3|SYW_THEKO,F0LKM9,Q5JEP3,F0LKM9,Q5JEP3
tr|F0LKP3|F0LKP3_THEBM,tr|Q5JEN3|Q5JEN3_THEKO,F0LKP3,Q5JEN3,F0LKP3,Q5JEN3
tr|F0LKQ6|F0LKQ6_THEBM,sp|Q5JF45|TRMY_THEKO,F0LKQ6,Q5JF45,F0LKQ6,Q5JF45
tr|F0LKR3|F0LKR3_THEBM,tr|Q5JH70|Q5JH70_THEKO,F0LKR3,Q5JH70,F0LKR3,Q5JH70
tr|F0LKT1|F0LKT1_THEBM,sp|Q5JDJ4|NIKR_THEKO,F0LKT1,Q5JDJ4,F0LKT1,Q5JDJ4
tr|F0LKT8|F0LKT8_THEBM,sp|Q5JGD6|AMZA_THEKO,F0LKT8,Q5JGD6,F0LKT8,Q5JGD6
tr|F0LKU7|F0LKU7_THEBM,tr|Q5JGF6|Q5JGF6_THEKO,F0LKU7,Q5JGF6,F0LKU7,Q5JGF6
tr|F0LKU8|F0LKU8_THEBM,tr|Q5JGF5|Q5JGF5_THEKO,F0LKU8,Q5JGF5,F0LKU8,Q5JGF5
tr|F0LKV2|F0LKV2_THEBM,sp|Q5JGF3|RS8E_THEKO,F0LKV2,Q5JGF3,F0LKV2,Q5JGF3
tr|F0LKW4|F0LKW4_THEBM,sp|Q5JGN7|SYV_THEKO,F0LKW4,Q5JGN7,F0LKW4,Q5JGN7
tr|F0LKX4|F0LKX4_THEBM,sp|Q5JF49|SYP_THEKO,F0LKX4,Q5JF49,F0LKX4,Q5JF49
tr|F0LKX9|F0LKX9_THEBM,tr|Q5JEL0|Q5JEL0_THEKO,F0LKX9,Q5JEL0,F0LKX9,Q5JEL0
tr|F0LKY5|F0LKY5_THEBM,sp|Q5JEL5|PCP_THEKO,F0LKY5,Q5JEL5,F0LKY5,Q5JEL5
tr|F0LL06|F0LL06_THEBM,sp|Q5JJ82|MFNA_THEKO,F0LL06,Q5JJ82,F0LL06,Q5JJ82
tr|F0LL22|F0LL22_THEBM,sp|Q5JHF4|PYRE_THEKO,F0LL22,Q5JHF4,F0LL22,Q5JHF4
tr|F0LL24|F0LL24_THEBM,sp|Q5JHF1|POK_THEKO,F0LL24,Q5JHF1,F0LL24,Q5JHF1
tr|F0LL73|F0LL73_THEBM,sp|Q5JDB7|PGP_THEKO,F0LL73,Q5JDB7,F0LL73,Q5JDB7
tr|F0LL74|F0LL74_THEBM,sp|Q5JDB6|TRUD_THEKO,F0LL74,Q5JDB6,F0LL74,Q5JDB6
tr|F0LL75|F0LL75_THEBM,sp|Q5JDB8|PTH_THEKO,F0LL75,Q5JDB8,F0LL75,Q5JDB8
tr|F0LL84|F0LL84_THEBM,tr|Q5JD63|Q5JD63_THEKO,F0LL84,Q5JD63,F0LL84,Q5JD63
tr|F0LL94|F0LL94_THEBM,tr|Q5JG99|Q5JG99_THEKO,F0LL94,Q5JG99,F0LL94,Q5JG99
tr|F0LL95|F0LL95_THEBM,tr|Q76I93|Q76I93_THEKO,F0LL95,Q76I93,F0LL95,Q76I93
tr|F0LLA0|F0LLA0_THEBM,tr|Q5JDZ1|Q5JDZ1_THEKO,F0LLA0,Q5JDZ1,F0LLA0,Q5JDZ1
tr|F0LLC2|F0LLC2_THEBM,tr|Q5JEB7|Q5JEB7_THEKO,F0LLC2,Q5JEB7,F0LLC2,Q5JEB7
tr|F0LLE5|F0LLE5_THEBM,sp|Q5JDN5|DGGGP_THEKO,F0LLE5,Q5JDN5,F0LLE5,Q5JDN5
tr|F0LLE6|F0LLE6_THEBM,sp|Q5JDN6|PRNK_THEKO,F0LLE6,Q5JDN6,F0LLE6,Q5JDN6
tr|F0LLF0|F0LLF0_THEBM,tr|Q5JDM9|Q5JDM9_THEKO,F0LLF0,Q5JDM9,F0LLF0,Q5JDM9
tr|F0LLF2|F0LLF2_THEBM,sp|Q5JDK7|SECG_THEKO,F0LLF2,Q5JDK7,F0LLF2,Q5JDK7
tr|F0LLF6|F0LLF6_THEBM,sp|Q5JIY3|IPYR_THEKO,F0LLF6,Q5JIY3,F0LLF6,Q5JIY3
tr|F0LLF8|F0LLF8_THEBM,sp|Q5JIY5|SPT4_THEKO,F0LLF8,Q5JIY5,F0LLF8,Q5JIY5
tr|F0LLF9|F0LLF9_THEBM,sp|Q5JIY7|DPCKG_THEKO,F0LLF9,Q5JIY7,F0LLF9,Q5JIY7
tr|F0LLG1|F0LLG1_THEBM,sp|Q5JIY9|RS27A_THEKO,F0LLG1,Q5JIY9,F0LLG1,Q5JIY9
tr|F0LLG4|F0LLG4_THEBM,tr|Q5JIY0|Q5JIY0_THEKO,F0LLG4,Q5JIY0,F0LLG4,Q5JIY0
tr|F0LLG6|F0LLG6_THEBM,sp|Q9HHD0|CETZ_THEKO,F0LLG6,Q9HHD0,F0LLG6,Q9HHD0
tr|F0LLH5|F0LLH5_THEBM,sp|Q5JFM4|GUAAA_THEKO,F0LLH5,Q5JFM4,F0LLH5,Q5JFM4
tr|F0LLH6|F0LLH6_THEBM,sp|Q5JFM1|GUAAB_THEKO,F0LLH6,Q5JFM1,F0LLH6,Q5JFM1
tr|F0LLH7|F0LLH7_THEBM,sp|Q5JFL8|PURP_THEKO,F0LLH7,Q5JFL8,F0LLH7,Q5JFL8
tr|F0LLH9|F0LLH9_THEBM,sp|Q5JFN5|PUR7_THEKO,F0LLH9,Q5JFN5,F0LLH9,Q5JFN5
tr|F0LLI0|F0LLI0_THEBM,sp|Q5JFN7|PUR5_THEKO,F0LLI0,Q5JFN7,F0LLI0,Q5JFN7
tr|F0LLI3|F0LLI3_THEBM,tr|Q5JDF5|Q5JDF5_THEKO,F0LLI3,Q5JDF5,F0LLI3,Q5JDF5
tr|F0LLI4|F0LLI4_THEBM,sp|Q5JFP1|PUR2_THEKO,F0LLI4,Q5JFP1,F0LLI4,Q5JFP1
tr|F0LLI6|F0LLI6_THEBM,tr|Q5JEZ9|Q5JEZ9_THEKO,F0LLI6,Q5JEZ9,F0LLI6,Q5JEZ9
tr|F0LLI7|F0LLI7_THEBM,tr|Q5JFP3|Q5JFP3_THEKO,F0LLI7,Q5JFP3,F0LLI7,Q5JFP3
tr|F0LLJ5|F0LLJ5_THEBM,sp|Q52500|THSB_THEKO,F0LLJ5,Q52500,F0LLJ5,Q52500
tr|F0LLJ8|F0LLJ8_THEBM,sp|Q5JFK6|TYW31_THEKO,F0LLJ8,Q5JFK6,F0LLJ8,Q5JFK6
tr|F0LLM1|F0LLM1_THEBM,sp|P58109|TF2B2_THEKO,F0LLM1,P58109,F0LLM1,P58109
tr|F0LLR9|F0LLR9_THEBM,tr|Q5JGI1|Q5JGI1_THEKO,F0LLR9,Q5JGI1,F0LLR9,Q5JGI1
tr|F0LLS2|F0LLS2_THEBM,tr|Q5JGH8|Q5JGH8_THEKO,F0LLS2,Q5JGH8,F0LLS2,Q5JGH8
tr|F0LLS3|F0LLS3_THEBM,sp|Q5JGH7|SYR_THEKO,F0LLS3,Q5JGH7,F0LLS3,Q5JGH7
tr|F0LLS6|F0LLS6_THEBM,sp|Q5JGK6|RF1_THEKO,F0LLS6,Q5JGK6,F0LLS6,Q5JGK6
tr|F0LLT5|F0LLT5_THEBM,tr|Q5JJ24|Q5JJ24_THEKO,F0LLT5,Q5JJ24,F0LLT5,Q5JJ24
tr|F0LLV3|F0LLV3_THEBM,tr|Q5JJ26|Q5JJ26_THEKO,F0LLV3,Q5JJ26,F0LLV3,Q5JJ26
tr|F0LM11|F0LM11_THEBM,tr|Q5JJ41|Q5JJ41_THEKO,F0LM11,Q5JJ41,F0LM11,Q5JJ41
tr|F0LM22|F0LM22_THEBM,sp|Q5JGJ7|PMDHS_THEKO,F0LM22,Q5JGJ7,F0LM22,Q5JGJ7
tr|F0LM23|F0LM23_THEBM,sp|Q5JGJ6|PMDHL_THEKO,F0LM23,Q5JGJ6,F0LM23,Q5JGJ6
tr|F0LM25|F0LM25_THEBM,sp|Q5JGJ4|RS15_THEKO,F0LM25,Q5JGJ4,F0LM25,Q5JGJ4
tr|F0LM39|F0LM39_THEBM,sp|Q8NKS6|LONB_THEKO,F0LM39,Q8NKS6,F0LM39,Q8NKS6
tr|F0LM45|F0LM45_THEBM,sp|Q5JHN1|RAD50_THEKO,F0LM45,Q5JHN1,F0LM45,Q5JHN1
tr|F0LM47|F0LM47_THEBM,tr|Q5JHP7|Q5JHP7_THEKO,F0LM47,Q5JHP7,F0LM47,Q5JHP7
tr|F0LM50|F0LM50_THEBM,sp|Q5JHP5|ENDA_THEKO,F0LM50,Q5JHP5,F0LM50,Q5JHP5
tr|F0LM52|F0LM52_THEBM,tr|Q5JHP3|Q5JHP3_THEKO,F0LM52,Q5JHP3,F0LM52,Q5JHP3
tr|F0LM54|F0LM54_THEBM,sp|Q5JHP2|RFCS_THEKO,F0LM54,Q5JHP2,F0LM54,Q5JHP2
tr|F0LM55|F0LM55_THEBM,sp|Q5JHP1|RFCL_THEKO,F0LM55,Q5JHP1,F0LM55,Q5JHP1
tr|F0LM57|F0LM57_THEBM,tr|Q5JHN7|Q5JHN7_THEKO,F0LM57,Q5JHN7,F0LM57,Q5JHN7
tr|F0LM61|F0LM61_THEBM,sp|Q5JHN3|FAU1_THEKO,F0LM61,Q5JHN3,F0LM61,Q5JHN3
tr|F0LM62|F0LM62_THEBM,sp|P95547|RADB_THEKO,F0LM62,P95547,F0LM62,P95547
tr|F0LM71|F0LM71_THEBM,sp|Q5JHQ3|SYK_THEKO,F0LM71,Q5JHQ3,F0LM71,Q5JHQ3
tr|F0LM74|F0LM74_THEBM,sp|Q5JHT1|ASPGP_THEKO,F0LM74,Q5JHT1,F0LM74,Q5JHT1
tr|F0LM78|F0LM78_THEBM,tr|Q5JHS7|Q5JHS7_THEKO,F0LM78,Q5JHS7,F0LM78,Q5JHS7
tr|F0LM90|F0LM90_THEBM,sp|Q5JFX3|KPTA_THEKO,F0LM90,Q5JFX3,F0LM90,Q5JFX3
tr|F0LM93|F0LM93_THEBM,tr|Q5JDV1|Q5JDV1_THEKO,F0LM93,Q5JDV1,F0LM93,Q5JDV1
tr|F0LMA9|F0LMA9_THEBM,tr|Q5JDJ5|Q5JDJ5_THEKO,F0LMA9,Q5JDJ5,F0LMA9,Q5JDJ5
tr|F0LMB1|F0LMB1_THEBM,sp|Q5JDJ7|BE_THEKO,F0LMB1,Q5JDJ7,F0LMB1,Q5JDJ7
tr|F0LMB7|F0LMB7_THEBM,sp|O59650|DHE3_THEKO,F0LMB7,O59650,F0LMB7,O59650
tr|F0LMC5|F0LMC5_THEBM,tr|Q5JGQ1|Q5JGQ1_THEKO,F0LMC5,Q5JGQ1,F0LMC5,Q5JGQ1
tr|F0LMC6|F0LMC6_THEBM,tr|Q5JGQ0|Q5JGQ0_THEKO,F0LMC6,Q5JGQ0,F0LMC6,Q5JGQ0
tr|F0LMD1|F0LMD1_THEBM,tr|Q5JGS4|Q5JGS4_THEKO,F0LMD1,Q5JGS4,F0LMD1,Q5JGS4
tr|F0LMG1|F0LMG1_THEBM,sp|Q5JE70|RNZ_THEKO,F0LMG1,Q5JE70,F0LMG1,Q5JE70
tr|F0LMJ8|F0LMJ8_THEBM,sp|Q5JF39|ALBA_THEKO,F0LMJ8,Q5JF39,F0LMJ8,Q5JF39
tr|F0LMK0|F0LMK0_THEBM,tr|Q5JDP5|Q5JDP5_THEKO,F0LMK0,Q5JDP5,F0LMK0,Q5JDP5
tr|F0LMM4|F0LMM4_THEBM,tr|Q5JCX7|Q5JCX7_THEKO,F0LMM4,Q5JCX7,F0LMM4,Q5JCX7
tr|F0LMN1|F0LMN1_THEBM,tr|Q5JG27|Q5JG27_THEKO,F0LMN1,Q5JG27,F0LMN1,Q5JG27
tr|F0LMN5|F0LMN5_THEBM,sp|Q5JG28|PXPA_THEKO,F0LMN5,Q5JG28,F0LMN5,Q5JG28
tr|F0LMN7|F0LMN7_THEBM,tr|Q5JG30|Q5JG30_THEKO,F0LMN7,Q5JG30,F0LMN7,Q5JG30
tr|F0LMP3|F0LMP3_THEBM,sp|Q5JH93|BSUHB_THEKO,F0LMP3,Q5JH93,F0LMP3,Q5JH93
tr|F0LMR1|F0LMR1_THEBM,tr|Q5JIA0|Q5JIA0_THEKO,F0LMR1,Q5JIA0,F0LMR1,Q5JIA0
tr|F0LMR3|F0LMR3_THEBM,tr|Q5JIA2|Q5JIA2_THEKO,F0LMR3,Q5JIA2,F0LMR3,Q5JIA2
tr|F0LMR7|F0LMR7_THEBM,tr|Q5JIA4|Q5JIA4_THEKO,F0LMR7,Q5JIA4,F0LMR7,Q5JIA4
tr|F0LMS0|F0LMS0_THEBM,tr|Q5JIA7|Q5JIA7_THEKO,F0LMS0,Q5JIA7,F0LMS0,Q5JIA7
tr|F0LMT5|F0LMT5_THEBM,sp|Q5JIE3|PFDA1_THEKO,F0LMT5,Q5JIE3,F0LMT5,Q5JIE3
tr|F0LMT6|F0LMT6_THEBM,sp|Q5JGT3|RL18A_THEKO,F0LMT6,Q5JGT3,F0LMT6,Q5JGT3
tr|F0LMT7|F0LMT7_THEBM,sp|Q5JGT4|IF6_THEKO,F0LMT7,Q5JGT4,F0LMT7,Q5JGT4
tr|F0LMT8|F0LMT8_THEBM,sp|Q5JGT5|RL31_THEKO,F0LMT8,Q5JGT5,F0LMT8,Q5JGT5
tr|F0LMU2|F0LMU2_THEBM,sp|Q5JGN5|RS19E_THEKO,F0LMU2,Q5JGN5,F0LMU2,Q5JGN5
tr|F0LMU6|F0LMU6_THEBM,sp|Q5JGN1|TF2B1_THEKO,F0LMU6,Q5JGN1,F0LMU6,Q5JGN1
tr|F0LMW1|F0LMW1_THEBM,tr|Q5JGM9|Q5JGM9_THEKO,F0LMW1,Q5JGM9,F0LMW1,Q5JGM9
tr|F0LMW5|F0LMW5_THEBM,sp|Q5JGR3|RL7A_THEKO,F0LMW5,Q5JGR3,F0LMW5,Q5JGR3
tr|F0LMW6|F0LMW6_THEBM,sp|Q5JGR4|RS28_THEKO,F0LMW6,Q5JGR4,F0LMW6,Q5JGR4
tr|F0LMW7|F0LMW7_THEBM,sp|Q5JGR5|RL24E_THEKO,F0LMW7,Q5JGR5,F0LMW7,Q5JGR5
tr|F0LMX0|F0LMX0_THEBM,sp|Q5JGR9|IF2P_THEKO,F0LMX0,Q5JGR9,F0LMX0,Q5JGR9
tr|F0LMX4|F0LMX4_THEBM,sp|Q5JEZ2|GYAR_THEKO,F0LMX4,Q5JEZ2,F0LMX4,Q5JEZ2
tr|F0LMY3|F0LMY3_THEBM,tr|Q5JH96|Q5JH96_THEKO,F0LMY3,Q5JH96,F0LMY3,Q5JH96
tr|F0LN06|F0LN06_THEBM,sp|Q5JHA3|XERA_THEKO,F0LN06,Q5JHA3,F0LN06,Q5JHA3
tr|F0LN20|F0LN20_THEBM,tr|Q5JIA9|Q5JIA9_THEKO,F0LN20,Q5JIA9,F0LN20,Q5JIA9
tr|F0LN36|F0LN36_THEBM,tr|Q5JF59|Q5JF59_THEKO,F0LN36,Q5JF59,F0LN36,Q5JF59
tr|F0LN40|F0LN40_THEBM,sp|Q5JF63|SYY_THEKO,F0LN40,Q5JF63,F0LN40,Q5JF63
tr|F0LN43|F0LN43_THEBM,tr|Q5JFZ6|Q5JFZ6_THEKO,F0LN43,Q5JFZ6,F0LN43,Q5JFZ6
tr|F0LGU0|F0LGU0_THEBM,tr|Q5JE37|Q5JE37_THEKO,F0LGU0,Q5JE37,F0LGU0,Q5JE37
tr|F0LGW5|F0LGW5_THEBM,sp|Q68BJ6|PGMMM_THEKO,F0LGW5,Q68BJ6,F0LGW5,Q68BJ6
tr|F0LGW9|F0LGW9_THEBM,tr|Q5JHB4|Q5JHB4_THEKO,F0LGW9,Q5JHB4,F0LGW9,Q5JHB4
tr|F0LGX0|F0LGX0_THEBM,tr|Q5JEC4|Q5JEC4_THEKO,F0LGX0,Q5JEC4,F0LGX0,Q5JEC4
tr|F0LGX3|F0LGX3_THEBM,tr|Q5JEE9|Q5JEE9_THEKO,F0LGX3,Q5JEE9,F0LGX3,Q5JEE9
tr|F0LGX4|F0LGX4_THEBM,tr|Q5JEE8|Q5JEE8_THEKO,F0LGX4,Q5JEE8,F0LGX4,Q5JEE8
tr|F0LGX5|F0LGX5_THEBM,tr|Q5JEE7|Q5JEE7_THEKO,F0LGX5,Q5JEE7,F0LGX5,Q5JEE7
tr|F0LGX6|F0LGX6_THEBM,tr|Q5JEE6|Q5JEE6_THEKO,F0LGX6,Q5JEE6,F0LGX6,Q5JEE6
tr|F0LGX7|F0LGX7_THEBM,tr|Q5JEE5|Q5JEE5_THEKO,F0LGX7,Q5JEE5,F0LGX7,Q5JEE5
tr|F0LGX8|F0LGX8_THEBM,tr|Q5JEE4|Q5JEE4_THEKO,F0LGX8,Q5JEE4,F0LGX8,Q5JEE4
tr|F0LGX9|F0LGX9_THEBM,tr|Q5JEE3|Q5JEE3_THEKO,F0LGX9,Q5JEE3,F0LGX9,Q5JEE3
tr|F0LGY0|F0LGY0_THEBM,tr|Q5JEE2|Q5JEE2_THEKO,F0LGY0,Q5JEE2,F0LGY0,Q5JEE2
tr|F0LGY1|F0LGY1_THEBM,tr|Q5JGQ9|Q5JGQ9_THEKO,F0LGY1,Q5JGQ9,F0LGY1,Q5JGQ9
tr|F0LGY3|F0LGY3_THEBM,tr|Q5JGR1|Q5JGR1_THEKO,F0LGY3,Q5JGR1,F0LGY3,Q5JGR1
tr|F0LGY6|F0LGY6_THEBM,tr|Q5JED9|Q5JED9_THEKO,F0LGY6,Q5JED9,F0LGY6,Q5JED9
tr|F0LGY7|F0LGY7_THEBM,tr|Q5JEF5|Q5JEF5_THEKO,F0LGY7,Q5JEF5,F0LGY7,Q5JEF5
tr|F0LGY9|F0LGY9_THEBM,tr|Q5JEH0|Q5JEH0_THEKO,F0LGY9,Q5JEH0,F0LGY9,Q5JEH0
tr|F0LGZ0|F0LGZ0_THEBM,tr|Q5JEG9|Q5JEG9_THEKO,F0LGZ0,Q5JEG9,F0LGZ0,Q5JEG9
tr|F0LGZ2|F0LGZ2_THEBM,tr|Q5JEG8|Q5JEG8_THEKO,F0LGZ2,Q5JEG8,F0LGZ2,Q5JEG8
tr|F0LGZ3|F0LGZ3_THEBM,tr|Q5JEG7|Q5JEG7_THEKO,F0LGZ3,Q5JEG7,F0LGZ3,Q5JEG7
tr|F0LGZ6|F0LGZ6_THEBM,tr|Q5JEG4|Q5JEG4_THEKO,F0LGZ6,Q5JEG4,F0LGZ6,Q5JEG4
tr|F0LGZ8|F0LGZ8_THEBM,tr|Q5JEG3|Q5JEG3_THEKO,F0LGZ8,Q5JEG3,F0LGZ8,Q5JEG3
tr|F0LH03|F0LH03_THEBM,tr|Q5JFQ5|Q5JFQ5_THEKO,F0LH03,Q5JFQ5,F0LH03,Q5JFQ5
tr|F0LH13|F0LH13_THEBM,tr|Q5JFS8|Q5JFS8_THEKO,F0LH13,Q5JFS8,F0LH13,Q5JFS8
tr|F0LH17|F0LH17_THEBM,tr|Q5JFS4|Q5JFS4_THEKO,F0LH17,Q5JFS4,F0LH17,Q5JFS4
tr|F0LH18|F0LH18_THEBM,tr|Q5JHQ2|Q5JHQ2_THEKO,F0LH18,Q5JHQ2,F0LH18,Q5JHQ2
tr|F0LH22|F0LH22_THEBM,tr|Q5JFV4|Q5JFV4_THEKO,F0LH22,Q5JFV4,F0LH22,Q5JFV4
tr|F0LH25|F0LH25_THEBM,tr|Q5JFS2|Q5JFS2_THEKO,F0LH25,Q5JFS2,F0LH25,Q5JFS2
tr|F0LH31|F0LH31_THEBM,tr|Q5JFY7|Q5JFY7_THEKO,F0LH31,Q5JFY7,F0LH31,Q5JFY7
tr|F0LH32|F0LH32_THEBM,tr|Q5JFQ6|Q5JFQ6_THEKO,F0LH32,Q5JFQ6,F0LH32,Q5JFQ6
tr|F0LH33|F0LH33_THEBM,tr|Q5JFY3|Q5JFY3_THEKO,F0LH33,Q5JFY3,F0LH33,Q5JFY3
tr|F0LH35|F0LH35_THEBM,tr|Q5JI89|Q5JI89_THEKO,F0LH35,Q5JI89,F0LH35,Q5JI89
tr|F0LH36|F0LH36_THEBM,tr|Q5JI86|Q5JI86_THEKO,F0LH36,Q5JI86,F0LH36,Q5JI86
tr|F0LH37|F0LH37_THEBM,tr|Q5JI85|Q5JI85_THEKO,F0LH37,Q5JI85,F0LH37,Q5JI85
tr|F0LH38|F0LH38_THEBM,tr|Q5JDX4|Q5JDX4_THEKO,F0LH38,Q5JDX4,F0LH38,Q5JDX4
tr|F0LH39|F0LH39_THEBM,tr|Q5JE96|Q5JE96_THEKO,F0LH39,Q5JE96,F0LH39,Q5JE96
tr|F0LH42|F0LH42_THEBM,tr|Q5JE98|Q5JE98_THEKO,F0LH42,Q5JE98,F0LH42,Q5JE98
tr|F0LH43|F0LH43_THEBM,tr|Q5JEA0|Q5JEA0_THEKO,F0LH43,Q5JEA0,F0LH43,Q5JEA0
tr|F0LH45|F0LH45_THEBM,tr|Q5JI35|Q5JI35_THEKO,F0LH45,Q5JI35,F0LH45,Q5JI35
tr|F0LH48|F0LH48_THEBM,tr|Q5JE44|Q5JE44_THEKO,F0LH48,Q5JE44,F0LH48,Q5JE44
tr|F0LH49|F0LH49_THEBM,tr|Q5JE45|Q5JE45_THEKO,F0LH49,Q5JE45,F0LH49,Q5JE45
tr|F0LH50|F0LH50_THEBM,tr|Q5JE46|Q5JE46_THEKO,F0LH50,Q5JE46,F0LH50,Q5JE46
tr|F0LH51|F0LH51_THEBM,tr|Q5JEL8|Q5JEL8_THEKO,F0LH51,Q5JEL8,F0LH51,Q5JEL8
tr|F0LH52|F0LH52_THEBM,tr|Q5JI34|Q5JI34_THEKO,F0LH52,Q5JI34,F0LH52,Q5JI34
tr|F0LH54|F0LH54_THEBM,sp|Q5JI38|APAUH_THEKO,F0LH54,Q5JI38,F0LH54,Q5JI38
tr|F0LH56|F0LH56_THEBM,tr|Q5JI43|Q5JI43_THEKO,F0LH56,Q5JI43,F0LH56,Q5JI43
tr|F0LH58|F0LH58_THEBM,tr|Q5JI29|Q5JI29_THEKO,F0LH58,Q5JI29,F0LH58,Q5JI29
tr|F0LH59|F0LH59_THEBM,tr|Q5JI13|Q5JI13_THEKO,F0LH59,Q5JI13,F0LH59,Q5JI13
tr|F0LH60|F0LH60_THEBM,tr|Q5JI14|Q5JI14_THEKO,F0LH60,Q5JI14,F0LH60,Q5JI14
tr|F0LH61|F0LH61_THEBM,tr|Q5JDR1|Q5JDR1_THEKO,F0LH61,Q5JDR1,F0LH61,Q5JDR1
tr|F0LH67|F0LH67_THEBM,tr|Q5JI19|Q5JI19_THEKO,F0LH67,Q5JI19,F0LH67,Q5JI19
tr|F0LH70|F0LH70_THEBM,sp|Q5JDI6|RL10E_THEKO,F0LH70,Q5JDI6,F0LH70,Q5JDI6
tr|F0LH71|F0LH71_THEBM,tr|Q5JDI5|Q5JDI5_THEKO,F0LH71,Q5JDI5,F0LH71,Q5JDI5
tr|F0LH72|F0LH72_THEBM,tr|Q5JDI4|Q5JDI4_THEKO,F0LH72,Q5JDI4,F0LH72,Q5JDI4
tr|F0LH73|F0LH73_THEBM,tr|Q5JDI3|Q5JDI3_THEKO,F0LH73,Q5JDI3,F0LH73,Q5JDI3
tr|F0LH74|F0LH74_THEBM,tr|Q5JJ40|Q5JJ40_THEKO,F0LH74,Q5JJ40,F0LH74,Q5JJ40
tr|F0LH79|F0LH79_THEBM,tr|Q5JDI2|Q5JDI2_THEKO,F0LH79,Q5JDI2,F0LH79,Q5JDI2
tr|F0LH82|F0LH82_THEBM,tr|Q5JIY6|Q5JIY6_THEKO,F0LH82,Q5JIY6,F0LH82,Q5JIY6
tr|F0LH87|F0LH87_THEBM,tr|Q5JIQ7|Q5JIQ7_THEKO,F0LH87,Q5JIQ7,F0LH87,Q5JIQ7
tr|F0LH88|F0LH88_THEBM,tr|Q5JIQ5|Q5JIQ5_THEKO,F0LH88,Q5JIQ5,F0LH88,Q5JIQ5
tr|F0LH89|F0LH89_THEBM,tr|Q5JIQ4|Q5JIQ4_THEKO,F0LH89,Q5JIQ4,F0LH89,Q5JIQ4
tr|F0LH91|F0LH91_THEBM,tr|Q5JIS9|Q5JIS9_THEKO,F0LH91,Q5JIS9,F0LH91,Q5JIS9
tr|F0LH92|F0LH92_THEBM,tr|Q5JIT3|Q5JIT3_THEKO,F0LH92,Q5JIT3,F0LH92,Q5JIT3
tr|F0LH93|F0LH93_THEBM,tr|Q5JIT2|Q5JIT2_THEKO,F0LH93,Q5JIT2,F0LH93,Q5JIT2
tr|F0LH96|F0LH96_THEBM,tr|Q5JIS8|Q5JIS8_THEKO,F0LH96,Q5JIS8,F0LH96,Q5JIS8
tr|F0LH97|F0LH97_THEBM,tr|Q5JIS7|Q5JIS7_THEKO,F0LH97,Q5JIS7,F0LH97,Q5JIS7
tr|F0LH98|F0LH98_THEBM,tr|Q5JIS6|Q5JIS6_THEKO,F0LH98,Q5JIS6,F0LH98,Q5JIS6
tr|F0LH99|F0LH99_THEBM,tr|Q5JIS5|Q5JIS5_THEKO,F0LH99,Q5JIS5,F0LH99,Q5JIS5
tr|F0LHA0|F0LHA0_THEBM,tr|Q5JIS4|Q5JIS4_THEKO,F0LHA0,Q5JIS4,F0LHA0,Q5JIS4
tr|F0LHA2|F0LHA2_THEBM,tr|Q5JIS1|Q5JIS1_THEKO,F0LHA2,Q5JIS1,F0LHA2,Q5JIS1
tr|F0LHA3|F0LHA3_THEBM,tr|Q5JIS0|Q5JIS0_THEKO,F0LHA3,Q5JIS0,F0LHA3,Q5JIS0
tr|F0LHA4|F0LHA4_THEBM,tr|Q5JIR9|Q5JIR9_THEKO,F0LHA4,Q5JIR9,F0LHA4,Q5JIR9
tr|F0LHA6|F0LHA6_THEBM,tr|Q5JDI9|Q5JDI9_THEKO,F0LHA6,Q5JDI9,F0LHA6,Q5JDI9
tr|F0LHB5|F0LHB5_THEBM,sp|Q5JDH7|SUI1_THEKO,F0LHB5,Q5JDH7,F0LHB5,Q5JDH7
tr|F0LHC5|F0LHC5_THEBM,sp|Q5JJG5|RL32_THEKO,F0LHC5,Q5JJG5,F0LHC5,Q5JJG5
tr|F0LHC7|F0LHC7_THEBM,tr|Q5JHU3|Q5JHU3_THEKO,F0LHC7,Q5JHU3,F0LHC7,Q5JHU3
tr|F0LHC8|F0LHC8_THEBM,tr|Q5JHU2|Q5JHU2_THEKO,F0LHC8,Q5JHU2,F0LHC8,Q5JHU2
tr|F0LHC9|F0LHC9_THEBM,tr|Q5JHU1|Q5JHU1_THEKO,F0LHC9,Q5JHU1,F0LHC9,Q5JHU1
tr|F0LHD0|F0LHD0_THEBM,tr|Q5JHU0|Q5JHU0_THEKO,F0LHD0,Q5JHU0,F0LHD0,Q5JHU0
tr|F0LHD1|F0LHD1_THEBM,tr|Q5JHT9|Q5JHT9_THEKO,F0LHD1,Q5JHT9,F0LHD1,Q5JHT9
tr|F0LHD2|F0LHD2_THEBM,tr|Q5JHT8|Q5JHT8_THEKO,F0LHD2,Q5JHT8,F0LHD2,Q5JHT8
tr|F0LHD4|F0LHD4_THEBM,tr|Q5JHT6|Q5JHT6_THEKO,F0LHD4,Q5JHT6,F0LHD4,Q5JHT6
tr|F0LHD5|F0LHD5_THEBM,tr|Q5JHT5|Q5JHT5_THEKO,F0LHD5,Q5JHT5,F0LHD5,Q5JHT5
tr|F0LHD7|F0LHD7_THEBM,tr|Q5JHT3|Q5JHT3_THEKO,F0LHD7,Q5JHT3,F0LHD7,Q5JHT3
tr|F0LHD9|F0LHD9_THEBM,tr|Q5JDB2|Q5JDB2_THEKO,F0LHD9,Q5JDB2,F0LHD9,Q5JDB2
tr|F0LHE0|F0LHE0_THEBM,tr|Q5JIG4|Q5JIG4_THEKO,F0LHE0,Q5JIG4,F0LHE0,Q5JIG4
tr|F0LHE1|F0LHE1_THEBM,tr|Q5JIG0|Q5JIG0_THEKO,F0LHE1,Q5JIG0,F0LHE1,Q5JIG0
tr|F0LHE3|F0LHE3_THEBM,tr|Q5JDP8|Q5JDP8_THEKO,F0LHE3,Q5JDP8,F0LHE3,Q5JDP8
tr|F0LHE7|F0LHE7_THEBM,tr|Q5JFM8|Q5JFM8_THEKO,F0LHE7,Q5JFM8,F0LHE7,Q5JFM8
tr|F0LHF1|F0LHF1_THEBM,tr|Q5JFN0|Q5JFN0_THEKO,F0LHF1,Q5JFN0,F0LHF1,Q5JFN0
tr|F0LHF3|F0LHF3_THEBM,tr|Q5JFN2|Q5JFN2_THEKO,F0LHF3,Q5JFN2,F0LHF3,Q5JFN2
tr|F0LHF5|F0LHF5_THEBM,tr|Q5JFK1|Q5JFK1_THEKO,F0LHF5,Q5JFK1,F0LHF5,Q5JFK1
tr|F0LHF6|F0LHF6_THEBM,tr|Q5JFK2|Q5JFK2_THEKO,F0LHF6,Q5JFK2,F0LHF6,Q5JFK2
tr|F0LHF7|F0LHF7_THEBM,tr|Q5JFF9|Q5JFF9_THEKO,F0LHF7,Q5JFF9,F0LHF7,Q5JFF9
tr|F0LHF8|F0LHF8_THEBM,tr|Q5JFF8|Q5JFF8_THEKO,F0LHF8,Q5JFF8,F0LHF8,Q5JFF8
tr|F0LHF9|F0LHF9_THEBM,tr|Q5JFF5|Q5JFF5_THEKO,F0LHF9,Q5JFF5,F0LHF9,Q5JFF5
tr|F0LHG1|F0LHG1_THEBM,tr|Q5JFI2|Q5JFI2_THEKO,F0LHG1,Q5JFI2,F0LHG1,Q5JFI2
tr|F0LHG4|F0LHG4_THEBM,tr|Q5JFH7|Q5JFH7_THEKO,F0LHG4,Q5JFH7,F0LHG4,Q5JFH7
tr|F0LHG5|F0LHG5_THEBM,sp|Q5JFH5|Y141_THEKO,F0LHG5,Q5JFH5,F0LHG5,Q5JFH5
tr|F0LHG6|F0LHG6_THEBM,tr|Q5JFH4|Q5JFH4_THEKO,F0LHG6,Q5JFH4,F0LHG6,Q5JFH4
tr|F0LHG7|F0LHG7_THEBM,sp|Q5JFH3|Z143_THEKO,F0LHG7,Q5JFH3,F0LHG7,Q5JFH3
tr|F0LHH0|F0LHH0_THEBM,tr|Q5JE17|Q5JE17_THEKO,F0LHH0,Q5JE17,F0LHH0,Q5JE17
tr|F0LHH1|F0LHH1_THEBM,sp|Q5JE15|AOR_THEKO,F0LHH1,Q5JE15,F0LHH1,Q5JE15
tr|F0LHH3|F0LHH3_THEBM,tr|Q5JHB3|Q5JHB3_THEKO,F0LHH3,Q5JHB3,F0LHH3,Q5JHB3
tr|F0LHH5|F0LHH5_THEBM,sp|Q5JIX0|Y1681_THEKO,F0LHH5,Q5JIX0,F0LHH5,Q5JIX0
tr|F0LHH8|F0LHH8_THEBM,sp|Q977X3|FER_THEKO,F0LHH8,Q977X3,F0LHH8,Q977X3
tr|F0LHI1|F0LHI1_THEBM,tr|Q5JIZ1|Q5JIZ1_THEKO,F0LHI1,Q5JIZ1,F0LHI1,Q5JIZ1
tr|F0LHI2|F0LHI2_THEBM,tr|Q5JIZ2|Q5JIZ2_THEKO,F0LHI2,Q5JIZ2,F0LHI2,Q5JIZ2
tr|F0LHI3|F0LHI3_THEBM,tr|Q5JFH2|Q5JFH2_THEKO,F0LHI3,Q5JFH2,F0LHI3,Q5JFH2
tr|F0LHI4|F0LHI4_THEBM,tr|Q5JFH1|Q5JFH1_THEKO,F0LHI4,Q5JFH1,F0LHI4,Q5JFH1
tr|F0LHI6|F0LHI6_THEBM,tr|Q5JGT2|Q5JGT2_THEKO,F0LHI6,Q5JGT2,F0LHI6,Q5JGT2
tr|F0LHI7|F0LHI7_THEBM,tr|Q5JFH0|Q5JFH0_THEKO,F0LHI7,Q5JFH0,F0LHI7,Q5JFH0
tr|F0LHI8|F0LHI8_THEBM,tr|Q5JGT1|Q5JGT1_THEKO,F0LHI8,Q5JGT1,F0LHI8,Q5JGT1
tr|F0LHJ1|F0LHJ1_THEBM,tr|Q5JFG8|Q5JFG8_THEKO,F0LHJ1,Q5JFG8,F0LHJ1,Q5JFG8
tr|F0LHJ4|F0LHJ4_THEBM,tr|Q5JF84|Q5JF84_THEKO,F0LHJ4,Q5JF84,F0LHJ4,Q5JF84
tr|F0LHJ5|F0LHJ5_THEBM,tr|Q5JDL6|Q5JDL6_THEKO,F0LHJ5,Q5JDL6,F0LHJ5,Q5JDL6
tr|F0LHJ6|F0LHJ6_THEBM,tr|Q5JDL7|Q5JDL7_THEKO,F0LHJ6,Q5JDL7,F0LHJ6,Q5JDL7
tr|F0LHJ7|F0LHJ7_THEBM,tr|Q5JDL8|Q5JDL8_THEKO,F0LHJ7,Q5JDL8,F0LHJ7,Q5JDL8
tr|F0LHJ8|F0LHJ8_THEBM,tr|Q5JDL9|Q5JDL9_THEKO,F0LHJ8,Q5JDL9,F0LHJ8,Q5JDL9
tr|F0LHJ9|F0LHJ9_THEBM,tr|Q5JDM0|Q5JDM0_THEKO,F0LHJ9,Q5JDM0,F0LHJ9,Q5JDM0
tr|F0LHK0|F0LHK0_THEBM,tr|Q5JDM1|Q5JDM1_THEKO,F0LHK0,Q5JDM1,F0LHK0,Q5JDM1
tr|F0LHK1|F0LHK1_THEBM,tr|Q5JDM2|Q5JDM2_THEKO,F0LHK1,Q5JDM2,F0LHK1,Q5JDM2
tr|F0LHK2|F0LHK2_THEBM,tr|Q5JDM3|Q5JDM3_THEKO,F0LHK2,Q5JDM3,F0LHK2,Q5JDM3
tr|F0LHK3|F0LHK3_THEBM,tr|Q5JDM4|Q5JDM4_THEKO,F0LHK3,Q5JDM4,F0LHK3,Q5JDM4
tr|F0LHL1|F0LHL1_THEBM,tr|Q5JJH3|Q5JJH3_THEKO,F0LHL1,Q5JJH3,F0LHL1,Q5JJH3
tr|F0LHL2|F0LHL2_THEBM,sp|Q5JJF7|RL34_THEKO,F0LHL2,Q5JJF7,F0LHL2,Q5JJF7
tr|F0LHL5|F0LHL5_THEBM,tr|Q5JJE5|Q5JJE5_THEKO,F0LHL5,Q5JJE5,F0LHL5,Q5JJE5
tr|F0LHL6|F0LHL6_THEBM,tr|Q5JJE6|Q5JJE6_THEKO,F0LHL6,Q5JJE6,F0LHL6,Q5JJE6
tr|F0LHL7|F0LHL7_THEBM,tr|Q5JJE7|Q5JJE7_THEKO,F0LHL7,Q5JJE7,F0LHL7,Q5JJE7
tr|F0LHM5|F0LHM5_THEBM,sp|Q5JJF5|RL18E_THEKO,F0LHM5,Q5JJF5,F0LHM5,Q5JJF5
tr|F0LHN1|F0LHN1_THEBM,sp|Q5JJD2|RS2_THEKO,F0LHN1,Q5JJD2,F0LHN1,Q5JJD2
tr|F0LHN2|F0LHN2_THEBM,sp|Q5JJC3|Y1477_THEKO,F0LHN2,Q5JJC3,F0LHN2,Q5JJC3
tr|F0LHN4|F0LHN4_THEBM,tr|Q5JJC4|Q5JJC4_THEKO,F0LHN4,Q5JJC4,F0LHN4,Q5JJC4
tr|F0LHP0|F0LHP0_THEBM,tr|Q76CZ2|Q76CZ2_THEKO,F0LHP0,Q76CZ2,F0LHP0,Q76CZ2
tr|F0LHP1|F0LHP1_THEBM,tr|Q5JH59|Q5JH59_THEKO,F0LHP1,Q5JH59,F0LHP1,Q5JH59
tr|F0LHP2|F0LHP2_THEBM,tr|Q5JH61|Q5JH61_THEKO,F0LHP2,Q5JH61,F0LHP2,Q5JH61
tr|F0LHP6|F0LHP6_THEBM,tr|Q5JIX3|Q5JIX3_THEKO,F0LHP6,Q5JIX3,F0LHP6,Q5JIX3
tr|F0LHP8|F0LHP8_THEBM,tr|Q5JH46|Q5JH46_THEKO,F0LHP8,Q5JH46,F0LHP8,Q5JH46
tr|F0LHQ4|F0LHQ4_THEBM,sp|Q5JIV0|SDO1_THEKO,F0LHQ4,Q5JIV0,F0LHQ4,Q5JIV0
tr|F0LHR0|F0LHR0_THEBM,sp|Q5JDM5|BRIX_THEKO,F0LHR0,Q5JDM5,F0LHR0,Q5JDM5
tr|F0LHR1|F0LHR1_THEBM,tr|Q5JF86|Q5JF86_THEKO,F0LHR1,Q5JF86,F0LHR1,Q5JF86
tr|F0LHR3|F0LHR3_THEBM,sp|Q5JF83|Y644_THEKO,F0LHR3,Q5JF83,F0LHR3,Q5JF83
tr|F0LHR4|F0LHR4_THEBM,tr|Q5JII6|Q5JII6_THEKO,F0LHR4,Q5JII6,F0LHR4,Q5JII6
tr|F0LHR6|F0LHR6_THEBM,tr|Q5JF82|Q5JF82_THEKO,F0LHR6,Q5JF82,F0LHR6,Q5JF82
tr|F0LHR7|F0LHR7_THEBM,tr|Q5JF81|Q5JF81_THEKO,F0LHR7,Q5JF81,F0LHR7,Q5JF81
tr|F0LHR8|F0LHR8_THEBM,tr|Q5JF79|Q5JF79_THEKO,F0LHR8,Q5JF79,F0LHR8,Q5JF79
tr|F0LHR9|F0LHR9_THEBM,tr|Q5JF78|Q5JF78_THEKO,F0LHR9,Q5JF78,F0LHR9,Q5JF78
tr|F0LHS0|F0LHS0_THEBM,tr|Q5JI09|Q5JI09_THEKO,F0LHS0,Q5JI09,F0LHS0,Q5JI09
tr|F0LHS1|F0LHS1_THEBM,tr|Q5JDI7|Q5JDI7_THEKO,F0LHS1,Q5JDI7,F0LHS1,Q5JDI7
tr|F0LHS5|F0LHS5_THEBM,tr|Q5JH28|Q5JH28_THEKO,F0LHS5,Q5JH28,F0LHS5,Q5JH28
tr|F0LHS8|F0LHS8_THEBM,tr|Q5JI82|Q5JI82_THEKO,F0LHS8,Q5JI82,F0LHS8,Q5JI82
tr|F0LHT0|F0LHT0_THEBM,tr|Q5JI84|Q5JI84_THEKO,F0LHT0,Q5JI84,F0LHT0,Q5JI84
tr|F0LHT2|F0LHT2_THEBM,tr|Q5JII7|Q5JII7_THEKO,F0LHT2,Q5JII7,F0LHT2,Q5JII7
tr|F0LHT4|F0LHT4_THEBM,tr|Q5JDE3|Q5JDE3_THEKO,F0LHT4,Q5JDE3,F0LHT4,Q5JDE3
tr|F0LHT8|F0LHT8_THEBM,tr|Q5JDE4|Q5JDE4_THEKO,F0LHT8,Q5JDE4,F0LHT8,Q5JDE4
tr|F0LHU1|F0LHU1_THEBM,tr|Q5JIH7|Q5JIH7_THEKO,F0LHU1,Q5JIH7,F0LHU1,Q5JIH7
tr|F0LHU5|F0LHU5_THEBM,tr|Q5JIZ6|Q5JIZ6_THEKO,F0LHU5,Q5JIZ6,F0LHU5,Q5JIZ6
tr|F0LHU8|F0LHU8_THEBM,tr|Q5JIW8|Q5JIW8_THEKO,F0LHU8,Q5JIW8,F0LHU8,Q5JIW8
tr|F0LHV0|F0LHV0_THEBM,tr|Q5JDF2|Q5JDF2_THEKO,F0LHV0,Q5JDF2,F0LHV0,Q5JDF2
tr|F0LHV1|F0LHV1_THEBM,tr|Q5JDF3|Q5JDF3_THEKO,F0LHV1,Q5JDF3,F0LHV1,Q5JDF3
tr|F0LHV3|F0LHV3_THEBM,tr|Q5JDF7|Q5JDF7_THEKO,F0LHV3,Q5JDF7,F0LHV3,Q5JDF7
tr|F0LHV8|F0LHV8_THEBM,tr|Q5JG68|Q5JG68_THEKO,F0LHV8,Q5JG68,F0LHV8,Q5JG68
tr|F0LHW0|F0LHW0_THEBM,tr|Q5JH48|Q5JH48_THEKO,F0LHW0,Q5JH48,F0LHW0,Q5JH48
tr|F0LHW6|F0LHW6_THEBM,tr|Q5JE76|Q5JE76_THEKO,F0LHW6,Q5JE76,F0LHW6,Q5JE76
tr|F0LHY6|F0LHY6_THEBM,tr|Q5JDG0|Q5JDG0_THEKO,F0LHY6,Q5JDG0,F0LHY6,Q5JDG0
tr|F0LHZ1|F0LHZ1_THEBM,tr|Q5JHY1|Q5JHY1_THEKO,F0LHZ1,Q5JHY1,F0LHZ1,Q5JHY1
tr|F0LHZ3|F0LHZ3_THEBM,tr|Q5JG67|Q5JG67_THEKO,F0LHZ3,Q5JG67,F0LHZ3,Q5JG67
tr|F0LHZ4|F0LHZ4_THEBM,tr|Q5JG66|Q5JG66_THEKO,F0LHZ4,Q5JG66,F0LHZ4,Q5JG66
tr|F0LHZ7|F0LHZ7_THEBM,tr|Q5JII2|Q5JII2_THEKO,F0LHZ7,Q5JII2,F0LHZ7,Q5JII2
tr|F0LI02|F0LI02_THEBM,tr|Q5JEN9|Q5JEN9_THEKO,F0LI02,Q5JEN9,F0LI02,Q5JEN9
tr|F0LI06|F0LI06_THEBM,tr|Q5JHM7|Q5JHM7_THEKO,F0LI06,Q5JHM7,F0LI06,Q5JHM7
tr|F0LI08|F0LI08_THEBM,tr|Q5JHM8|Q5JHM8_THEKO,F0LI08,Q5JHM8,F0LI08,Q5JHM8
tr|F0LI23|F0LI23_THEBM,sp|Q9Y8I1|HARA_THEKO,F0LI23,Q9Y8I1,F0LI23,Q9Y8I1
tr|F0LI25|F0LI25_THEBM,tr|Q5JH12|Q5JH12_THEKO,F0LI25,Q5JH12,F0LI25,Q5JH12
tr|F0LI26|F0LI26_THEBM,sp|Q5JH13|Y1411_THEKO,F0LI26,Q5JH13,F0LI26,Q5JH13
tr|F0LI29|F0LI29_THEBM,tr|Q68BJ5|Q68BJ5_THEKO,F0LI29,Q68BJ5,F0LI29,Q68BJ5
tr|F0LI30|F0LI30_THEBM,tr|Q5JFQ9|Q5JFQ9_THEKO,F0LI30,Q5JFQ9,F0LI30,Q5JFQ9
tr|F0LI32|F0LI32_THEBM,tr|Q5JH40|Q5JH40_THEKO,F0LI32,Q5JH40,F0LI32,Q5JH40
tr|F0LI33|F0LI33_THEBM,tr|Q5JH41|Q5JH41_THEKO,F0LI33,Q5JH41,F0LI33,Q5JH41
tr|F0LI35|F0LI35_THEBM,tr|Q5JH17|Q5JH17_THEKO,F0LI35,Q5JH17,F0LI35,Q5JH17
tr|F0LI36|F0LI36_THEBM,tr|Q5JH62|Q5JH62_THEKO,F0LI36,Q5JH62,F0LI36,Q5JH62
tr|F0LI37|F0LI37_THEBM,tr|Q5JGD0|Q5JGD0_THEKO,F0LI37,Q5JGD0,F0LI37,Q5JGD0
tr|F0LI38|F0LI38_THEBM,tr|Q5JGC9|Q5JGC9_THEKO,F0LI38,Q5JGC9,F0LI38,Q5JGC9
tr|F0LI41|F0LI41_THEBM,tr|Q5JH23|Q5JH23_THEKO,F0LI41,Q5JH23,F0LI41,Q5JH23
tr|F0LI42|F0LI42_THEBM,tr|Q5JH08|Q5JH08_THEKO,F0LI42,Q5JH08,F0LI42,Q5JH08
tr|F0LI43|F0LI43_THEBM,tr|Q5JGZ1|Q5JGZ1_THEKO,F0LI43,Q5JGZ1,F0LI43,Q5JGZ1
tr|F0LI44|F0LI44_THEBM,tr|Q5JGZ2|Q5JGZ2_THEKO,F0LI44,Q5JGZ2,F0LI44,Q5JGZ2
tr|F0LI45|F0LI45_THEBM,tr|Q5JGZ3|Q5JGZ3_THEKO,F0LI45,Q5JGZ3,F0LI45,Q5JGZ3
tr|F0LI46|F0LI46_THEBM,tr|Q5JI68|Q5JI68_THEKO,F0LI46,Q5JI68,F0LI46,Q5JI68
tr|F0LI48|F0LI48_THEBM,tr|Q5JE09|Q5JE09_THEKO,F0LI48,Q5JE09,F0LI48,Q5JE09
tr|F0LI50|F0LI50_THEBM,tr|Q5JGZ7|Q5JGZ7_THEKO,F0LI50,Q5JGZ7,F0LI50,Q5JGZ7
tr|F0LI51|F0LI51_THEBM,tr|Q5JGZ8|Q5JGZ8_THEKO,F0LI51,Q5JGZ8,F0LI51,Q5JGZ8
tr|F0LI52|F0LI52_THEBM,tr|Q5JGZ9|Q5JGZ9_THEKO,F0LI52,Q5JGZ9,F0LI52,Q5JGZ9
tr|F0LI56|F0LI56_THEBM,tr|Q5JH02|Q5JH02_THEKO,F0LI56,Q5JH02,F0LI56,Q5JH02
tr|F0LI57|F0LI57_THEBM,tr|Q5JH03|Q5JH03_THEKO,F0LI57,Q5JH03,F0LI57,Q5JH03
tr|F0LI58|F0LI58_THEBM,tr|Q5JH04|Q5JH04_THEKO,F0LI58,Q5JH04,F0LI58,Q5JH04
tr|F0LI59|F0LI59_THEBM,tr|Q5JH05|Q5JH05_THEKO,F0LI59,Q5JH05,F0LI59,Q5JH05
tr|F0LI60|F0LI60_THEBM,tr|Q5JH07|Q5JH07_THEKO,F0LI60,Q5JH07,F0LI60,Q5JH07
tr|F0LI71|F0LI71_THEBM,tr|Q5JE10|Q5JE10_THEKO,F0LI71,Q5JE10,F0LI71,Q5JE10
tr|F0LI72|F0LI72_THEBM,tr|Q5JE14|Q5JE14_THEKO,F0LI72,Q5JE14,F0LI72,Q5JE14
tr|F0LI73|F0LI73_THEBM,tr|Q5JJC2|Q5JJC2_THEKO,F0LI73,Q5JJC2,F0LI73,Q5JJC2
tr|F0LI76|F0LI76_THEBM,tr|Q5JJB7|Q5JJB7_THEKO,F0LI76,Q5JJB7,F0LI76,Q5JJB7
tr|F0LI77|F0LI77_THEBM,tr|Q5JJB6|Q5JJB6_THEKO,F0LI77,Q5JJB6,F0LI77,Q5JJB6
tr|F0LI78|F0LI78_THEBM,tr|Q5JD01|Q5JD01_THEKO,F0LI78,Q5JD01,F0LI78,Q5JD01
tr|F0LI83|F0LI83_THEBM,tr|Q5JHL4|Q5JHL4_THEKO,F0LI83,Q5JHL4,F0LI83,Q5JHL4
tr|F0LI86|F0LI86_THEBM,tr|Q5JHJ8|Q5JHJ8_THEKO,F0LI86,Q5JHJ8,F0LI86,Q5JHJ8
tr|F0LI87|F0LI87_THEBM,tr|Q5JHJ9|Q5JHJ9_THEKO,F0LI87,Q5JHJ9,F0LI87,Q5JHJ9
tr|F0LI89|F0LI89_THEBM,tr|Q5JHK5|Q5JHK5_THEKO,F0LI89,Q5JHK5,F0LI89,Q5JHK5
tr|F0LI91|F0LI91_THEBM,tr|Q5JHK8|Q5JHK8_THEKO,F0LI91,Q5JHK8,F0LI91,Q5JHK8
tr|F0LI93|F0LI93_THEBM,tr|Q5JHL0|Q5JHL0_THEKO,F0LI93,Q5JHL0,F0LI93,Q5JHL0
tr|F0LI94|F0LI94_THEBM,tr|Q5JHL1|Q5JHL1_THEKO,F0LI94,Q5JHL1,F0LI94,Q5JHL1
tr|F0LI95|F0LI95_THEBM,sp|Q5JHL2|Y2179_THEKO,F0LI95,Q5JHL2,F0LI95,Q5JHL2
tr|F0LI97|F0LI97_THEBM,tr|Q5JHI4|Q5JHI4_THEKO,F0LI97,Q5JHI4,F0LI97,Q5JHI4
tr|F0LIA0|F0LIA0_THEBM,tr|Q8X268|Q8X268_THEKO,F0LIA0,Q8X268,F0LIA0,Q8X268
tr|F0LIA1|F0LIA1_THEBM,tr|Q5JHI6|Q5JHI6_THEKO,F0LIA1,Q5JHI6,F0LIA1,Q5JHI6
tr|F0LIA2|F0LIA2_THEBM,tr|Q5JHI7|Q5JHI7_THEKO,F0LIA2,Q5JHI7,F0LIA2,Q5JHI7
tr|F0LIA4|F0LIA4_THEBM,tr|Q5JHI8|Q5JHI8_THEKO,F0LIA4,Q5JHI8,F0LIA4,Q5JHI8
tr|F0LIA7|F0LIA7_THEBM,tr|Q5JI39|Q5JI39_THEKO,F0LIA7,Q5JI39,F0LIA7,Q5JI39
tr|F0LIA8|F0LIA8_THEBM,tr|Q5JI40|Q5JI40_THEKO,F0LIA8,Q5JI40,F0LIA8,Q5JI40
tr|F0LIA9|F0LIA9_THEBM,tr|Q5JI41|Q5JI41_THEKO,F0LIA9,Q5JI41,F0LIA9,Q5JI41
tr|F0LIB1|F0LIB1_THEBM,tr|Q5JHJ0|Q5JHJ0_THEKO,F0LIB1,Q5JHJ0,F0LIB1,Q5JHJ0
tr|F0LIB2|F0LIB2_THEBM,tr|Q5JDF1|Q5JDF1_THEKO,F0LIB2,Q5JDF1,F0LIB2,Q5JDF1
tr|F0LIB3|F0LIB3_THEBM,tr|Q5JDF0|Q5JDF0_THEKO,F0LIB3,Q5JDF0,F0LIB3,Q5JDF0
tr|F0LIB4|F0LIB4_THEBM,tr|Q5JIK8|Q5JIK8_THEKO,F0LIB4,Q5JIK8,F0LIB4,Q5JIK8
tr|F0LID0|F0LID0_THEBM,tr|Q5JIL1|Q5JIL1_THEKO,F0LID0,Q5JIL1,F0LID0,Q5JIL1
tr|F0LID1|F0LID1_THEBM,tr|Q5JIL2|Q5JIL2_THEKO,F0LID1,Q5JIL2,F0LID1,Q5JIL2
tr|F0LID2|F0LID2_THEBM,tr|Q5JIL3|Q5JIL3_THEKO,F0LID2,Q5JIL3,F0LID2,Q5JIL3
tr|F0LID3|F0LID3_THEBM,tr|Q5JIL4|Q5JIL4_THEKO,F0LID3,Q5JIL4,F0LID3,Q5JIL4
tr|F0LID4|F0LID4_THEBM,tr|Q5JHU7|Q5JHU7_THEKO,F0LID4,Q5JHU7,F0LID4,Q5JHU7
tr|F0LID5|F0LID5_THEBM,tr|Q5JHU8|Q5JHU8_THEKO,F0LID5,Q5JHU8,F0LID5,Q5JHU8
tr|F0LID6|F0LID6_THEBM,tr|Q5JHU9|Q5JHU9_THEKO,F0LID6,Q5JHU9,F0LID6,Q5JHU9
tr|F0LID7|F0LID7_THEBM,tr|Q5JHV0|Q5JHV0_THEKO,F0LID7,Q5JHV0,F0LID7,Q5JHV0
tr|F0LID8|F0LID8_THEBM,tr|Q5JHV1|Q5JHV1_THEKO,F0LID8,Q5JHV1,F0LID8,Q5JHV1
tr|F0LID9|F0LID9_THEBM,tr|Q5JHV2|Q5JHV2_THEKO,F0LID9,Q5JHV2,F0LID9,Q5JHV2
tr|F0LIE0|F0LIE0_THEBM,tr|Q5JHV3|Q5JHV3_THEKO,F0LIE0,Q5JHV3,F0LIE0,Q5JHV3
tr|F0LIE1|F0LIE1_THEBM,tr|Q5JHV4|Q5JHV4_THEKO,F0LIE1,Q5JHV4,F0LIE1,Q5JHV4
tr|F0LIE2|F0LIE2_THEBM,tr|Q5JHV5|Q5JHV5_THEKO,F0LIE2,Q5JHV5,F0LIE2,Q5JHV5
tr|F0LIE3|F0LIE3_THEBM,tr|Q5JHV6|Q5JHV6_THEKO,F0LIE3,Q5JHV6,F0LIE3,Q5JHV6
tr|F0LIE5|F0LIE5_THEBM,tr|Q5JHX0|Q5JHX0_THEKO,F0LIE5,Q5JHX0,F0LIE5,Q5JHX0
tr|F0LIE9|F0LIE9_THEBM,tr|Q5JGU9|Q5JGU9_THEKO,F0LIE9,Q5JGU9,F0LIE9,Q5JGU9
tr|F0LIF1|F0LIF1_THEBM,tr|Q5JGV1|Q5JGV1_THEKO,F0LIF1,Q5JGV1,F0LIF1,Q5JGV1
tr|F0LIF2|F0LIF2_THEBM,tr|Q5JGV2|Q5JGV2_THEKO,F0LIF2,Q5JGV2,F0LIF2,Q5JGV2
tr|F0LIF3|F0LIF3_THEBM,sp|Q5JGV3|Y1335_THEKO,F0LIF3,Q5JGV3,F0LIF3,Q5JGV3
tr|F0LIF4|F0LIF4_THEBM,tr|Q5JF75|Q5JF75_THEKO,F0LIF4,Q5JF75,F0LIF4,Q5JF75
tr|F0LIF5|F0LIF5_THEBM,sp|Q5JGV4|Y1334_THEKO,F0LIF5,Q5JGV4,F0LIF5,Q5JGV4
tr|F0LIG3|F0LIG3_THEBM,tr|Q5JJE1|Q5JJE1_THEKO,F0LIG3,Q5JJE1,F0LIG3,Q5JJE1
tr|F0LIG4|F0LIG4_THEBM,tr|Q5JJE0|Q5JJE0_THEKO,F0LIG4,Q5JJE0,F0LIG4,Q5JJE0
tr|F0LIG5|F0LIG5_THEBM,tr|Q5JJD9|Q5JJD9_THEKO,F0LIG5,Q5JJD9,F0LIG5,Q5JJD9
tr|F0LIG6|F0LIG6_THEBM,tr|Q5JGR2|Q5JGR2_THEKO,F0LIG6,Q5JGR2,F0LIG6,Q5JGR2
tr|F0LIG7|F0LIG7_THEBM,tr|Q5JJD8|Q5JJD8_THEKO,F0LIG7,Q5JJD8,F0LIG7,Q5JJD8
tr|F0LIG8|F0LIG8_THEBM,tr|Q5JJD7|Q5JJD7_THEKO,F0LIG8,Q5JJD7,F0LIG8,Q5JJD7
tr|F0LIG9|F0LIG9_THEBM,tr|Q5JJD6|Q5JJD6_THEKO,F0LIG9,Q5JJD6,F0LIG9,Q5JJD6
tr|F0LIH2|F0LIH2_THEBM,tr|Q5JJD5|Q5JJD5_THEKO,F0LIH2,Q5JJD5,F0LIH2,Q5JJD5
tr|F0LIH3|F0LIH3_THEBM,tr|Q5JJD4|Q5JJD4_THEKO,F0LIH3,Q5JJD4,F0LIH3,Q5JJD4
tr|F0LIH5|F0LIH5_THEBM,tr|Q5JE22|Q5JE22_THEKO,F0LIH5,Q5JE22,F0LIH5,Q5JE22
tr|F0LIH6|F0LIH6_THEBM,tr|Q5JE21|Q5JE21_THEKO,F0LIH6,Q5JE21,F0LIH6,Q5JE21
tr|F0LII6|F0LII6_THEBM,tr|Q5JIF2|Q5JIF2_THEKO,F0LII6,Q5JIF2,F0LII6,Q5JIF2
tr|F0LII7|F0LII7_THEBM,tr|Q5JIF3|Q5JIF3_THEKO,F0LII7,Q5JIF3,F0LII7,Q5JIF3
tr|F0LII8|F0LII8_THEBM,tr|Q5JIF4|Q5JIF4_THEKO,F0LII8,Q5JIF4,F0LII8,Q5JIF4
tr|F0LII9|F0LII9_THEBM,tr|Q5JIF5|Q5JIF5_THEKO,F0LII9,Q5JIF5,F0LII9,Q5JIF5
tr|F0LIJ0|F0LIJ0_THEBM,tr|Q5JIF7|Q5JIF7_THEKO,F0LIJ0,Q5JIF7,F0LIJ0,Q5JIF7
tr|F0LIJ1|F0LIJ1_THEBM,tr|Q5JIF8|Q5JIF8_THEKO,F0LIJ1,Q5JIF8,F0LIJ1,Q5JIF8
tr|F0LIJ3|F0LIJ3_THEBM,tr|Q5JIC9|Q5JIC9_THEKO,F0LIJ3,Q5JIC9,F0LIJ3,Q5JIC9
tr|F0LIJ4|F0LIJ4_THEBM,tr|Q5JID0|Q5JID0_THEKO,F0LIJ4,Q5JID0,F0LIJ4,Q5JID0
tr|F0LIJ5|F0LIJ5_THEBM,tr|Q5JID1|Q5JID1_THEKO,F0LIJ5,Q5JID1,F0LIJ5,Q5JID1
tr|F0LIJ6|F0LIJ6_THEBM,tr|Q5JID2|Q5JID2_THEKO,F0LIJ6,Q5JID2,F0LIJ6,Q5JID2
tr|F0LIJ9|F0LIJ9_THEBM,sp|Q5JHB2|Y768_THEKO,F0LIJ9,Q5JHB2,F0LIJ9,Q5JHB2
tr|F0LIK0|F0LIK0_THEBM,tr|Q5JHB1|Q5JHB1_THEKO,F0LIK0,Q5JHB1,F0LIK0,Q5JHB1
tr|F0LIK2|F0LIK2_THEBM,sp|Q5JIE0|RUXX_THEKO,F0LIK2,Q5JIE0,F0LIK2,Q5JIE0
tr|F0LIK5|F0LIK5_THEBM,tr|Q5JIE2|Q5JIE2_THEKO,F0LIK5,Q5JIE2,F0LIK5,Q5JIE2
tr|F0LIK7|F0LIK7_THEBM,tr|Q5JIB1|Q5JIB1_THEKO,F0LIK7,Q5JIB1,F0LIK7,Q5JIB1
tr|F0LIK8|F0LIK8_THEBM,tr|Q5JIB2|Q5JIB2_THEKO,F0LIK8,Q5JIB2,F0LIK8,Q5JIB2
tr|F0LIL0|F0LIL0_THEBM,tr|Q5JIB4|Q5JIB4_THEKO,F0LIL0,Q5JIB4,F0LIL0,Q5JIB4
tr|F0LIL2|F0LIL2_THEBM,tr|Q5JDU7|Q5JDU7_THEKO,F0LIL2,Q5JDU7,F0LIL2,Q5JDU7
tr|F0LIL3|F0LIL3_THEBM,sp|Q5JDU6|Y1752_THEKO,F0LIL3,Q5JDU6,F0LIL3,Q5JDU6
tr|F0LIL5|F0LIL5_THEBM,tr|Q5JIC2|Q5JIC2_THEKO,F0LIL5,Q5JIC2,F0LIL5,Q5JIC2
tr|F0LIL6|F0LIL6_THEBM,tr|Q5JIC3|Q5JIC3_THEKO,F0LIL6,Q5JIC3,F0LIL6,Q5JIC3
tr|F0LIL7|F0LIL7_THEBM,tr|Q5JIC4|Q5JIC4_THEKO,F0LIL7,Q5JIC4,F0LIL7,Q5JIC4
tr|F0LIL8|F0LIL8_THEBM,tr|Q5JIC5|Q5JIC5_THEKO,F0LIL8,Q5JIC5,F0LIL8,Q5JIC5
tr|F0LIM0|F0LIM0_THEBM,tr|Q5JI96|Q5JI96_THEKO,F0LIM0,Q5JI96,F0LIM0,Q5JI96
tr|F0LIM1|F0LIM1_THEBM,tr|Q5JI97|Q5JI97_THEKO,F0LIM1,Q5JI97,F0LIM1,Q5JI97
tr|F0LIM4|F0LIM4_THEBM,tr|Q5JD90|Q5JD90_THEKO,F0LIM4,Q5JD90,F0LIM4,Q5JD90
tr|F0LIM5|F0LIM5_THEBM,tr|Q5JD91|Q5JD91_THEKO,F0LIM5,Q5JD91,F0LIM5,Q5JD91
tr|F0LIN1|F0LIN1_THEBM,tr|Q5JD97|Q5JD97_THEKO,F0LIN1,Q5JD97,F0LIN1,Q5JD97
tr|F0LIN2|F0LIN2_THEBM,tr|Q5JE01|Q5JE01_THEKO,F0LIN2,Q5JE01,F0LIN2,Q5JE01
tr|F0LIN4|F0LIN4_THEBM,tr|Q5JG33|Q5JG33_THEKO,F0LIN4,Q5JG33,F0LIN4,Q5JG33
tr|F0LIN5|F0LIN5_THEBM,tr|Q5JG34|Q5JG34_THEKO,F0LIN5,Q5JG34,F0LIN5,Q5JG34
tr|F0LIN6|F0LIN6_THEBM,tr|Q5JG45|Q5JG45_THEKO,F0LIN6,Q5JG45,F0LIN6,Q5JG45
tr|F0LIN7|F0LIN7_THEBM,tr|Q5JG46|Q5JG46_THEKO,F0LIN7,Q5JG46,F0LIN7,Q5JG46
tr|F0LIN8|F0LIN8_THEBM,tr|Q5JE07|Q5JE07_THEKO,F0LIN8,Q5JE07,F0LIN8,Q5JE07
tr|F0LIP1|F0LIP1_THEBM,tr|Q5JGT9|Q5JGT9_THEKO,F0LIP1,Q5JGT9,F0LIP1,Q5JGT9
tr|F0LIP3|F0LIP3_THEBM,tr|Q5JGS6|Q5JGS6_THEKO,F0LIP3,Q5JGS6,F0LIP3,Q5JGS6
tr|F0LIP4|F0LIP4_THEBM,tr|Q5JGS7|Q5JGS7_THEKO,F0LIP4,Q5JGS7,F0LIP4,Q5JGS7
tr|F0LIP5|F0LIP5_THEBM,tr|Q5JGS9|Q5JGS9_THEKO,F0LIP5,Q5JGS9,F0LIP5,Q5JGS9
tr|F0LIP6|F0LIP6_THEBM,tr|Q5JIW7|Q5JIW7_THEKO,F0LIP6,Q5JIW7,F0LIP6,Q5JIW7
tr|F0LIP9|F0LIP9_THEBM,tr|Q5JDG2|Q5JDG2_THEKO,F0LIP9,Q5JDG2,F0LIP9,Q5JDG2
tr|F0LIQ0|F0LIQ0_THEBM,tr|Q5JDG8|Q5JDG8_THEKO,F0LIQ0,Q5JDG8,F0LIQ0,Q5JDG8
tr|F0LIQ1|F0LIQ1_THEBM,sp|Q5JDG7|ACYP_THEKO,F0LIQ1,Q5JDG7,F0LIQ1,Q5JDG7
tr|F0LIQ2|F0LIQ2_THEBM,sp|Q5JDG6|CUTA_THEKO,F0LIQ2,Q5JDG6,F0LIQ2,Q5JDG6
tr|F0LIQ3|F0LIQ3_THEBM,sp|Q5JDG5|Y2033_THEKO,F0LIQ3,Q5JDG5,F0LIQ3,Q5JDG5
tr|F0LIQ7|F0LIQ7_THEBM,tr|Q5JIK7|Q5JIK7_THEKO,F0LIQ7,Q5JIK7,F0LIQ7,Q5JIK7
tr|F0LIQ8|F0LIQ8_THEBM,tr|Q5JIK6|Q5JIK6_THEKO,F0LIQ8,Q5JIK6,F0LIQ8,Q5JIK6
tr|F0LIQ9|F0LIQ9_THEBM,tr|Q5JIK5|Q5JIK5_THEKO,F0LIQ9,Q5JIK5,F0LIQ9,Q5JIK5
tr|F0LIR0|F0LIR0_THEBM,tr|Q5JIK4|Q5JIK4_THEKO,F0LIR0,Q5JIK4,F0LIR0,Q5JIK4
tr|F0LIR2|F0LIR2_THEBM,tr|Q5JEW0|Q5JEW0_THEKO,F0LIR2,Q5JEW0,F0LIR2,Q5JEW0
tr|F0LIR3|F0LIR3_THEBM,tr|Q5JEV9|Q5JEV9_THEKO,F0LIR3,Q5JEV9,F0LIR3,Q5JEV9
tr|F0LIR8|F0LIR8_THEBM,sp|Q5JDG9|R1PKD_THEKO,F0LIR8,Q5JDG9,F0LIR8,Q5JDG9
tr|F0LIR9|F0LIR9_THEBM,tr|Q5JDH0|Q5JDH0_THEKO,F0LIR9,Q5JDH0,F0LIR9,Q5JDH0
tr|F0LIS0|F0LIS0_THEBM,tr|Q5JDD2|Q5JDD2_THEKO,F0LIS0,Q5JDD2,F0LIS0,Q5JDD2
tr|F0LIS1|F0LIS1_THEBM,tr|Q5JDD3|Q5JDD3_THEKO,F0LIS1,Q5JDD3,F0LIS1,Q5JDD3
tr|F0LIS2|F0LIS2_THEBM,tr|Q5JDD4|Q5JDD4_THEKO,F0LIS2,Q5JDD4,F0LIS2,Q5JDD4
tr|F0LIS4|F0LIS4_THEBM,tr|Q5JDD6|Q5JDD6_THEKO,F0LIS4,Q5JDD6,F0LIS4,Q5JDD6
tr|F0LIS5|F0LIS5_THEBM,tr|Q5JDD7|Q5JDD7_THEKO,F0LIS5,Q5JDD7,F0LIS5,Q5JDD7
tr|F0LIS7|F0LIS7_THEBM,tr|Q5JIJ6|Q5JIJ6_THEKO,F0LIS7,Q5JIJ6,F0LIS7,Q5JIJ6
tr|F0LIS9|F0LIS9_THEBM,tr|Q5JIJ8|Q5JIJ8_THEKO,F0LIS9,Q5JIJ8,F0LIS9,Q5JIJ8
tr|F0LIT0|F0LIT0_THEBM,tr|Q5JIJ9|Q5JIJ9_THEKO,F0LIT0,Q5JIJ9,F0LIT0,Q5JIJ9
tr|F0LIT1|F0LIT1_THEBM,tr|Q5JIK0|Q5JIK0_THEKO,F0LIT1,Q5JIK0,F0LIT1,Q5JIK0
tr|F0LIT2|F0LIT2_THEBM,tr|Q5JIK1|Q5JIK1_THEKO,F0LIT2,Q5JIK1,F0LIT2,Q5JIK1
tr|F0LIT4|F0LIT4_THEBM,tr|Q5JIK3|Q5JIK3_THEKO,F0LIT4,Q5JIK3,F0LIT4,Q5JIK3
tr|F0LIT7|F0LIT7_THEBM,tr|Q5JGB8|Q5JGB8_THEKO,F0LIT7,Q5JGB8,F0LIT7,Q5JGB8
tr|F0LIT9|F0LIT9_THEBM,tr|Q5JGC0|Q5JGC0_THEKO,F0LIT9,Q5JGC0,F0LIT9,Q5JGC0
tr|F0LIU1|F0LIU1_THEBM,sp|Q5JGC2|PANE_THEKO,F0LIU1,Q5JGC2,F0LIU1,Q5JGC2
tr|F0LIU3|F0LIU3_THEBM,tr|Q5JGC3|Q5JGC3_THEKO,F0LIU3,Q5JGC3,F0LIU3,Q5JGC3
tr|F0LIU4|F0LIU4_THEBM,tr|Q5JGC4|Q5JGC4_THEKO,F0LIU4,Q5JGC4,F0LIU4,Q5JGC4
tr|F0LIU5|F0LIU5_THEBM,tr|Q5JHJ1|Q5JHJ1_THEKO,F0LIU5,Q5JHJ1,F0LIU5,Q5JHJ1
tr|F0LIU6|F0LIU6_THEBM,tr|Q5JGC5|Q5JGC5_THEKO,F0LIU6,Q5JGC5,F0LIU6,Q5JGC5
tr|F0LIV2|F0LIV2_THEBM,tr|Q5JGC6|Q5JGC6_THEKO,F0LIV2,Q5JGC6,F0LIV2,Q5JGC6
tr|F0LIV3|F0LIV3_THEBM,tr|Q5JDG4|Q5JDG4_THEKO,F0LIV3,Q5JDG4,F0LIV3,Q5JDG4
tr|F0LIV4|F0LIV4_THEBM,tr|Q5JEM4|Q5JEM4_THEKO,F0LIV4,Q5JEM4,F0LIV4,Q5JEM4
tr|F0LIW1|F0LIW1_THEBM,tr|Q5JEA6|Q5JEA6_THEKO,F0LIW1,Q5JEA6,F0LIW1,Q5JEA6
tr|F0LIW4|F0LIW4_THEBM,tr|Q5JHE6|Q5JHE6_THEKO,F0LIW4,Q5JHE6,F0LIW4,Q5JHE6
tr|F0LIX0|F0LIX0_THEBM,tr|Q5JF20|Q5JF20_THEKO,F0LIX0,Q5JF20,F0LIX0,Q5JF20
tr|F0LIX2|F0LIX2_THEBM,tr|Q5JF33|Q5JF33_THEKO,F0LIX2,Q5JF33,F0LIX2,Q5JF33
tr|F0LIX4|F0LIX4_THEBM,tr|Q5JF31|Q5JF31_THEKO,F0LIX4,Q5JF31,F0LIX4,Q5JF31
tr|F0LIX5|F0LIX5_THEBM,tr|Q5JG42|Q5JG42_THEKO,F0LIX5,Q5JG42,F0LIX5,Q5JG42
tr|F0LIX7|F0LIX7_THEBM,tr|Q5JHY4|Q5JHY4_THEKO,F0LIX7,Q5JHY4,F0LIX7,Q5JHY4
tr|F0LIX9|F0LIX9_THEBM,tr|Q5JHZ5|Q5JHZ5_THEKO,F0LIX9,Q5JHZ5,F0LIX9,Q5JHZ5
tr|F0LIY0|F0LIY0_THEBM,tr|Q5JHZ6|Q5JHZ6_THEKO,F0LIY0,Q5JHZ6,F0LIY0,Q5JHZ6
tr|F0LIY1|F0LIY1_THEBM,tr|Q5JHZ0|Q5JHZ0_THEKO,F0LIY1,Q5JHZ0,F0LIY1,Q5JHZ0
tr|F0LIY3|F0LIY3_THEBM,tr|Q5JHY2|Q5JHY2_THEKO,F0LIY3,Q5JHY2,F0LIY3,Q5JHY2
tr|F0LIY4|F0LIY4_THEBM,tr|Q5JF11|Q5JF11_THEKO,F0LIY4,Q5JF11,F0LIY4,Q5JF11
tr|F0LIY6|F0LIY6_THEBM,sp|Q5JF09|SOR_THEKO,F0LIY6,Q5JF09,F0LIY6,Q5JF09
tr|F0LIY7|F0LIY7_THEBM,tr|Q5JF07|Q5JF07_THEKO,F0LIY7,Q5JF07,F0LIY7,Q5JF07
tr|F0LIY9|F0LIY9_THEBM,tr|Q5JF77|Q5JF77_THEKO,F0LIY9,Q5JF77,F0LIY9,Q5JF77
tr|F0LIZ0|F0LIZ0_THEBM,tr|Q5JDY6|Q5JDY6_THEKO,F0LIZ0,Q5JDY6,F0LIZ0,Q5JDY6
tr|F0LIZ2|F0LIZ2_THEBM,tr|Q5JDY9|Q5JDY9_THEKO,F0LIZ2,Q5JDY9,F0LIZ2,Q5JDY9
tr|F0LIZ3|F0LIZ3_THEBM,tr|Q5JDZ0|Q5JDZ0_THEKO,F0LIZ3,Q5JDZ0,F0LIZ3,Q5JDZ0
tr|F0LIZ4|F0LIZ4_THEBM,tr|Q5JDZ2|Q5JDZ2_THEKO,F0LIZ4,Q5JDZ2,F0LIZ4,Q5JDZ2
tr|F0LIZ5|F0LIZ5_THEBM,tr|Q5JDZ8|Q5JDZ8_THEKO,F0LIZ5,Q5JDZ8,F0LIZ5,Q5JDZ8
tr|F0LIZ9|F0LIZ9_THEBM,tr|Q5JE54|Q5JE54_THEKO,F0LIZ9,Q5JE54,F0LIZ9,Q5JE54
tr|F0LJ00|F0LJ00_THEBM,tr|Q5JE53|Q5JE53_THEKO,F0LJ00,Q5JE53,F0LJ00,Q5JE53
tr|F0LJ01|F0LJ01_THEBM,tr|Q5JHY5|Q5JHY5_THEKO,F0LJ01,Q5JHY5,F0LJ01,Q5JHY5
tr|F0LJ03|F0LJ03_THEBM,tr|Q5JE52|Q5JE52_THEKO,F0LJ03,Q5JE52,F0LJ03,Q5JE52
tr|F0LJ09|F0LJ09_THEBM,tr|Q5JE47|Q5JE47_THEKO,F0LJ09,Q5JE47,F0LJ09,Q5JE47
tr|F0LJ10|F0LJ10_THEBM,tr|Q5JI33|Q5JI33_THEKO,F0LJ10,Q5JI33,F0LJ10,Q5JI33
tr|F0LJ11|F0LJ11_THEBM,tr|Q5JHQ5|Q5JHQ5_THEKO,F0LJ11,Q5JHQ5,F0LJ11,Q5JHQ5
tr|F0LJ13|F0LJ13_THEBM,tr|Q5JF01|Q5JF01_THEKO,F0LJ13,Q5JF01,F0LJ13,Q5JF01
tr|F0LJ15|F0LJ15_THEBM,tr|Q5JG35|Q5JG35_THEKO,F0LJ15,Q5JG35,F0LJ15,Q5JG35
tr|F0LJ17|F0LJ17_THEBM,tr|Q5JI60|Q5JI60_THEKO,F0LJ17,Q5JI60,F0LJ17,Q5JI60
tr|F0LJ18|F0LJ18_THEBM,tr|Q5JI59|Q5JI59_THEKO,F0LJ18,Q5JI59,F0LJ18,Q5JI59
tr|F0LJ19|F0LJ19_THEBM,tr|Q5JI58|Q5JI58_THEKO,F0LJ19,Q5JI58,F0LJ19,Q5JI58
tr|F0LJ20|F0LJ20_THEBM,tr|Q5JI57|Q5JI57_THEKO,F0LJ20,Q5JI57,F0LJ20,Q5JI57
tr|F0LJ21|F0LJ21_THEBM,tr|Q5JI56|Q5JI56_THEKO,F0LJ21,Q5JI56,F0LJ21,Q5JI56
tr|F0LJ23|F0LJ23_THEBM,tr|Q5JI53|Q5JI53_THEKO,F0LJ23,Q5JI53,F0LJ23,Q5JI53
tr|F0LJ27|F0LJ27_THEBM,tr|Q5JI49|Q5JI49_THEKO,F0LJ27,Q5JI49,F0LJ27,Q5JI49
tr|F0LJ31|F0LJ31_THEBM,tr|Q5JI72|Q5JI72_THEKO,F0LJ31,Q5JI72,F0LJ31,Q5JI72
tr|F0LJ33|F0LJ33_THEBM,tr|Q5JI70|Q5JI70_THEKO,F0LJ33,Q5JI70,F0LJ33,Q5JI70
tr|F0LJ41|F0LJ41_THEBM,tr|Q5JI91|Q5JI91_THEKO,F0LJ41,Q5JI91,F0LJ41,Q5JI91
tr|F0LJ44|F0LJ44_THEBM,tr|Q5JH37|Q5JH37_THEKO,F0LJ44,Q5JH37,F0LJ44,Q5JH37
tr|F0LJ55|F0LJ55_THEBM,tr|Q5JGC7|Q5JGC7_THEKO,F0LJ55,Q5JGC7,F0LJ55,Q5JGC7
tr|F0LJ59|F0LJ59_THEBM,tr|Q5JFJ0|Q5JFJ0_THEKO,F0LJ59,Q5JFJ0,F0LJ59,Q5JFJ0
tr|F0LJ61|F0LJ61_THEBM,tr|Q5JFJ2|Q5JFJ2_THEKO,F0LJ61,Q5JFJ2,F0LJ61,Q5JFJ2
tr|F0LJ62|F0LJ62_THEBM,tr|Q5JFE6|Q5JFE6_THEKO,F0LJ62,Q5JFE6,F0LJ62,Q5JFE6
tr|F0LJ63|F0LJ63_THEBM,tr|Q5JHF9|Q5JHF9_THEKO,F0LJ63,Q5JHF9,F0LJ63,Q5JHF9
tr|F0LJ64|F0LJ64_THEBM,tr|Q5JHG0|Q5JHG0_THEKO,F0LJ64,Q5JHG0,F0LJ64,Q5JHG0
tr|F0LJ65|F0LJ65_THEBM,sp|Q5JHG1|Y2131_THEKO,F0LJ65,Q5JHG1,F0LJ65,Q5JHG1
tr|F0LJ66|F0LJ66_THEBM,tr|Q5JHG2|Q5JHG2_THEKO,F0LJ66,Q5JHG2,F0LJ66,Q5JHG2
tr|F0LJ67|F0LJ67_THEBM,tr|Q5JFI9|Q5JFI9_THEKO,F0LJ67,Q5JFI9,F0LJ67,Q5JFI9
tr|F0LJ69|F0LJ69_THEBM,tr|Q5JFL1|Q5JFL1_THEKO,F0LJ69,Q5JFL1,F0LJ69,Q5JFL1
tr|F0LJ70|F0LJ70_THEBM,tr|Q5JFL0|Q5JFL0_THEKO,F0LJ70,Q5JFL0,F0LJ70,Q5JFL0
tr|F0LJ71|F0LJ71_THEBM,tr|Q5JFK9|Q5JFK9_THEKO,F0LJ71,Q5JFK9,F0LJ71,Q5JFK9
tr|F0LJ72|F0LJ72_THEBM,tr|Q5JFK8|Q5JFK8_THEKO,F0LJ72,Q5JFK8,F0LJ72,Q5JFK8
tr|F0LJ73|F0LJ73_THEBM,sp|Q5JFK7|Y174_THEKO,F0LJ73,Q5JFK7,F0LJ73,Q5JFK7
tr|F0LJ74|F0LJ74_THEBM,tr|Q5JFS5|Q5JFS5_THEKO,F0LJ74,Q5JFS5,F0LJ74,Q5JFS5
tr|F0LJ75|F0LJ75_THEBM,tr|Q5JDB4|Q5JDB4_THEKO,F0LJ75,Q5JDB4,F0LJ75,Q5JDB4
tr|F0LJ77|F0LJ77_THEBM,tr|Q5JFE3|Q5JFE3_THEKO,F0LJ77,Q5JFE3,F0LJ77,Q5JFE3
tr|F0LJ78|F0LJ78_THEBM,tr|Q5JFE4|Q5JFE4_THEKO,F0LJ78,Q5JFE4,F0LJ78,Q5JFE4
tr|F0LJ79|F0LJ79_THEBM,tr|Q5JFE5|Q5JFE5_THEKO,F0LJ79,Q5JFE5,F0LJ79,Q5JFE5
tr|F0LJ81|F0LJ81_THEBM,tr|Q5JCY2|Q5JCY2_THEKO,F0LJ81,Q5JCY2,F0LJ81,Q5JCY2
tr|F0LJ83|F0LJ83_THEBM,tr|Q5JHY3|Q5JHY3_THEKO,F0LJ83,Q5JHY3,F0LJ83,Q5JHY3
tr|F0LJ84|F0LJ84_THEBM,tr|Q5JII8|Q5JII8_THEKO,F0LJ84,Q5JII8,F0LJ84,Q5JII8
tr|F0LJ85|F0LJ85_THEBM,tr|Q5JFJ4|Q5JFJ4_THEKO,F0LJ85,Q5JFJ4,F0LJ85,Q5JFJ4
tr|F0LJ86|F0LJ86_THEBM,tr|Q5JIW3|Q5JIW3_THEKO,F0LJ86,Q5JIW3,F0LJ86,Q5JIW3
tr|F0LJ87|F0LJ87_THEBM,tr|Q5JIW5|Q5JIW5_THEKO,F0LJ87,Q5JIW5,F0LJ87,Q5JIW5
tr|F0LJ88|F0LJ88_THEBM,tr|Q5JIW6|Q5JIW6_THEKO,F0LJ88,Q5JIW6,F0LJ88,Q5JIW6
tr|F0LJ89|F0LJ89_THEBM,tr|Q5JIT4|Q5JIT4_THEKO,F0LJ89,Q5JIT4,F0LJ89,Q5JIT4
tr|F0LJ90|F0LJ90_THEBM,tr|Q5JGS2|Q5JGS2_THEKO,F0LJ90,Q5JGS2,F0LJ90,Q5JGS2
tr|F0LJ91|F0LJ91_THEBM,tr|Q5JIT5|Q5JIT5_THEKO,F0LJ91,Q5JIT5,F0LJ91,Q5JIT5
tr|F0LJ92|F0LJ92_THEBM,tr|Q5JIT6|Q5JIT6_THEKO,F0LJ92,Q5JIT6,F0LJ92,Q5JIT6
tr|F0LJ93|F0LJ93_THEBM,tr|Q5JIT7|Q5JIT7_THEKO,F0LJ93,Q5JIT7,F0LJ93,Q5JIT7
tr|F0LJ94|F0LJ94_THEBM,tr|Q5JIT8|Q5JIT8_THEKO,F0LJ94,Q5JIT8,F0LJ94,Q5JIT8
tr|F0LJ97|F0LJ97_THEBM,tr|Q5JIU0|Q5JIU0_THEKO,F0LJ97,Q5JIU0,F0LJ97,Q5JIU0
tr|F0LJ99|F0LJ99_THEBM,tr|Q5JIU4|Q5JIU4_THEKO,F0LJ99,Q5JIU4,F0LJ99,Q5JIU4
tr|F0LJA1|F0LJA1_THEBM,tr|Q5JIU5|Q5JIU5_THEKO,F0LJA1,Q5JIU5,F0LJA1,Q5JIU5
tr|F0LJA2|F0LJA2_THEBM,tr|Q5JIU6|Q5JIU6_THEKO,F0LJA2,Q5JIU6,F0LJA2,Q5JIU6
tr|F0LJA3|F0LJA3_THEBM,tr|Q5JIU7|Q5JIU7_THEKO,F0LJA3,Q5JIU7,F0LJA3,Q5JIU7
tr|F0LJA4|F0LJA4_THEBM,tr|Q5JJ61|Q5JJ61_THEKO,F0LJA4,Q5JJ61,F0LJA4,Q5JJ61
tr|F0LJA5|F0LJA5_THEBM,tr|Q5JJ60|Q5JJ60_THEKO,F0LJA5,Q5JJ60,F0LJA5,Q5JJ60
tr|F0LJA6|F0LJA6_THEBM,tr|Q5JJ59|Q5JJ59_THEKO,F0LJA6,Q5JJ59,F0LJA6,Q5JJ59
tr|F0LJA8|F0LJA8_THEBM,tr|Q5JJ57|Q5JJ57_THEKO,F0LJA8,Q5JJ57,F0LJA8,Q5JJ57
tr|F0LJA9|F0LJA9_THEBM,tr|Q5JJ56|Q5JJ56_THEKO,F0LJA9,Q5JJ56,F0LJA9,Q5JJ56
tr|F0LJB1|F0LJB1_THEBM,tr|Q5JJ54|Q5JJ54_THEKO,F0LJB1,Q5JJ54,F0LJB1,Q5JJ54
tr|F0LJB2|F0LJB2_THEBM,tr|Q5JJ53|Q5JJ53_THEKO,F0LJB2,Q5JJ53,F0LJB2,Q5JJ53
tr|F0LJB3|F0LJB3_THEBM,sp|Q6I7B6|PPM_THEKO,F0LJB3,Q6I7B6,F0LJB3,Q6I7B6
tr|F0LJB4|F0LJB4_THEBM,tr|Q5JJ51|Q5JJ51_THEKO,F0LJB4,Q5JJ51,F0LJB4,Q5JJ51
tr|F0LJB5|F0LJB5_THEBM,tr|Q5JJ48|Q5JJ48_THEKO,F0LJB5,Q5JJ48,F0LJB5,Q5JJ48
tr|F0LJB7|F0LJB7_THEBM,tr|Q5JJ79|Q5JJ79_THEKO,F0LJB7,Q5JJ79,F0LJB7,Q5JJ79
tr|F0LJB9|F0LJB9_THEBM,tr|Q5JJ78|Q5JJ78_THEKO,F0LJB9,Q5JJ78,F0LJB9,Q5JJ78
tr|F0LJC0|F0LJC0_THEBM,tr|Q5JJ77|Q5JJ77_THEKO,F0LJC0,Q5JJ77,F0LJC0,Q5JJ77
tr|F0LJC1|F0LJC1_THEBM,tr|Q5JJ76|Q5JJ76_THEKO,F0LJC1,Q5JJ76,F0LJC1,Q5JJ76
tr|F0LJC2|F0LJC2_THEBM,tr|Q5JJ75|Q5JJ75_THEKO,F0LJC2,Q5JJ75,F0LJC2,Q5JJ75
tr|F0LJC4|F0LJC4_THEBM,tr|Q5JJ74|Q5JJ74_THEKO,F0LJC4,Q5JJ74,F0LJC4,Q5JJ74
tr|F0LJC8|F0LJC8_THEBM,tr|Q5JFW7|Q5JFW7_THEKO,F0LJC8,Q5JFW7,F0LJC8,Q5JFW7
tr|F0LJC9|F0LJC9_THEBM,tr|Q5JFW8|Q5JFW8_THEKO,F0LJC9,Q5JFW8,F0LJC9,Q5JFW8
tr|F0LJD0|F0LJD0_THEBM,tr|Q5JFW9|Q5JFW9_THEKO,F0LJD0,Q5JFW9,F0LJD0,Q5JFW9
tr|F0LJD1|F0LJD1_THEBM,tr|Q5JFX0|Q5JFX0_THEKO,F0LJD1,Q5JFX0,F0LJD1,Q5JFX0
tr|F0LJD9|F0LJD9_THEBM,sp|O93744|AAT_THEKO,F0LJD9,O93744,F0LJD9,O93744
tr|F0LJE0|F0LJE0_THEBM,tr|Q5JFT7|Q5JFT7_THEKO,F0LJE0,Q5JFT7,F0LJE0,Q5JFT7
tr|F0LJE2|F0LJE2_THEBM,tr|Q5JFU5|Q5JFU5_THEKO,F0LJE2,Q5JFU5,F0LJE2,Q5JFU5
tr|F0LJE8|F0LJE8_THEBM,tr|Q5JFT0|Q5JFT0_THEKO,F0LJE8,Q5JFT0,F0LJE8,Q5JFT0
tr|F0LJF1|F0LJF1_THEBM,tr|Q5JFR7|Q5JFR7_THEKO,F0LJF1,Q5JFR7,F0LJF1,Q5JFR7
tr|F0LJF7|F0LJF7_THEBM,tr|Q5JDX2|Q5JDX2_THEKO,F0LJF7,Q5JDX2,F0LJF7,Q5JDX2
tr|F0LJF8|F0LJF8_THEBM,tr|Q5JG54|Q5JG54_THEKO,F0LJF8,Q5JG54,F0LJF8,Q5JG54
tr|F0LJF9|F0LJF9_THEBM,tr|Q5JDX3|Q5JDX3_THEKO,F0LJF9,Q5JDX3,F0LJF9,Q5JDX3
tr|F0LJG0|F0LJG0_THEBM,tr|Q5JDX0|Q5JDX0_THEKO,F0LJG0,Q5JDX0,F0LJG0,Q5JDX0
tr|F0LJG1|F0LJG1_THEBM,tr|Q5JDX1|Q5JDX1_THEKO,F0LJG1,Q5JDX1,F0LJG1,Q5JDX1
tr|F0LJG4|F0LJG4_THEBM,tr|Q5JG48|Q5JG48_THEKO,F0LJG4,Q5JG48,F0LJG4,Q5JG48
tr|F0LJG6|F0LJG6_THEBM,sp|Q5JJB4|Y1472_THEKO,F0LJG6,Q5JJB4,F0LJG6,Q5JJB4
tr|F0LJG7|F0LJG7_THEBM,tr|Q5JDZ9|Q5JDZ9_THEKO,F0LJG7,Q5JDZ9,F0LJG7,Q5JDZ9
tr|F0LJG9|F0LJG9_THEBM,tr|Q5JH55|Q5JH55_THEKO,F0LJG9,Q5JH55,F0LJG9,Q5JH55
tr|F0LJH1|F0LJH1_THEBM,tr|Q5JFR4|Q5JFR4_THEKO,F0LJH1,Q5JFR4,F0LJH1,Q5JFR4
tr|F0LJH2|F0LJH2_THEBM,tr|Q5JF19|Q5JF19_THEKO,F0LJH2,Q5JF19,F0LJH2,Q5JF19
tr|F0LJH9|F0LJH9_THEBM,tr|Q5JD85|Q5JD85_THEKO,F0LJH9,Q5JD85,F0LJH9,Q5JD85
tr|F0LJI0|F0LJI0_THEBM,tr|Q5JD86|Q5JD86_THEKO,F0LJI0,Q5JD86,F0LJI0,Q5JD86
tr|F0LJI1|F0LJI1_THEBM,tr|Q5JCY5|Q5JCY5_THEKO,F0LJI1,Q5JCY5,F0LJI1,Q5JCY5
tr|F0LJI3|F0LJI3_THEBM,tr|Q5JGA4|Q5JGA4_THEKO,F0LJI3,Q5JGA4,F0LJI3,Q5JGA4
tr|F0LJI8|F0LJI8_THEBM,tr|Q5JGA6|Q5JGA6_THEKO,F0LJI8,Q5JGA6,F0LJI8,Q5JGA6
tr|F0LJJ2|F0LJJ2_THEBM,tr|Q5JDX5|Q5JDX5_THEKO,F0LJJ2,Q5JDX5,F0LJJ2,Q5JDX5
tr|F0LJJ3|F0LJJ3_THEBM,tr|Q5JE93|Q5JE93_THEKO,F0LJJ3,Q5JE93,F0LJJ3,Q5JE93
tr|F0LJJ4|F0LJJ4_THEBM,tr|Q5JE92|Q5JE92_THEKO,F0LJJ4,Q5JE92,F0LJJ4,Q5JE92
tr|F0LJJ5|F0LJJ5_THEBM,tr|Q5JE91|Q5JE91_THEKO,F0LJJ5,Q5JE91,F0LJJ5,Q5JE91
tr|F0LJJ6|F0LJJ6_THEBM,tr|Q5JE90|Q5JE90_THEKO,F0LJJ6,Q5JE90,F0LJJ6,Q5JE90
tr|F0LJJ7|F0LJJ7_THEBM,tr|Q5JE89|Q5JE89_THEKO,F0LJJ7,Q5JE89,F0LJJ7,Q5JE89
tr|F0LJJ9|F0LJJ9_THEBM,tr|Q5JE87|Q5JE87_THEKO,F0LJJ9,Q5JE87,F0LJJ9,Q5JE87
tr|F0LJK2|F0LJK2_THEBM,tr|Q5JGE3|Q5JGE3_THEKO,F0LJK2,Q5JGE3,F0LJK2,Q5JGE3
tr|F0LJK7|F0LJK7_THEBM,tr|Q5JJ71|Q5JJ71_THEKO,F0LJK7,Q5JJ71,F0LJK7,Q5JJ71
tr|F0LJK8|F0LJK8_THEBM,tr|Q5JJ70|Q5JJ70_THEKO,F0LJK8,Q5JJ70,F0LJK8,Q5JJ70
tr|F0LJK9|F0LJK9_THEBM,tr|Q5JJ69|Q5JJ69_THEKO,F0LJK9,Q5JJ69,F0LJK9,Q5JJ69
tr|F0LJL0|F0LJL0_THEBM,tr|Q5JJ68|Q5JJ68_THEKO,F0LJL0,Q5JJ68,F0LJL0,Q5JJ68
tr|F0LJL1|F0LJL1_THEBM,tr|Q5JJ05|Q5JJ05_THEKO,F0LJL1,Q5JJ05,F0LJL1,Q5JJ05
tr|F0LJL3|F0LJL3_THEBM,tr|Q5JJ66|Q5JJ66_THEKO,F0LJL3,Q5JJ66,F0LJL3,Q5JJ66
tr|F0LJL6|F0LJL6_THEBM,tr|Q5JJ96|Q5JJ96_THEKO,F0LJL6,Q5JJ96,F0LJL6,Q5JJ96
tr|F0LJL7|F0LJL7_THEBM,tr|Q5JJ95|Q5JJ95_THEKO,F0LJL7,Q5JJ95,F0LJL7,Q5JJ95
tr|F0LJL8|F0LJL8_THEBM,tr|Q5JJ94|Q5JJ94_THEKO,F0LJL8,Q5JJ94,F0LJL8,Q5JJ94
tr|F0LJL9|F0LJL9_THEBM,tr|Q5JJ93|Q5JJ93_THEKO,F0LJL9,Q5JJ93,F0LJL9,Q5JJ93
tr|F0LJM0|F0LJM0_THEBM,tr|Q5JJ92|Q5JJ92_THEKO,F0LJM0,Q5JJ92,F0LJM0,Q5JJ92
tr|F0LJM2|F0LJM2_THEBM,sp|Q5JJ90|PYRK_THEKO,F0LJM2,Q5JJ90,F0LJM2,Q5JJ90
tr|F0LJM3|F0LJM3_THEBM,tr|Q5JJ89|Q5JJ89_THEKO,F0LJM3,Q5JJ89,F0LJM3,Q5JJ89
tr|F0LJM4|F0LJM4_THEBM,tr|Q5JJ88|Q5JJ88_THEKO,F0LJM4,Q5JJ88,F0LJM4,Q5JJ88
tr|F0LJM5|F0LJM5_THEBM,tr|Q5JDI1|Q5JDI1_THEKO,F0LJM5,Q5JDI1,F0LJM5,Q5JDI1
tr|F0LJM6|F0LJM6_THEBM,tr|Q5JIQ8|Q5JIQ8_THEKO,F0LJM6,Q5JIQ8,F0LJM6,Q5JIQ8
tr|F0LJN3|F0LJN3_THEBM,tr|Q5JDS1|Q5JDS1_THEKO,F0LJN3,Q5JDS1,F0LJN3,Q5JDS1
tr|F0LJN5|F0LJN5_THEBM,tr|Q5JDS3|Q5JDS3_THEKO,F0LJN5,Q5JDS3,F0LJN5,Q5JDS3
tr|F0LJN6|F0LJN6_THEBM,tr|Q5JDS4|Q5JDS4_THEKO,F0LJN6,Q5JDS4,F0LJN6,Q5JDS4
tr|F0LJP0|F0LJP0_THEBM,tr|Q5JDS8|Q5JDS8_THEKO,F0LJP0,Q5JDS8,F0LJP0,Q5JDS8
tr|F0LJP1|F0LJP1_THEBM,sp|Q5JDS9|Y1590_THEKO,F0LJP1,Q5JDS9,F0LJP1,Q5JDS9
tr|F0LJP2|F0LJP2_THEBM,tr|Q5JIN6|Q5JIN6_THEKO,F0LJP2,Q5JIN6,F0LJP2,Q5JIN6
tr|F0LJP4|F0LJP4_THEBM,tr|Q5JIN7|Q5JIN7_THEKO,F0LJP4,Q5JIN7,F0LJP4,Q5JIN7
tr|F0LJP7|F0LJP7_THEBM,tr|Q5JIP5|Q5JIP5_THEKO,F0LJP7,Q5JIP5,F0LJP7,Q5JIP5
tr|F0LJP9|F0LJP9_THEBM,tr|Q5JIL9|Q5JIL9_THEKO,F0LJP9,Q5JIL9,F0LJP9,Q5JIL9
tr|F0LJQ5|F0LJQ5_THEBM,tr|Q5JIM3|Q5JIM3_THEKO,F0LJQ5,Q5JIM3,F0LJQ5,Q5JIM3
tr|F0LJR0|F0LJR0_THEBM,tr|Q5JDP7|Q5JDP7_THEKO,F0LJR0,Q5JDP7,F0LJR0,Q5JDP7
tr|F0LJR3|F0LJR3_THEBM,tr|Q5JEU0|Q5JEU0_THEKO,F0LJR3,Q5JEU0,F0LJR3,Q5JEU0
tr|F0LJR4|F0LJR4_THEBM,tr|Q5JEU1|Q5JEU1_THEKO,F0LJR4,Q5JEU1,F0LJR4,Q5JEU1
tr|F0LJR5|F0LJR5_THEBM,tr|Q5JEU2|Q5JEU2_THEKO,F0LJR5,Q5JEU2,F0LJR5,Q5JEU2
tr|F0LJR6|F0LJR6_THEBM,tr|Q5JEU9|Q5JEU9_THEKO,F0LJR6,Q5JEU9,F0LJR6,Q5JEU9
tr|F0LJR8|F0LJR8_THEBM,sp|Q5JEV0|RS32_THEKO,F0LJR8,Q5JEV0,F0LJR8,Q5JEV0
tr|F0LJR9|F0LJR9_THEBM,tr|Q5JEV1|Q5JEV1_THEKO,F0LJR9,Q5JEV1,F0LJR9,Q5JEV1
tr|F0LJS0|F0LJS0_THEBM,tr|Q5JES0|Q5JES0_THEKO,F0LJS0,Q5JES0,F0LJS0,Q5JES0
tr|F0LJS1|F0LJS1_THEBM,tr|Q5JES1|Q5JES1_THEKO,F0LJS1,Q5JES1,F0LJS1,Q5JES1
tr|F0LJS5|F0LJS5_THEBM,tr|Q5JHC3|Q5JHC3_THEKO,F0LJS5,Q5JHC3,F0LJS5,Q5JHC3
tr|F0LJS6|F0LJS6_THEBM,tr|Q5JI20|Q5JI20_THEKO,F0LJS6,Q5JI20,F0LJS6,Q5JI20
tr|F0LJS7|F0LJS7_THEBM,tr|Q5JHC4|Q5JHC4_THEKO,F0LJS7,Q5JHC4,F0LJS7,Q5JHC4
tr|F0LJS8|F0LJS8_THEBM,tr|Q5JHC5|Q5JHC5_THEKO,F0LJS8,Q5JHC5,F0LJS8,Q5JHC5
tr|F0LJT0|F0LJT0_THEBM,tr|Q5JHC8|Q5JHC8_THEKO,F0LJT0,Q5JHC8,F0LJT0,Q5JHC8
tr|F0LJT4|F0LJT4_THEBM,tr|Q5JHD0|Q5JHD0_THEKO,F0LJT4,Q5JHD0,F0LJT4,Q5JHD0
tr|F0LJT5|F0LJT5_THEBM,tr|Q5JER4|Q5JER4_THEKO,F0LJT5,Q5JER4,F0LJT5,Q5JER4
tr|F0LJT6|F0LJT6_THEBM,tr|Q5JH84|Q5JH84_THEKO,F0LJT6,Q5JH84,F0LJT6,Q5JH84
tr|F0LJT7|F0LJT7_THEBM,tr|Q5JH83|Q5JH83_THEKO,F0LJT7,Q5JH83,F0LJT7,Q5JH83
tr|F0LJU0|F0LJU0_THEBM,tr|Q5JH80|Q5JH80_THEKO,F0LJU0,Q5JH80,F0LJU0,Q5JH80
tr|F0LJU2|F0LJU2_THEBM,sp|Q5JH78|IF1A_THEKO,F0LJU2,Q5JH78,F0LJU2,Q5JH78
tr|F0LJU4|F0LJU4_THEBM,tr|Q5JEL2|Q5JEL2_THEKO,F0LJU4,Q5JEL2,F0LJU4,Q5JEL2
tr|F0LJU8|F0LJU8_THEBM,tr|Q5JD52|Q5JD52_THEKO,F0LJU8,Q5JD52,F0LJU8,Q5JD52
tr|F0LJU9|F0LJU9_THEBM,tr|Q5JF71|Q5JF71_THEKO,F0LJU9,Q5JF71,F0LJU9,Q5JF71
tr|F0LJV0|F0LJV0_THEBM,tr|Q5JF70|Q5JF70_THEKO,F0LJV0,Q5JF70,F0LJV0,Q5JF70
tr|F0LJV1|F0LJV1_THEBM,tr|Q5JF69|Q5JF69_THEKO,F0LJV1,Q5JF69,F0LJV1,Q5JF69
tr|F0LJV2|F0LJV2_THEBM,tr|Q5JF68|Q5JF68_THEKO,F0LJV2,Q5JF68,F0LJV2,Q5JF68
tr|F0LJV3|F0LJV3_THEBM,tr|Q5JEZ1|Q5JEZ1_THEKO,F0LJV3,Q5JEZ1,F0LJV3,Q5JEZ1
tr|F0LJV4|F0LJV4_THEBM,tr|Q5JEZ0|Q5JEZ0_THEKO,F0LJV4,Q5JEZ0,F0LJV4,Q5JEZ0
tr|F0LJV5|F0LJV5_THEBM,tr|Q5JEY9|Q5JEY9_THEKO,F0LJV5,Q5JEY9,F0LJV5,Q5JEY9
tr|F0LJV6|F0LJV6_THEBM,tr|Q5JEY8|Q5JEY8_THEKO,F0LJV6,Q5JEY8,F0LJV6,Q5JEY8
tr|F0LJV7|F0LJV7_THEBM,tr|Q5JEY7|Q5JEY7_THEKO,F0LJV7,Q5JEY7,F0LJV7,Q5JEY7
tr|F0LJV8|F0LJV8_THEBM,tr|Q5JH60|Q5JH60_THEKO,F0LJV8,Q5JH60,F0LJV8,Q5JH60
tr|F0LJW3|F0LJW3_THEBM,tr|Q5JD46|Q5JD46_THEKO,F0LJW3,Q5JD46,F0LJW3,Q5JD46
tr|F0LJW5|F0LJW5_THEBM,tr|Q5JD50|Q5JD50_THEKO,F0LJW5,Q5JD50,F0LJW5,Q5JD50
tr|F0LJW6|F0LJW6_THEBM,tr|Q5JDY5|Q5JDY5_THEKO,F0LJW6,Q5JDY5,F0LJW6,Q5JDY5
tr|F0LJW7|F0LJW7_THEBM,tr|Q5JD54|Q5JD54_THEKO,F0LJW7,Q5JD54,F0LJW7,Q5JD54
tr|F0LJX4|F0LJX4_THEBM,tr|Q5JHB7|Q5JHB7_THEKO,F0LJX4,Q5JHB7,F0LJX4,Q5JHB7
tr|F0LJX7|F0LJX7_THEBM,tr|Q8NKS3|Q8NKS3_THEKO,F0LJX7,Q8NKS3,F0LJX7,Q8NKS3
tr|F0LJX8|F0LJX8_THEBM,tr|Q8NKS4|Q8NKS4_THEKO,F0LJX8,Q8NKS4,F0LJX8,Q8NKS4
tr|F0LJX9|F0LJX9_THEBM,tr|Q8NKS5|Q8NKS5_THEKO,F0LJX9,Q8NKS5,F0LJX9,Q8NKS5
tr|F0LJY0|F0LJY0_THEBM,tr|Q5JHU6|Q5JHU6_THEKO,F0LJY0,Q5JHU6,F0LJY0,Q5JHU6
tr|F0LJY1|F0LJY1_THEBM,tr|Q5JHW2|Q5JHW2_THEKO,F0LJY1,Q5JHW2,F0LJY1,Q5JHW2
tr|F0LJY2|F0LJY2_THEBM,tr|Q5JHW1|Q5JHW1_THEKO,F0LJY2,Q5JHW1,F0LJY2,Q5JHW1
tr|F0LJZ0|F0LJZ0_THEBM,tr|Q5JI25|Q5JI25_THEKO,F0LJZ0,Q5JI25,F0LJZ0,Q5JI25
tr|F0LJZ1|F0LJZ1_THEBM,tr|Q5JI26|Q5JI26_THEKO,F0LJZ1,Q5JI26,F0LJZ1,Q5JI26
tr|F0LJZ2|F0LJZ2_THEBM,tr|Q5JI12|Q5JI12_THEKO,F0LJZ2,Q5JI12,F0LJZ2,Q5JI12
tr|F0LJZ4|F0LJZ4_THEBM,tr|Q5JHZ8|Q5JHZ8_THEKO,F0LJZ4,Q5JHZ8,F0LJZ4,Q5JHZ8
tr|F0LJZ6|F0LJZ6_THEBM,tr|Q5JI01|Q5JI01_THEKO,F0LJZ6,Q5JI01,F0LJZ6,Q5JI01
tr|F0LJZ7|F0LJZ7_THEBM,tr|Q5JI22|Q5JI22_THEKO,F0LJZ7,Q5JI22,F0LJZ7,Q5JI22
tr|F0LJZ8|F0LJZ8_THEBM,sp|Q5JI02|Y853_THEKO,F0LJZ8,Q5JI02,F0LJZ8,Q5JI02
tr|F0LK00|F0LK00_THEBM,tr|Q5JI08|Q5JI08_THEKO,F0LK00,Q5JI08,F0LK00,Q5JI08
tr|F0LK01|F0LK01_THEBM,tr|Q5JGL2|Q5JGL2_THEKO,F0LK01,Q5JGL2,F0LK01,Q5JGL2
tr|F0LK02|F0LK02_THEBM,tr|Q5JGL1|Q5JGL1_THEKO,F0LK02,Q5JGL1,F0LK02,Q5JGL1
tr|F0LK03|F0LK03_THEBM,tr|Q5JGM6|Q5JGM6_THEKO,F0LK03,Q5JGM6,F0LK03,Q5JGM6
tr|F0LK04|F0LK04_THEBM,tr|Q5JGP2|Q5JGP2_THEKO,F0LK04,Q5JGP2,F0LK04,Q5JGP2
tr|F0LK05|F0LK05_THEBM,tr|Q5JGP1|Q5JGP1_THEKO,F0LK05,Q5JGP1,F0LK05,Q5JGP1
tr|F0LK08|F0LK08_THEBM,sp|Q5JI47|NFI_THEKO,F0LK08,Q5JI47,F0LK08,Q5JI47
tr|F0LK09|F0LK09_THEBM,tr|Q5JI46|Q5JI46_THEKO,F0LK09,Q5JI46,F0LK09,Q5JI46
tr|F0LK17|F0LK17_THEBM,tr|Q5JHD1|Q5JHD1_THEKO,F0LK17,Q5JHD1,F0LK17,Q5JHD1
tr|F0LK18|F0LK18_THEBM,tr|Q5JHD2|Q5JHD2_THEKO,F0LK18,Q5JHD2,F0LK18,Q5JHD2
tr|F0LK20|F0LK20_THEBM,tr|Q5JHD4|Q5JHD4_THEKO,F0LK20,Q5JHD4,F0LK20,Q5JHD4
tr|F0LK21|F0LK21_THEBM,tr|Q5JHD5|Q5JHD5_THEKO,F0LK21,Q5JHD5,F0LK21,Q5JHD5
tr|F0LK22|F0LK22_THEBM,tr|Q5JHC2|Q5JHC2_THEKO,F0LK22,Q5JHC2,F0LK22,Q5JHC2
tr|F0LK23|F0LK23_THEBM,tr|Q5JE25|Q5JE25_THEKO,F0LK23,Q5JE25,F0LK23,Q5JE25
tr|F0LK24|F0LK24_THEBM,tr|Q5JHD6|Q5JHD6_THEKO,F0LK24,Q5JHD6,F0LK24,Q5JHD6
tr|F0LK28|F0LK28_THEBM,tr|Q5JHI0|Q5JHI0_THEKO,F0LK28,Q5JHI0,F0LK28,Q5JHI0
tr|F0LK29|F0LK29_THEBM,tr|Q5JEP4|Q5JEP4_THEKO,F0LK29,Q5JEP4,F0LK29,Q5JEP4
tr|F0LK31|F0LK31_THEBM,tr|Q5JF65|Q5JF65_THEKO,F0LK31,Q5JF65,F0LK31,Q5JF65
tr|F0LK32|F0LK32_THEBM,tr|Q5JF64|Q5JF64_THEKO,F0LK32,Q5JF64,F0LK32,Q5JF64
tr|F0LK34|F0LK34_THEBM,tr|Q5JHX2|Q5JHX2_THEKO,F0LK34,Q5JHX2,F0LK34,Q5JHX2
tr|F0LK35|F0LK35_THEBM,tr|Q5JHX3|Q5JHX3_THEKO,F0LK35,Q5JHX3,F0LK35,Q5JHX3
tr|F0LK38|F0LK38_THEBM,tr|Q5JHX5|Q5JHX5_THEKO,F0LK38,Q5JHX5,F0LK38,Q5JHX5
tr|F0LK39|F0LK39_THEBM,tr|Q5JDQ3|Q5JDQ3_THEKO,F0LK39,Q5JDQ3,F0LK39,Q5JDQ3
tr|F0LK40|F0LK40_THEBM,tr|Q5JDQ4|Q5JDQ4_THEKO,F0LK40,Q5JDQ4,F0LK40,Q5JDQ4
tr|F0LK41|F0LK41_THEBM,tr|Q5JDQ5|Q5JDQ5_THEKO,F0LK41,Q5JDQ5,F0LK41,Q5JDQ5
tr|F0LK42|F0LK42_THEBM,tr|Q5JDQ6|Q5JDQ6_THEKO,F0LK42,Q5JDQ6,F0LK42,Q5JDQ6
tr|F0LK43|F0LK43_THEBM,tr|Q5JDR0|Q5JDR0_THEKO,F0LK43,Q5JDR0,F0LK43,Q5JDR0
tr|F0LK44|F0LK44_THEBM,tr|Q5JDY0|Q5JDY0_THEKO,F0LK44,Q5JDY0,F0LK44,Q5JDY0
tr|F0LK46|F0LK46_THEBM,tr|Q5JDR5|Q5JDR5_THEKO,F0LK46,Q5JDR5,F0LK46,Q5JDR5
tr|F0LK47|F0LK47_THEBM,tr|Q5JDR6|Q5JDR6_THEKO,F0LK47,Q5JDR6,F0LK47,Q5JDR6
tr|F0LK48|F0LK48_THEBM,tr|Q5JDR7|Q5JDR7_THEKO,F0LK48,Q5JDR7,F0LK48,Q5JDR7
tr|F0LK49|F0LK49_THEBM,tr|Q5JDG1|Q5JDG1_THEKO,F0LK49,Q5JDG1,F0LK49,Q5JDG1
tr|F0LK50|F0LK50_THEBM,tr|Q5JES5|Q5JES5_THEKO,F0LK50,Q5JES5,F0LK50,Q5JES5
tr|F0LK51|F0LK51_THEBM,tr|Q5JEV3|Q5JEV3_THEKO,F0LK51,Q5JEV3,F0LK51,Q5JEV3
tr|F0LK52|F0LK52_THEBM,tr|Q5JHH1|Q5JHH1_THEKO,F0LK52,Q5JHH1,F0LK52,Q5JHH1
tr|F0LK53|F0LK53_THEBM,tr|Q5JHH0|Q5JHH0_THEKO,F0LK53,Q5JHH0,F0LK53,Q5JHH0
tr|F0LK54|F0LK54_THEBM,tr|Q5JDT0|Q5JDT0_THEKO,F0LK54,Q5JDT0,F0LK54,Q5JDT0
tr|F0LK55|F0LK55_THEBM,sp|Q5JHG7|ARCSA_THEKO,F0LK55,Q5JHG7,F0LK55,Q5JHG7
tr|F0LK56|F0LK56_THEBM,tr|Q5JHG6|Q5JHG6_THEKO,F0LK56,Q5JHG6,F0LK56,Q5JHG6
tr|F0LK57|F0LK57_THEBM,sp|Q5JHG5|CPKA_THEKO,F0LK57,Q5JHG5,F0LK57,Q5JHG5
tr|F0LK58|F0LK58_THEBM,tr|Q5JHG4|Q5JHG4_THEKO,F0LK58,Q5JHG4,F0LK58,Q5JHG4
tr|F0LK61|F0LK61_THEBM,tr|Q5JEW2|Q5JEW2_THEKO,F0LK61,Q5JEW2,F0LK61,Q5JEW2
tr|F0LK62|F0LK62_THEBM,tr|Q5JIX7|Q5JIX7_THEKO,F0LK62,Q5JIX7,F0LK62,Q5JIX7
tr|F0LK64|F0LK64_THEBM,tr|Q5JEW4|Q5JEW4_THEKO,F0LK64,Q5JEW4,F0LK64,Q5JEW4
tr|F0LK66|F0LK66_THEBM,tr|Q5JEW6|Q5JEW6_THEKO,F0LK66,Q5JEW6,F0LK66,Q5JEW6
tr|F0LK68|F0LK68_THEBM,tr|Q5JEW8|Q5JEW8_THEKO,F0LK68,Q5JEW8,F0LK68,Q5JEW8
tr|F0LK69|F0LK69_THEBM,tr|Q5JEW9|Q5JEW9_THEKO,F0LK69,Q5JEW9,F0LK69,Q5JEW9
tr|F0LK73|F0LK73_THEBM,tr|Q5JFL2|Q5JFL2_THEKO,F0LK73,Q5JFL2,F0LK73,Q5JFL2
tr|F0LK75|F0LK75_THEBM,tr|Q5JEX1|Q5JEX1_THEKO,F0LK75,Q5JEX1,F0LK75,Q5JEX1
tr|F0LK78|F0LK78_THEBM,tr|Q5JEX2|Q5JEX2_THEKO,F0LK78,Q5JEX2,F0LK78,Q5JEX2
tr|F0LK79|F0LK79_THEBM,tr|Q5JEX3|Q5JEX3_THEKO,F0LK79,Q5JEX3,F0LK79,Q5JEX3
tr|F0LK84|F0LK84_THEBM,tr|Q5JEU5|Q5JEU5_THEKO,F0LK84,Q5JEU5,F0LK84,Q5JEU5
tr|F0LK85|F0LK85_THEBM,tr|Q5JEU6|Q5JEU6_THEKO,F0LK85,Q5JEU6,F0LK85,Q5JEU6
tr|F0LK87|F0LK87_THEBM,tr|Q5JEX4|Q5JEX4_THEKO,F0LK87,Q5JEX4,F0LK87,Q5JEX4
tr|F0LK88|F0LK88_THEBM,tr|Q5JEX5|Q5JEX5_THEKO,F0LK88,Q5JEX5,F0LK88,Q5JEX5
tr|F0LK89|F0LK89_THEBM,tr|Q5JEX6|Q5JEX6_THEKO,F0LK89,Q5JEX6,F0LK89,Q5JEX6
tr|F0LK90|F0LK90_THEBM,tr|Q5JEX7|Q5JEX7_THEKO,F0LK90,Q5JEX7,F0LK90,Q5JEX7
tr|F0LK93|F0LK93_THEBM,tr|Q5JEV2|Q5JEV2_THEKO,F0LK93,Q5JEV2,F0LK93,Q5JEV2
tr|F0LK94|F0LK94_THEBM,tr|Q5JHJ2|Q5JHJ2_THEKO,F0LK94,Q5JHJ2,F0LK94,Q5JHJ2
tr|F0LK95|F0LK95_THEBM,tr|Q5JF29|Q5JF29_THEKO,F0LK95,Q5JF29,F0LK95,Q5JF29
tr|F0LK96|F0LK96_THEBM,sp|Q5JF28|Y539_THEKO,F0LK96,Q5JF28,F0LK96,Q5JF28
tr|F0LK97|F0LK97_THEBM,tr|Q5JF27|Q5JF27_THEKO,F0LK97,Q5JF27,F0LK97,Q5JF27
tr|F0LKA7|F0LKA7_THEBM,sp|Q5JET9|Y1926_THEKO,F0LKA7,Q5JET9,F0LKA7,Q5JET9
tr|F0LKB5|F0LKB5_THEBM,tr|Q5JCX0|Q5JCX0_THEKO,F0LKB5,Q5JCX0,F0LKB5,Q5JCX0
tr|F0LKB6|F0LKB6_THEBM,tr|Q5JCW9|Q5JCW9_THEKO,F0LKB6,Q5JCW9,F0LKB6,Q5JCW9
tr|F0LKB7|F0LKB7_THEBM,tr|Q5JCW8|Q5JCW8_THEKO,F0LKB7,Q5JCW8,F0LKB7,Q5JCW8
tr|F0LKB9|F0LKB9_THEBM,sp|Q5JCY8|ARCH_THEKO,F0LKB9,Q5JCY8,F0LKB9,Q5JCY8
tr|F0LKC1|F0LKC1_THEBM,tr|Q5JEP1|Q5JEP1_THEKO,F0LKC1,Q5JEP1,F0LKC1,Q5JEP1
tr|F0LKC8|F0LKC8_THEBM,sp|Q5JE80|RASEA_THEKO,F0LKC8,Q5JE80,F0LKC8,Q5JE80
tr|F0LKC9|F0LKC9_THEBM,tr|Q5JE84|Q5JE84_THEKO,F0LKC9,Q5JE84,F0LKC9,Q5JE84
tr|F0LKD1|F0LKD1_THEBM,tr|Q5JE71|Q5JE71_THEKO,F0LKD1,Q5JE71,F0LKD1,Q5JE71
tr|F0LKD2|F0LKD2_THEBM,tr|Q5JE58|Q5JE58_THEKO,F0LKD2,Q5JE58,F0LKD2,Q5JE58
tr|F0LKD4|F0LKD4_THEBM,tr|Q5JE60|Q5JE60_THEKO,F0LKD4,Q5JE60,F0LKD4,Q5JE60
tr|F0LKD5|F0LKD5_THEBM,tr|Q5JE61|Q5JE61_THEKO,F0LKD5,Q5JE61,F0LKD5,Q5JE61
tr|F0LKD6|F0LKD6_THEBM,sp|Q5JE64|Y1120_THEKO,F0LKD6,Q5JE64,F0LKD6,Q5JE64
tr|F0LKE0|F0LKE0_THEBM,tr|Q5JHL6|Q5JHL6_THEKO,F0LKE0,Q5JHL6,F0LKE0,Q5JHL6
tr|F0LKE1|F0LKE1_THEBM,tr|Q5JHL7|Q5JHL7_THEKO,F0LKE1,Q5JHL7,F0LKE1,Q5JHL7
tr|F0LKE5|F0LKE5_THEBM,tr|Q5JJB1|Q5JJB1_THEKO,F0LKE5,Q5JJB1,F0LKE5,Q5JJB1
tr|F0LKE9|F0LKE9_THEBM,tr|Q5JJA4|Q5JJA4_THEKO,F0LKE9,Q5JJA4,F0LKE9,Q5JJA4
tr|F0LKF4|F0LKF4_THEBM,tr|Q5JFY9|Q5JFY9_THEKO,F0LKF4,Q5JFY9,F0LKF4,Q5JFY9
tr|F0LKF5|F0LKF5_THEBM,tr|Q5JFY8|Q5JFY8_THEKO,F0LKF5,Q5JFY8,F0LKF5,Q5JFY8
tr|F0LKF6|F0LKF6_THEBM,sp|Q5JG00|Y315_THEKO,F0LKF6,Q5JG00,F0LKF6,Q5JG00
tr|F0LKF7|F0LKF7_THEBM,tr|Q5JG15|Q5JG15_THEKO,F0LKF7,Q5JG15,F0LKF7,Q5JG15
tr|F0LKF8|F0LKF8_THEBM,tr|Q5JG14|Q5JG14_THEKO,F0LKF8,Q5JG14,F0LKF8,Q5JG14
tr|F0LKF9|F0LKF9_THEBM,tr|Q5JG13|Q5JG13_THEKO,F0LKF9,Q5JG13,F0LKF9,Q5JG13
tr|F0LKG0|F0LKG0_THEBM,tr|Q5JDA7|Q5JDA7_THEKO,F0LKG0,Q5JDA7,F0LKG0,Q5JDA7
tr|F0LKG1|F0LKG1_THEBM,tr|Q5JDA6|Q5JDA6_THEKO,F0LKG1,Q5JDA6,F0LKG1,Q5JDA6
tr|F0LKG3|F0LKG3_THEBM,tr|Q5JDA5|Q5JDA5_THEKO,F0LKG3,Q5JDA5,F0LKG3,Q5JDA5
tr|F0LKG4|F0LKG4_THEBM,tr|Q5JDA4|Q5JDA4_THEKO,F0LKG4,Q5JDA4,F0LKG4,Q5JDA4
tr|F0LKG5|F0LKG5_THEBM,tr|Q5JDA3|Q5JDA3_THEKO,F0LKG5,Q5JDA3,F0LKG5,Q5JDA3
tr|F0LKG8|F0LKG8_THEBM,tr|Q5JGE7|Q5JGE7_THEKO,F0LKG8,Q5JGE7,F0LKG8,Q5JGE7
tr|F0LKG9|F0LKG9_THEBM,tr|Q5JGE8|Q5JGE8_THEKO,F0LKG9,Q5JGE8,F0LKG9,Q5JGE8
tr|F0LKH4|F0LKH4_THEBM,tr|Q5JHJ4|Q5JHJ4_THEKO,F0LKH4,Q5JHJ4,F0LKH4,Q5JHJ4
tr|F0LKI2|F0LKI2_THEBM,tr|Q5JF76|Q5JF76_THEKO,F0LKI2,Q5JF76,F0LKI2,Q5JF76
tr|F0LKL2|F0LKL2_THEBM,tr|Q5JES9|Q5JES9_THEKO,F0LKL2,Q5JES9,F0LKL2,Q5JES9
tr|F0LKL6|F0LKL6_THEBM,tr|Q5JFI3|Q5JFI3_THEKO,F0LKL6,Q5JFI3,F0LKL6,Q5JFI3
tr|F0LKL9|F0LKL9_THEBM,tr|Q5JEQ4|Q5JEQ4_THEKO,F0LKL9,Q5JEQ4,F0LKL9,Q5JEQ4
tr|F0LKM0|F0LKM0_THEBM,tr|Q5JEQ5|Q5JEQ5_THEKO,F0LKM0,Q5JEQ5,F0LKM0,Q5JEQ5
tr|F0LKM3|F0LKM3_THEBM,sp|Q5JER1|Y1890_THEKO,F0LKM3,Q5JER1,F0LKM3,Q5JER1
tr|F0LKM5|F0LKM5_THEBM,tr|Q5JER8|Q5JER8_THEKO,F0LKM5,Q5JER8,F0LKM5,Q5JER8
tr|F0LKM6|F0LKM6_THEBM,tr|Q5JEQ3|Q5JEQ3_THEKO,F0LKM6,Q5JEQ3,F0LKM6,Q5JEQ3
tr|F0LKM7|F0LKM7_THEBM,tr|Q5JEN6|Q5JEN6_THEKO,F0LKM7,Q5JEN6,F0LKM7,Q5JEN6
tr|F0LKM8|F0LKM8_THEBM,tr|Q5JEN7|Q5JEN7_THEKO,F0LKM8,Q5JEN7,F0LKM8,Q5JEN7
tr|F0LKN0|F0LKN0_THEBM,tr|Q5JEP5|Q5JEP5_THEKO,F0LKN0,Q5JEP5,F0LKN0,Q5JEP5
tr|F0LKN1|F0LKN1_THEBM,tr|Q5JEP6|Q5JEP6_THEKO,F0LKN1,Q5JEP6,F0LKN1,Q5JEP6
tr|F0LKN2|F0LKN2_THEBM,tr|Q5JEM0|Q5JEM0_THEKO,F0LKN2,Q5JEM0,F0LKN2,Q5JEM0
tr|F0LKN6|F0LKN6_THEBM,tr|Q5JEM6|Q5JEM6_THEKO,F0LKN6,Q5JEM6,F0LKN6,Q5JEM6
tr|F0LKN7|F0LKN7_THEBM,tr|Q5JEM7|Q5JEM7_THEKO,F0LKN7,Q5JEM7,F0LKN7,Q5JEM7
tr|F0LKN8|F0LKN8_THEBM,tr|Q5JEM8|Q5JEM8_THEKO,F0LKN8,Q5JEM8,F0LKN8,Q5JEM8
tr|F0LKN9|F0LKN9_THEBM,tr|Q5JEM9|Q5JEM9_THEKO,F0LKN9,Q5JEM9,F0LKN9,Q5JEM9
tr|F0LKP0|F0LKP0_THEBM,tr|Q5JEN0|Q5JEN0_THEKO,F0LKP0,Q5JEN0,F0LKP0,Q5JEN0
tr|F0LKP1|F0LKP1_THEBM,tr|Q5JEN1|Q5JEN1_THEKO,F0LKP1,Q5JEN1,F0LKP1,Q5JEN1
tr|F0LKP2|F0LKP2_THEBM,tr|Q5JEN2|Q5JEN2_THEKO,F0LKP2,Q5JEN2,F0LKP2,Q5JEN2
tr|F0LKP5|F0LKP5_THEBM,tr|Q5JEN4|Q5JEN4_THEKO,F0LKP5,Q5JEN4,F0LKP5,Q5JEN4
tr|F0LKP6|F0LKP6_THEBM,tr|Q5JEN5|Q5JEN5_THEKO,F0LKP6,Q5JEN5,F0LKP6,Q5JEN5
tr|F0LKP7|F0LKP7_THEBM,tr|Q5JEK2|Q5JEK2_THEKO,F0LKP7,Q5JEK2,F0LKP7,Q5JEK2
tr|F0LKP8|F0LKP8_THEBM,tr|Q5JEK3|Q5JEK3_THEKO,F0LKP8,Q5JEK3,F0LKP8,Q5JEK3
tr|F0LKP9|F0LKP9_THEBM,tr|Q5JEK4|Q5JEK4_THEKO,F0LKP9,Q5JEK4,F0LKP9,Q5JEK4
tr|F0LKQ0|F0LKQ0_THEBM,tr|Q5JEK5|Q5JEK5_THEKO,F0LKQ0,Q5JEK5,F0LKQ0,Q5JEK5
tr|F0LKQ1|F0LKQ1_THEBM,sp|Q5JEK6|CYDK_THEKO,F0LKQ1,Q5JEK6,F0LKQ1,Q5JEK6
tr|F0LKQ3|F0LKQ3_THEBM,tr|Q5JE28|Q5JE28_THEKO,F0LKQ3,Q5JE28,F0LKQ3,Q5JE28
tr|F0LKQ4|F0LKQ4_THEBM,tr|Q5JE29|Q5JE29_THEKO,F0LKQ4,Q5JE29,F0LKQ4,Q5JE29
tr|F0LKQ5|F0LKQ5_THEBM,tr|Q5JE30|Q5JE30_THEKO,F0LKQ5,Q5JE30,F0LKQ5,Q5JE30
tr|F0LKQ7|F0LKQ7_THEBM,tr|Q5JH67|Q5JH67_THEKO,F0LKQ7,Q5JH67,F0LKQ7,Q5JH67
tr|F0LKQ9|F0LKQ9_THEBM,tr|Q5JE16|Q5JE16_THEKO,F0LKQ9,Q5JE16,F0LKQ9,Q5JE16
tr|F0LKR1|F0LKR1_THEBM,tr|Q5JG60|Q5JG60_THEKO,F0LKR1,Q5JG60,F0LKR1,Q5JG60
tr|F0LKR5|F0LKR5_THEBM,sp|Q5JH72|TIP_THEKO,F0LKR5,Q5JH72,F0LKR5,Q5JH72
tr|F0LKR7|F0LKR7_THEBM,tr|Q5JH73|Q5JH73_THEKO,F0LKR7,Q5JH73,F0LKR7,Q5JH73
tr|F0LKR8|F0LKR8_THEBM,tr|Q5JH74|Q5JH74_THEKO,F0LKR8,Q5JH74,F0LKR8,Q5JH74
tr|F0LKS0|F0LKS0_THEBM,tr|Q5JH76|Q5JH76_THEKO,F0LKS0,Q5JH76,F0LKS0,Q5JH76
tr|F0LKS1|F0LKS1_THEBM,tr|Q5JH77|Q5JH77_THEKO,F0LKS1,Q5JH77,F0LKS1,Q5JH77
tr|F0LKS3|F0LKS3_THEBM,tr|Q5JDX6|Q5JDX6_THEKO,F0LKS3,Q5JDX6,F0LKS3,Q5JDX6
tr|F0LKS4|F0LKS4_THEBM,tr|Q5JF13|Q5JF13_THEKO,F0LKS4,Q5JF13,F0LKS4,Q5JF13
tr|F0LKS5|F0LKS5_THEBM,tr|Q5JF15|Q5JF15_THEKO,F0LKS5,Q5JF15,F0LKS5,Q5JF15
tr|F0LKS6|F0LKS6_THEBM,tr|Q5JF16|Q5JF16_THEKO,F0LKS6,Q5JF16,F0LKS6,Q5JF16
tr|F0LKT4|F0LKT4_THEBM,tr|Q5JGE0|Q5JGE0_THEKO,F0LKT4,Q5JGE0,F0LKT4,Q5JGE0
tr|F0LKT6|F0LKT6_THEBM,tr|Q5JGD8|Q5JGD8_THEKO,F0LKT6,Q5JGD8,F0LKT6,Q5JGD8
tr|F0LKT7|F0LKT7_THEBM,tr|Q5JGD7|Q5JGD7_THEKO,F0LKT7,Q5JGD7,F0LKT7,Q5JGD7
tr|F0LKT9|F0LKT9_THEBM,tr|Q5JGD5|Q5JGD5_THEKO,F0LKT9,Q5JGD5,F0LKT9,Q5JGD5
tr|F0LKU0|F0LKU0_THEBM,tr|Q5JGD4|Q5JGD4_THEKO,F0LKU0,Q5JGD4,F0LKU0,Q5JGD4
tr|F0LKU1|F0LKU1_THEBM,tr|Q5JGD3|Q5JGD3_THEKO,F0LKU1,Q5JGD3,F0LKU1,Q5JGD3
tr|F0LKU2|F0LKU2_THEBM,tr|Q5JGD2|Q5JGD2_THEKO,F0LKU2,Q5JGD2,F0LKU2,Q5JGD2
tr|F0LKU5|F0LKU5_THEBM,tr|Q5JGF8|Q5JGF8_THEKO,F0LKU5,Q5JGF8,F0LKU5,Q5JGF8
tr|F0LKU6|F0LKU6_THEBM,tr|Q5JGF7|Q5JGF7_THEKO,F0LKU6,Q5JGF7,F0LKU6,Q5JGF7
tr|F0LKU9|F0LKU9_THEBM,tr|Q5JHE4|Q5JHE4_THEKO,F0LKU9,Q5JHE4,F0LKU9,Q5JHE4
tr|F0LKV1|F0LKV1_THEBM,tr|Q5JGF4|Q5JGF4_THEKO,F0LKV1,Q5JGF4,F0LKV1,Q5JGF4
tr|F0LKV3|F0LKV3_THEBM,tr|Q5JGF2|Q5JGF2_THEKO,F0LKV3,Q5JGF2,F0LKV3,Q5JGF2
tr|F0LKV7|F0LKV7_THEBM,sp|Q5JGF0|Y1194_THEKO,F0LKV7,Q5JGF0,F0LKV7,Q5JGF0
tr|F0LKV8|F0LKV8_THEBM,tr|Q5JGE9|Q5JGE9_THEKO,F0LKV8,Q5JGE9,F0LKV8,Q5JGE9
tr|F0LKW2|F0LKW2_THEBM,tr|Q5JD02|Q5JD02_THEKO,F0LKW2,Q5JD02,F0LKW2,Q5JD02
tr|F0LKW3|F0LKW3_THEBM,sp|Q5JD38|TRM10_THEKO,F0LKW3,Q5JD38,F0LKW3,Q5JD38
tr|F0LKW6|F0LKW6_THEBM,tr|Q5JGN8|Q5JGN8_THEKO,F0LKW6,Q5JGN8,F0LKW6,Q5JGN8
tr|F0LKW7|F0LKW7_THEBM,tr|Q5JF23|Q5JF23_THEKO,F0LKW7,Q5JF23,F0LKW7,Q5JF23
tr|F0LKW8|F0LKW8_THEBM,tr|Q5JF26|Q5JF26_THEKO,F0LKW8,Q5JF26,F0LKW8,Q5JF26
tr|F0LKX0|F0LKX0_THEBM,tr|Q5JEV7|Q5JEV7_THEKO,F0LKX0,Q5JEV7,F0LKX0,Q5JEV7
tr|F0LKX1|F0LKX1_THEBM,tr|Q5JF36|Q5JF36_THEKO,F0LKX1,Q5JF36,F0LKX1,Q5JF36
tr|F0LKX2|F0LKX2_THEBM,tr|Q5JF51|Q5JF51_THEKO,F0LKX2,Q5JF51,F0LKX2,Q5JF51
tr|F0LKX3|F0LKX3_THEBM,tr|Q5JF50|Q5JF50_THEKO,F0LKX3,Q5JF50,F0LKX3,Q5JF50
tr|F0LKX5|F0LKX5_THEBM,tr|Q5JF48|Q5JF48_THEKO,F0LKX5,Q5JF48,F0LKX5,Q5JF48
tr|F0LKX7|F0LKX7_THEBM,tr|Q5JID7|Q5JID7_THEKO,F0LKX7,Q5JID7,F0LKX7,Q5JID7
tr|F0LKX8|F0LKX8_THEBM,tr|Q5JDZ3|Q5JDZ3_THEKO,F0LKX8,Q5JDZ3,F0LKX8,Q5JDZ3
tr|F0LKY0|F0LKY0_THEBM,tr|Q5JEL3|Q5JEL3_THEKO,F0LKY0,Q5JEL3,F0LKY0,Q5JEL3
tr|F0LKY1|F0LKY1_THEBM,tr|Q5JI04|Q5JI04_THEKO,F0LKY1,Q5JI04,F0LKY1,Q5JI04
tr|F0LKY4|F0LKY4_THEBM,tr|Q5JEL4|Q5JEL4_THEKO,F0LKY4,Q5JEL4,F0LKY4,Q5JEL4
tr|F0LKY6|F0LKY6_THEBM,tr|Q5JEL7|Q5JEL7_THEKO,F0LKY6,Q5JEL7,F0LKY6,Q5JEL7
tr|F0LKY8|F0LKY8_THEBM,tr|Q5JDV3|Q5JDV3_THEKO,F0LKY8,Q5JDV3,F0LKY8,Q5JDV3
tr|F0LKY9|F0LKY9_THEBM,tr|Q5JDV4|Q5JDV4_THEKO,F0LKY9,Q5JDV4,F0LKY9,Q5JDV4
tr|F0LKZ1|F0LKZ1_THEBM,tr|Q5JDV8|Q5JDV8_THEKO,F0LKZ1,Q5JDV8,F0LKZ1,Q5JDV8
tr|F0LKZ2|F0LKZ2_THEBM,tr|Q5JDV5|Q5JDV5_THEKO,F0LKZ2,Q5JDV5,F0LKZ2,Q5JDV5
tr|F0LKZ4|F0LKZ4_THEBM,tr|Q5JDV9|Q5JDV9_THEKO,F0LKZ4,Q5JDV9,F0LKZ4,Q5JDV9
tr|F0LL04|F0LL04_THEBM,tr|Q5JJ01|Q5JJ01_THEKO,F0LL04,Q5JJ01,F0LL04,Q5JJ01
tr|F0LL05|F0LL05_THEBM,tr|Q5JDW2|Q5JDW2_THEKO,F0LL05,Q5JDW2,F0LL05,Q5JDW2
tr|F0LL07|F0LL07_THEBM,tr|Q5JJ83|Q5JJ83_THEKO,F0LL07,Q5JJ83,F0LL07,Q5JJ83
tr|F0LL08|F0LL08_THEBM,tr|Q5JJ84|Q5JJ84_THEKO,F0LL08,Q5JJ84,F0LL08,Q5JJ84
tr|F0LL09|F0LL09_THEBM,tr|Q5JJ85|Q5JJ85_THEKO,F0LL09,Q5JJ85,F0LL09,Q5JJ85
tr|F0LL10|F0LL10_THEBM,tr|Q5JJ86|Q5JJ86_THEKO,F0LL10,Q5JJ86,F0LL10,Q5JJ86
tr|F0LL12|F0LL12_THEBM,sp|O32450|MALQ_THEKO,F0LL12,O32450,F0LL12,O32450
tr|F0LL13|F0LL13_THEBM,tr|Q5JIM8|Q5JIM8_THEKO,F0LL13,Q5JIM8,F0LL13,Q5JIM8
tr|F0LL14|F0LL14_THEBM,tr|Q5JIM7|Q5JIM7_THEKO,F0LL14,Q5JIM7,F0LL14,Q5JIM7
tr|F0LL15|F0LL15_THEBM,tr|Q5JIM6|Q5JIM6_THEKO,F0LL15,Q5JIM6,F0LL15,Q5JIM6
tr|F0LL16|F0LL16_THEBM,tr|Q5JIM5|Q5JIM5_THEKO,F0LL16,Q5JIM5,F0LL16,Q5JIM5
tr|F0LL17|F0LL17_THEBM,tr|Q5JIM4|Q5JIM4_THEKO,F0LL17,Q5JIM4,F0LL17,Q5JIM4
tr|F0LL18|F0LL18_THEBM,tr|Q5JHF8|Q5JHF8_THEKO,F0LL18,Q5JHF8,F0LL18,Q5JHF8
tr|F0LL19|F0LL19_THEBM,tr|Q5JHF7|Q5JHF7_THEKO,F0LL19,Q5JHF7,F0LL19,Q5JHF7
tr|F0LL20|F0LL20_THEBM,tr|Q5JHF6|Q5JHF6_THEKO,F0LL20,Q5JHF6,F0LL20,Q5JHF6
tr|F0LL28|F0LL28_THEBM,tr|Q5JHF0|Q5JHF0_THEKO,F0LL28,Q5JHF0,F0LL28,Q5JHF0
tr|F0LL29|F0LL29_THEBM,tr|Q5JHE9|Q5JHE9_THEKO,F0LL29,Q5JHE9,F0LL29,Q5JHE9
tr|F0LL30|F0LL30_THEBM,tr|Q5JHH9|Q5JHH9_THEKO,F0LL30,Q5JHH9,F0LL30,Q5JHH9
tr|F0LL31|F0LL31_THEBM,tr|Q5JHH8|Q5JHH8_THEKO,F0LL31,Q5JHH8,F0LL31,Q5JHH8
tr|F0LL32|F0LL32_THEBM,tr|Q5JHH7|Q5JHH7_THEKO,F0LL32,Q5JHH7,F0LL32,Q5JHH7
tr|F0LL34|F0LL34_THEBM,tr|Q5JHH5|Q5JHH5_THEKO,F0LL34,Q5JHH5,F0LL34,Q5JHH5
tr|F0LL42|F0LL42_THEBM,tr|Q5JHH4|Q5JHH4_THEKO,F0LL42,Q5JHH4,F0LL42,Q5JHH4
tr|F0LL43|F0LL43_THEBM,tr|Q5JHH3|Q5JHH3_THEKO,F0LL43,Q5JHH3,F0LL43,Q5JHH3
tr|F0LL44|F0LL44_THEBM,sp|Q5JHH2|Y2151_THEKO,F0LL44,Q5JHH2,F0LL44,Q5JHH2
tr|F0LL49|F0LL49_THEBM,tr|Q5JDP0|Q5JDP0_THEKO,F0LL49,Q5JDP0,F0LL49,Q5JDP0
tr|F0LL50|F0LL50_THEBM,tr|Q5JDN9|Q5JDN9_THEKO,F0LL50,Q5JDN9,F0LL50,Q5JDN9
tr|F0LL51|F0LL51_THEBM,tr|Q5JDN8|Q5JDN8_THEKO,F0LL51,Q5JDN8,F0LL51,Q5JDN8
tr|F0LL52|F0LL52_THEBM,tr|Q5JDL5|Q5JDL5_THEKO,F0LL52,Q5JDL5,F0LL52,Q5JDL5
tr|F0LL53|F0LL53_THEBM,tr|Q5JDK5|Q5JDK5_THEKO,F0LL53,Q5JDK5,F0LL53,Q5JDK5
tr|F0LL54|F0LL54_THEBM,tr|Q5JJ12|Q5JJ12_THEKO,F0LL54,Q5JJ12,F0LL54,Q5JJ12
tr|F0LL55|F0LL55_THEBM,tr|Q5JJ11|Q5JJ11_THEKO,F0LL55,Q5JJ11,F0LL55,Q5JJ11
tr|F0LL56|F0LL56_THEBM,tr|Q5JJ10|Q5JJ10_THEKO,F0LL56,Q5JJ10,F0LL56,Q5JJ10
tr|F0LL57|F0LL57_THEBM,tr|Q5JEM2|Q5JEM2_THEKO,F0LL57,Q5JEM2,F0LL57,Q5JEM2
tr|F0LL58|F0LL58_THEBM,tr|Q5JEM3|Q5JEM3_THEKO,F0LL58,Q5JEM3,F0LL58,Q5JEM3
tr|F0LL59|F0LL59_THEBM,tr|Q5JID6|Q5JID6_THEKO,F0LL59,Q5JID6,F0LL59,Q5JID6
tr|F0LL60|F0LL60_THEBM,tr|Q5JH38|Q5JH38_THEKO,F0LL60,Q5JH38,F0LL60,Q5JH38
tr|F0LL63|F0LL63_THEBM,tr|Q5JDZ6|Q5JDZ6_THEKO,F0LL63,Q5JDZ6,F0LL63,Q5JDZ6
tr|F0LL65|F0LL65_THEBM,tr|Q5JE65|Q5JE65_THEKO,F0LL65,Q5JE65,F0LL65,Q5JE65
tr|F0LL66|F0LL66_THEBM,tr|Q5JE02|Q5JE02_THEKO,F0LL66,Q5JE02,F0LL66,Q5JE02
tr|F0LL67|F0LL67_THEBM,tr|Q5JHA6|Q5JHA6_THEKO,F0LL67,Q5JHA6,F0LL67,Q5JHA6
tr|F0LL68|F0LL68_THEBM,tr|Q5JD94|Q5JD94_THEKO,F0LL68,Q5JD94,F0LL68,Q5JD94
tr|F0LL69|F0LL69_THEBM,tr|Q5JD99|Q5JD99_THEKO,F0LL69,Q5JD99,F0LL69,Q5JD99
tr|F0LL70|F0LL70_THEBM,tr|Q5JD98|Q5JD98_THEKO,F0LL70,Q5JD98,F0LL70,Q5JD98
tr|F0LL71|F0LL71_THEBM,tr|Q5JED4|Q5JED4_THEKO,F0LL71,Q5JED4,F0LL71,Q5JED4
tr|F0LL72|F0LL72_THEBM,sp|Q5JD03|SERK_THEKO,F0LL72,Q5JD03,F0LL72,Q5JD03
tr|F0LL76|F0LL76_THEBM,tr|Q5JD74|Q5JD74_THEKO,F0LL76,Q5JD74,F0LL76,Q5JD74
tr|F0LL78|F0LL78_THEBM,tr|Q5JD57|Q5JD57_THEKO,F0LL78,Q5JD57,F0LL78,Q5JD57
tr|F0LL79|F0LL79_THEBM,tr|Q5JD58|Q5JD58_THEKO,F0LL79,Q5JD58,F0LL79,Q5JD58
tr|F0LL80|F0LL80_THEBM,tr|Q5JD59|Q5JD59_THEKO,F0LL80,Q5JD59,F0LL80,Q5JD59
tr|F0LL81|F0LL81_THEBM,tr|Q5JD60|Q5JD60_THEKO,F0LL81,Q5JD60,F0LL81,Q5JD60
tr|F0LL82|F0LL82_THEBM,tr|Q5JD61|Q5JD61_THEKO,F0LL82,Q5JD61,F0LL82,Q5JD61
tr|F0LL83|F0LL83_THEBM,tr|Q5JD62|Q5JD62_THEKO,F0LL83,Q5JD62,F0LL83,Q5JD62
tr|F0LL85|F0LL85_THEBM,tr|Q5JD64|Q5JD64_THEKO,F0LL85,Q5JD64,F0LL85,Q5JD64
tr|F0LL86|F0LL86_THEBM,tr|Q5JD65|Q5JD65_THEKO,F0LL86,Q5JD65,F0LL86,Q5JD65
tr|F0LL87|F0LL87_THEBM,tr|Q5JD66|Q5JD66_THEKO,F0LL87,Q5JD66,F0LL87,Q5JD66
tr|F0LL88|F0LL88_THEBM,sp|Q5JD67|TMBL2_THEKO,F0LL88,Q5JD67,F0LL88,Q5JD67
tr|F0LL91|F0LL91_THEBM,tr|Q5JD69|Q5JD69_THEKO,F0LL91,Q5JD69,F0LL91,Q5JD69
tr|F0LL92|F0LL92_THEBM,tr|Q5JD55|Q5JD55_THEKO,F0LL92,Q5JD55,F0LL92,Q5JD55
tr|F0LL93|F0LL93_THEBM,tr|Q5JG98|Q5JG98_THEKO,F0LL93,Q5JG98,F0LL93,Q5JG98
tr|F0LL96|F0LL96_THEBM,tr|Q5JG43|Q5JG43_THEKO,F0LL96,Q5JG43,F0LL96,Q5JG43
tr|F0LL99|F0LL99_THEBM,tr|Q5JI61|Q5JI61_THEKO,F0LL99,Q5JI61,F0LL99,Q5JI61
tr|F0LLA1|F0LLA1_THEBM,tr|Q5JDV6|Q5JDV6_THEKO,F0LLA1,Q5JDV6,F0LLA1,Q5JDV6
tr|F0LLB8|F0LLB8_THEBM,tr|Q5JEI5|Q5JEI5_THEKO,F0LLB8,Q5JEI5,F0LLB8,Q5JEI5
tr|F0LLB9|F0LLB9_THEBM,tr|Q5JEF6|Q5JEF6_THEKO,F0LLB9,Q5JEF6,F0LLB9,Q5JEF6
tr|F0LLC0|F0LLC0_THEBM,tr|Q5JED3|Q5JED3_THEKO,F0LLC0,Q5JED3,F0LLC0,Q5JED3
tr|F0LLC1|F0LLC1_THEBM,tr|Q5JED1|Q5JED1_THEKO,F0LLC1,Q5JED1,F0LLC1,Q5JED1
tr|F0LLC3|F0LLC3_THEBM,tr|Q5JEB8|Q5JEB8_THEKO,F0LLC3,Q5JEB8,F0LLC3,Q5JEB8
tr|F0LLC4|F0LLC4_THEBM,tr|Q5JEB9|Q5JEB9_THEKO,F0LLC4,Q5JEB9,F0LLC4,Q5JEB9
tr|F0LLC6|F0LLC6_THEBM,tr|Q5JFQ2|Q5JFQ2_THEKO,F0LLC6,Q5JFQ2,F0LLC6,Q5JFQ2
tr|F0LLC7|F0LLC7_THEBM,tr|Q5JFQ3|Q5JFQ3_THEKO,F0LLC7,Q5JFQ3,F0LLC7,Q5JFQ3
tr|F0LLD0|F0LLD0_THEBM,tr|Q5JEC2|Q5JEC2_THEKO,F0LLD0,Q5JEC2,F0LLD0,Q5JEC2
tr|F0LLD1|F0LLD1_THEBM,tr|Q5JEC3|Q5JEC3_THEKO,F0LLD1,Q5JEC3,F0LLD1,Q5JEC3
tr|F0LLD2|F0LLD2_THEBM,tr|Q5JEA3|Q5JEA3_THEKO,F0LLD2,Q5JEA3,F0LLD2,Q5JEA3
tr|F0LLD3|F0LLD3_THEBM,tr|Q5JEA4|Q5JEA4_THEKO,F0LLD3,Q5JEA4,F0LLD3,Q5JEA4
tr|F0LLD4|F0LLD4_THEBM,tr|Q5JEA5|Q5JEA5_THEKO,F0LLD4,Q5JEA5,F0LLD4,Q5JEA5
tr|F0LLD6|F0LLD6_THEBM,tr|Q5JJ09|Q5JJ09_THEKO,F0LLD6,Q5JJ09,F0LLD6,Q5JJ09
tr|F0LLD7|F0LLD7_THEBM,tr|Q5JJ08|Q5JJ08_THEKO,F0LLD7,Q5JJ08,F0LLD7,Q5JJ08
tr|F0LLD8|F0LLD8_THEBM,tr|Q5JJ07|Q5JJ07_THEKO,F0LLD8,Q5JJ07,F0LLD8,Q5JJ07
tr|F0LLE0|F0LLE0_THEBM,tr|Q5JDN0|Q5JDN0_THEKO,F0LLE0,Q5JDN0,F0LLE0,Q5JDN0
tr|F0LLE1|F0LLE1_THEBM,tr|Q5JDN1|Q5JDN1_THEKO,F0LLE1,Q5JDN1,F0LLE1,Q5JDN1
tr|F0LLE2|F0LLE2_THEBM,tr|Q5JDN2|Q5JDN2_THEKO,F0LLE2,Q5JDN2,F0LLE2,Q5JDN2
tr|F0LLE3|F0LLE3_THEBM,tr|Q5JDN3|Q5JDN3_THEKO,F0LLE3,Q5JDN3,F0LLE3,Q5JDN3
tr|F0LLE4|F0LLE4_THEBM,tr|Q5JDN4|Q5JDN4_THEKO,F0LLE4,Q5JDN4,F0LLE4,Q5JDN4
tr|F0LLE9|F0LLE9_THEBM,tr|Q5JDN7|Q5JDN7_THEKO,F0LLE9,Q5JDN7,F0LLE9,Q5JDN7
tr|F0LLF1|F0LLF1_THEBM,tr|Q5JDK6|Q5JDK6_THEKO,F0LLF1,Q5JDK6,F0LLF1,Q5JDK6
tr|F0LLF3|F0LLF3_THEBM,sp|Q5JDK8|RS6E_THEKO,F0LLF3,Q5JDK8,F0LLF3,Q5JDK8
tr|F0LLF5|F0LLF5_THEBM,tr|Q5JDL4|Q5JDL4_THEKO,F0LLF5,Q5JDL4,F0LLF5,Q5JDL4
tr|F0LLG0|F0LLG0_THEBM,sp|Q5JIY8|RS24_THEKO,F0LLG0,Q5JIY8,F0LLG0,Q5JIY8
tr|F0LLG2|F0LLG2_THEBM,tr|Q5JIX8|Q5JIX8_THEKO,F0LLG2,Q5JIX8,F0LLG2,Q5JIX8
tr|F0LLG5|F0LLG5_THEBM,tr|Q5JIY1|Q5JIY1_THEKO,F0LLG5,Q5JIY1,F0LLG5,Q5JIY1
tr|F0LLG7|F0LLG7_THEBM,tr|Q5JIV1|Q5JIV1_THEKO,F0LLG7,Q5JIV1,F0LLG7,Q5JIV1
tr|F0LLG8|F0LLG8_THEBM,tr|Q5JIV2|Q5JIV2_THEKO,F0LLG8,Q5JIV2,F0LLG8,Q5JIV2
tr|F0LLG9|F0LLG9_THEBM,tr|Q5JIV3|Q5JIV3_THEKO,F0LLG9,Q5JIV3,F0LLG9,Q5JIV3
tr|F0LLH1|F0LLH1_THEBM,tr|Q5JIV5|Q5JIV5_THEKO,F0LLH1,Q5JIV5,F0LLH1,Q5JIV5
tr|F0LLH2|F0LLH2_THEBM,tr|Q5JIV6|Q5JIV6_THEKO,F0LLH2,Q5JIV6,F0LLH2,Q5JIV6
tr|F0LLH3|F0LLH3_THEBM,tr|Q5JIV7|Q5JIV7_THEKO,F0LLH3,Q5JIV7,F0LLH3,Q5JIV7
tr|F0LLH4|F0LLH4_THEBM,tr|Q5JIV8|Q5JIV8_THEKO,F0LLH4,Q5JIV8,F0LLH4,Q5JIV8
tr|F0LLI1|F0LLI1_THEBM,tr|Q5JGK9|Q5JGK9_THEKO,F0LLI1,Q5JGK9,F0LLI1,Q5JGK9
tr|F0LLI5|F0LLI5_THEBM,tr|Q5JFP2|Q5JFP2_THEKO,F0LLI5,Q5JFP2,F0LLI5,Q5JFP2
tr|F0LLJ2|F0LLJ2_THEBM,sp|Q5JFE2|RS21_THEKO,F0LLJ2,Q5JFE2,F0LLJ2,Q5JFE2
tr|F0LLJ3|F0LLJ3_THEBM,sp|Q5JFE1|EF1B_THEKO,F0LLJ3,Q5JFE1,F0LLJ3,Q5JFE1
tr|F0LLJ4|F0LLJ4_THEBM,tr|Q5JDC1|Q5JDC1_THEKO,F0LLJ4,Q5JDC1,F0LLJ4,Q5JDC1
tr|F0LLJ7|F0LLJ7_THEBM,tr|Q5JFH9|Q5JFH9_THEKO,F0LLJ7,Q5JFH9,F0LLJ7,Q5JFH9
tr|F0LLJ9|F0LLJ9_THEBM,tr|Q5JFK3|Q5JFK3_THEKO,F0LLJ9,Q5JFK3,F0LLJ9,Q5JFK3
tr|F0LLK0|F0LLK0_THEBM,tr|Q5JGA5|Q5JGA5_THEKO,F0LLK0,Q5JGA5,F0LLK0,Q5JGA5
tr|F0LLK1|F0LLK1_THEBM,tr|Q5JJ02|Q5JJ02_THEKO,F0LLK1,Q5JJ02,F0LLK1,Q5JJ02
tr|F0LLK6|F0LLK6_THEBM,tr|Q5JD93|Q5JD93_THEKO,F0LLK6,Q5JD93,F0LLK6,Q5JD93
tr|F0LLL0|F0LLL0_THEBM,tr|Q5JDC2|Q5JDC2_THEKO,F0LLL0,Q5JDC2,F0LLL0,Q5JDC2
tr|F0LLL1|F0LLL1_THEBM,tr|Q5JEQ8|Q5JEQ8_THEKO,F0LLL1,Q5JEQ8,F0LLL1,Q5JEQ8
tr|F0LLL3|F0LLL3_THEBM,sp|Q5JDC5|Y2294_THEKO,F0LLL3,Q5JDC5,F0LLL3,Q5JDC5
tr|F0LLL4|F0LLL4_THEBM,tr|Q5JDC6|Q5JDC6_THEKO,F0LLL4,Q5JDC6,F0LLL4,Q5JDC6
tr|F0LLL5|F0LLL5_THEBM,sp|Q5JDC7|RS17E_THEKO,F0LLL5,Q5JDC7,F0LLL5,Q5JDC7
tr|F0LLL6|F0LLL6_THEBM,tr|Q5JDC8|Q5JDC8_THEKO,F0LLL6,Q5JDC8,F0LLL6,Q5JDC8
tr|F0LLL9|F0LLL9_THEBM,sp|Q9Y8I2|HARB_THEKO,F0LLL9,Q9Y8I2,F0LLL9,Q9Y8I2
tr|F0LLM0|F0LLM0_THEBM,tr|Q5JDC4|Q5JDC4_THEKO,F0LLM0,Q5JDC4,F0LLM0,Q5JDC4
tr|F0LLM2|F0LLM2_THEBM,tr|Q5JDA2|Q5JDA2_THEKO,F0LLM2,Q5JDA2,F0LLM2,Q5JDA2
tr|F0LLM3|F0LLM3_THEBM,tr|Q5JGE5|Q5JGE5_THEKO,F0LLM3,Q5JGE5,F0LLM3,Q5JGE5
tr|F0LLM4|F0LLM4_THEBM,tr|Q5JGH5|Q5JGH5_THEKO,F0LLM4,Q5JGH5,F0LLM4,Q5JGH5
tr|F0LLM5|F0LLM5_THEBM,tr|Q5JGH4|Q5JGH4_THEKO,F0LLM5,Q5JGH4,F0LLM5,Q5JGH4
tr|F0LLM6|F0LLM6_THEBM,tr|Q5JGH3|Q5JGH3_THEKO,F0LLM6,Q5JGH3,F0LLM6,Q5JGH3
tr|F0LLM7|F0LLM7_THEBM,tr|Q5JIX4|Q5JIX4_THEKO,F0LLM7,Q5JIX4,F0LLM7,Q5JIX4
tr|F0LLM8|F0LLM8_THEBM,tr|Q5JGH2|Q5JGH2_THEKO,F0LLM8,Q5JGH2,F0LLM8,Q5JGH2
tr|F0LLN1|F0LLN1_THEBM,tr|Q5JGH1|Q5JGH1_THEKO,F0LLN1,Q5JGH1,F0LLN1,Q5JGH1
tr|F0LLN2|F0LLN2_THEBM,tr|Q5JGH0|Q5JGH0_THEKO,F0LLN2,Q5JGH0,F0LLN2,Q5JGH0
tr|F0LLN3|F0LLN3_THEBM,tr|Q5JGG8|Q5JGG8_THEKO,F0LLN3,Q5JGG8,F0LLN3,Q5JGG8
tr|F0LLN6|F0LLN6_THEBM,tr|Q5JI37|Q5JI37_THEKO,F0LLN6,Q5JI37,F0LLN6,Q5JI37
tr|F0LLN7|F0LLN7_THEBM,tr|Q5JI36|Q5JI36_THEKO,F0LLN7,Q5JI36,F0LLN7,Q5JI36
tr|F0LLQ3|F0LLQ3_THEBM,tr|Q5JGG3|Q5JGG3_THEKO,F0LLQ3,Q5JGG3,F0LLQ3,Q5JGG3
tr|F0LLQ4|F0LLQ4_THEBM,tr|Q5JGG2|Q5JGG2_THEKO,F0LLQ4,Q5JGG2,F0LLQ4,Q5JGG2
tr|F0LLQ5|F0LLQ5_THEBM,tr|Q5JGG1|Q5JGG1_THEKO,F0LLQ5,Q5JGG1,F0LLQ5,Q5JGG1
tr|F0LLQ6|F0LLQ6_THEBM,tr|Q5JGG0|Q5JGG0_THEKO,F0LLQ6,Q5JGG0,F0LLQ6,Q5JGG0
tr|F0LLQ7|F0LLQ7_THEBM,tr|Q5JGH6|Q5JGH6_THEKO,F0LLQ7,Q5JGH6,F0LLQ7,Q5JGH6
tr|F0LLQ8|F0LLQ8_THEBM,tr|Q5JGJ3|Q5JGJ3_THEKO,F0LLQ8,Q5JGJ3,F0LLQ8,Q5JGJ3
tr|F0LLQ9|F0LLQ9_THEBM,tr|Q5JGJ2|Q5JGJ2_THEKO,F0LLQ9,Q5JGJ2,F0LLQ9,Q5JGJ2
tr|F0LLR0|F0LLR0_THEBM,tr|Q5JGJ1|Q5JGJ1_THEKO,F0LLR0,Q5JGJ1,F0LLR0,Q5JGJ1
tr|F0LLR1|F0LLR1_THEBM,tr|Q5JGJ0|Q5JGJ0_THEKO,F0LLR1,Q5JGJ0,F0LLR1,Q5JGJ0
tr|F0LLR2|F0LLR2_THEBM,tr|Q5JGI9|Q5JGI9_THEKO,F0LLR2,Q5JGI9,F0LLR2,Q5JGI9
tr|F0LLR3|F0LLR3_THEBM,tr|Q5JGI8|Q5JGI8_THEKO,F0LLR3,Q5JGI8,F0LLR3,Q5JGI8
tr|F0LLR4|F0LLR4_THEBM,tr|Q5JGI7|Q5JGI7_THEKO,F0LLR4,Q5JGI7,F0LLR4,Q5JGI7
tr|F0LLR5|F0LLR5_THEBM,tr|Q5JGI6|Q5JGI6_THEKO,F0LLR5,Q5JGI6,F0LLR5,Q5JGI6
tr|F0LLR6|F0LLR6_THEBM,tr|Q5JGI5|Q5JGI5_THEKO,F0LLR6,Q5JGI5,F0LLR6,Q5JGI5
tr|F0LLR7|F0LLR7_THEBM,tr|Q5JGI4|Q5JGI4_THEKO,F0LLR7,Q5JGI4,F0LLR7,Q5JGI4
tr|F0LLR8|F0LLR8_THEBM,tr|Q5JGI2|Q5JGI2_THEKO,F0LLR8,Q5JGI2,F0LLR8,Q5JGI2
tr|F0LLS0|F0LLS0_THEBM,tr|Q5JGI0|Q5JGI0_THEKO,F0LLS0,Q5JGI0,F0LLS0,Q5JGI0
tr|F0LLS1|F0LLS1_THEBM,tr|Q5JGH9|Q5JGH9_THEKO,F0LLS1,Q5JGH9,F0LLS1,Q5JGH9
tr|F0LLS5|F0LLS5_THEBM,sp|Q5JGK8|DAPAL_THEKO,F0LLS5,Q5JGK8,F0LLS5,Q5JGK8
tr|F0LLS7|F0LLS7_THEBM,tr|Q5JGK5|Q5JGK5_THEKO,F0LLS7,Q5JGK5,F0LLS7,Q5JGK5
tr|F0LLS8|F0LLS8_THEBM,tr|Q5JGK4|Q5JGK4_THEKO,F0LLS8,Q5JGK4,F0LLS8,Q5JGK4
tr|F0LLS9|F0LLS9_THEBM,tr|Q5JG64|Q5JG64_THEKO,F0LLS9,Q5JG64,F0LLS9,Q5JG64
tr|F0LLT0|F0LLT0_THEBM,tr|Q5JI05|Q5JI05_THEKO,F0LLT0,Q5JI05,F0LLT0,Q5JI05
tr|F0LLT4|F0LLT4_THEBM,tr|Q5JJ25|Q5JJ25_THEKO,F0LLT4,Q5JJ25,F0LLT4,Q5JJ25
tr|F0LLT6|F0LLT6_THEBM,tr|Q5JJ23|Q5JJ23_THEKO,F0LLT6,Q5JJ23,F0LLT6,Q5JJ23
tr|F0LLU1|F0LLU1_THEBM,tr|Q5JFP8|Q5JFP8_THEKO,F0LLU1,Q5JFP8,F0LLU1,Q5JFP8
tr|F0LLU2|F0LLU2_THEBM,tr|Q5JFN3|Q5JFN3_THEKO,F0LLU2,Q5JFN3,F0LLU2,Q5JFN3
tr|F0LLU4|F0LLU4_THEBM,tr|Q5JHG9|Q5JHG9_THEKO,F0LLU4,Q5JHG9,F0LLU4,Q5JHG9
tr|F0LLU5|F0LLU5_THEBM,tr|Q5JHP0|Q5JHP0_THEKO,F0LLU5,Q5JHP0,F0LLU5,Q5JHP0
tr|F0LLU9|F0LLU9_THEBM,tr|Q5JIP4|Q5JIP4_THEKO,F0LLU9,Q5JIP4,F0LLU9,Q5JIP4
tr|F0LLV0|F0LLV0_THEBM,tr|Q5JD08|Q5JD08_THEKO,F0LLV0,Q5JD08,F0LLV0,Q5JD08
tr|F0LLV1|F0LLV1_THEBM,tr|Q5JD07|Q5JD07_THEKO,F0LLV1,Q5JD07,F0LLV1,Q5JD07
tr|F0LLW0|F0LLW0_THEBM,tr|Q5JIC7|Q5JIC7_THEKO,F0LLW0,Q5JIC7,F0LLW0,Q5JIC7
tr|F0LLW6|F0LLW6_THEBM,tr|Q5JDW0|Q5JDW0_THEKO,F0LLW6,Q5JDW0,F0LLW6,Q5JDW0
tr|F0LLX7|F0LLX7_THEBM,tr|Q5JE66|Q5JE66_THEKO,F0LLX7,Q5JE66,F0LLX7,Q5JE66
tr|F0LLY0|F0LLY0_THEBM,tr|Q5JGM2|Q5JGM2_THEKO,F0LLY0,Q5JGM2,F0LLY0,Q5JGM2
tr|F0LLY1|F0LLY1_THEBM,tr|Q5JGM3|Q5JGM3_THEKO,F0LLY1,Q5JGM3,F0LLY1,Q5JGM3
tr|F0LLY3|F0LLY3_THEBM,tr|Q5JFK5|Q5JFK5_THEKO,F0LLY3,Q5JFK5,F0LLY3,Q5JFK5
tr|F0LLZ7|F0LLZ7_THEBM,tr|Q5JJ46|Q5JJ46_THEKO,F0LLZ7,Q5JJ46,F0LLZ7,Q5JJ46
tr|F0LLZ8|F0LLZ8_THEBM,tr|Q5JJ47|Q5JJ47_THEKO,F0LLZ8,Q5JJ47,F0LLZ8,Q5JJ47
tr|F0LLZ9|F0LLZ9_THEBM,tr|Q5JJ13|Q5JJ13_THEKO,F0LLZ9,Q5JJ13,F0LLZ9,Q5JJ13
tr|F0LM05|F0LM05_THEBM,tr|Q5JDW1|Q5JDW1_THEKO,F0LM05,Q5JDW1,F0LM05,Q5JDW1
tr|F0LM06|F0LM06_THEBM,tr|Q5JJ45|Q5JJ45_THEKO,F0LM06,Q5JJ45,F0LM06,Q5JJ45
tr|F0LM08|F0LM08_THEBM,tr|Q5JJ44|Q5JJ44_THEKO,F0LM08,Q5JJ44,F0LM08,Q5JJ44
tr|F0LM10|F0LM10_THEBM,tr|Q5JJ42|Q5JJ42_THEKO,F0LM10,Q5JJ42,F0LM10,Q5JJ42
tr|F0LM14|F0LM14_THEBM,tr|Q5JJ36|Q5JJ36_THEKO,F0LM14,Q5JJ36,F0LM14,Q5JJ36
tr|F0LM15|F0LM15_THEBM,tr|Q5JES2|Q5JES2_THEKO,F0LM15,Q5JES2,F0LM15,Q5JES2
tr|F0LM16|F0LM16_THEBM,tr|Q5JDR3|Q5JDR3_THEKO,F0LM16,Q5JDR3,F0LM16,Q5JDR3
tr|F0LM17|F0LM17_THEBM,tr|Q5JJ35|Q5JJ35_THEKO,F0LM17,Q5JJ35,F0LM17,Q5JJ35
tr|F0LM20|F0LM20_THEBM,tr|Q5JGJ9|Q5JGJ9_THEKO,F0LM20,Q5JGJ9,F0LM20,Q5JGJ9
tr|F0LM21|F0LM21_THEBM,tr|Q5JGJ8|Q5JGJ8_THEKO,F0LM21,Q5JGJ8,F0LM21,Q5JGJ8
tr|F0LM24|F0LM24_THEBM,tr|Q5JGJ5|Q5JGJ5_THEKO,F0LM24,Q5JGJ5,F0LM24,Q5JGJ5
tr|F0LM26|F0LM26_THEBM,tr|Q5JGL0|Q5JGL0_THEKO,F0LM26,Q5JGL0,F0LM26,Q5JGL0
tr|F0LM27|F0LM27_THEBM,tr|Q5JGM5|Q5JGM5_THEKO,F0LM27,Q5JGM5,F0LM27,Q5JGM5
tr|F0LM28|F0LM28_THEBM,sp|Q5JGM4|RS3A_THEKO,F0LM28,Q5JGM4,F0LM28,Q5JGM4
tr|F0LM29|F0LM29_THEBM,tr|Q5JGM1|Q5JGM1_THEKO,F0LM29,Q5JGM1,F0LM29,Q5JGM1
tr|F0LM30|F0LM30_THEBM,tr|Q5JGM0|Q5JGM0_THEKO,F0LM30,Q5JGM0,F0LM30,Q5JGM0
tr|F0LM31|F0LM31_THEBM,tr|Q5JGL9|Q5JGL9_THEKO,F0LM31,Q5JGL9,F0LM31,Q5JGL9
tr|F0LM32|F0LM32_THEBM,tr|Q5JGL8|Q5JGL8_THEKO,F0LM32,Q5JGL8,F0LM32,Q5JGL8
tr|F0LM33|F0LM33_THEBM,tr|Q5JGL7|Q5JGL7_THEKO,F0LM33,Q5JGL7,F0LM33,Q5JGL7
tr|F0LM34|F0LM34_THEBM,tr|Q5JFF4|Q5JFF4_THEKO,F0LM34,Q5JFF4,F0LM34,Q5JFF4
tr|F0LM35|F0LM35_THEBM,tr|Q5JGL6|Q5JGL6_THEKO,F0LM35,Q5JGL6,F0LM35,Q5JGL6
tr|F0LM38|F0LM38_THEBM,tr|Q5JGL5|Q5JGL5_THEKO,F0LM38,Q5JGL5,F0LM38,Q5JGL5
tr|F0LM40|F0LM40_THEBM,tr|Q5JII9|Q5JII9_THEKO,F0LM40,Q5JII9,F0LM40,Q5JII9
tr|F0LM41|F0LM41_THEBM,tr|Q5JHB8|Q5JHB8_THEKO,F0LM41,Q5JHB8,F0LM41,Q5JHB8
tr|F0LM42|F0LM42_THEBM,tr|Q5JHB9|Q5JHB9_THEKO,F0LM42,Q5JHB9,F0LM42,Q5JHB9
tr|F0LM44|F0LM44_THEBM,tr|Q5JHL5|Q5JHL5_THEKO,F0LM44,Q5JHL5,F0LM44,Q5JHL5
tr|F0LM49|F0LM49_THEBM,tr|Q5JHP6|Q5JHP6_THEKO,F0LM49,Q5JHP6,F0LM49,Q5JHP6
tr|F0LM51|F0LM51_THEBM,tr|Q5JHP4|Q5JHP4_THEKO,F0LM51,Q5JHP4,F0LM51,Q5JHP4
tr|F0LM58|F0LM58_THEBM,tr|Q5JHN6|Q5JHN6_THEKO,F0LM58,Q5JHN6,F0LM58,Q5JHN6
tr|F0LM60|F0LM60_THEBM,tr|Q5JHN4|Q5JHN4_THEKO,F0LM60,Q5JHN4,F0LM60,Q5JHN4
tr|F0LM63|F0LM63_THEBM,tr|Q5JHR1|Q5JHR1_THEKO,F0LM63,Q5JHR1,F0LM63,Q5JHR1
tr|F0LM64|F0LM64_THEBM,tr|Q5JHR0|Q5JHR0_THEKO,F0LM64,Q5JHR0,F0LM64,Q5JHR0
tr|F0LM65|F0LM65_THEBM,tr|Q5JHQ9|Q5JHQ9_THEKO,F0LM65,Q5JHQ9,F0LM65,Q5JHQ9
tr|F0LM67|F0LM67_THEBM,tr|Q5JHQ7|Q5JHQ7_THEKO,F0LM67,Q5JHQ7,F0LM67,Q5JHQ7
tr|F0LM68|F0LM68_THEBM,tr|Q5JHQ6|Q5JHQ6_THEKO,F0LM68,Q5JHQ6,F0LM68,Q5JHQ6
tr|F0LM70|F0LM70_THEBM,tr|Q5JHQ4|Q5JHQ4_THEKO,F0LM70,Q5JHQ4,F0LM70,Q5JHQ4
tr|F0LM72|F0LM72_THEBM,tr|Q5JHR4|Q5JHR4_THEKO,F0LM72,Q5JHR4,F0LM72,Q5JHR4
tr|F0LM73|F0LM73_THEBM,tr|Q5JHT2|Q5JHT2_THEKO,F0LM73,Q5JHT2,F0LM73,Q5JHT2
tr|F0LM75|F0LM75_THEBM,tr|Q5JHT0|Q5JHT0_THEKO,F0LM75,Q5JHT0,F0LM75,Q5JHT0
tr|F0LM76|F0LM76_THEBM,tr|Q5JHS9|Q5JHS9_THEKO,F0LM76,Q5JHS9,F0LM76,Q5JHS9
tr|F0LM77|F0LM77_THEBM,tr|Q5JHS8|Q5JHS8_THEKO,F0LM77,Q5JHS8,F0LM77,Q5JHS8
tr|F0LM79|F0LM79_THEBM,tr|Q5JHS6|Q5JHS6_THEKO,F0LM79,Q5JHS6,F0LM79,Q5JHS6
tr|F0LM81|F0LM81_THEBM,tr|Q5JHS4|Q5JHS4_THEKO,F0LM81,Q5JHS4,F0LM81,Q5JHS4
tr|F0LM82|F0LM82_THEBM,tr|Q5JHS3|Q5JHS3_THEKO,F0LM82,Q5JHS3,F0LM82,Q5JHS3
tr|F0LM83|F0LM83_THEBM,tr|Q5JHS2|Q5JHS2_THEKO,F0LM83,Q5JHS2,F0LM83,Q5JHS2
tr|F0LM84|F0LM84_THEBM,tr|Q5JHS1|Q5JHS1_THEKO,F0LM84,Q5JHS1,F0LM84,Q5JHS1
tr|F0LM85|F0LM85_THEBM,tr|Q5JHS0|Q5JHS0_THEKO,F0LM85,Q5JHS0,F0LM85,Q5JHS0
tr|F0LM86|F0LM86_THEBM,tr|Q5JHR9|Q5JHR9_THEKO,F0LM86,Q5JHR9,F0LM86,Q5JHR9
tr|F0LM87|F0LM87_THEBM,tr|Q5JHR8|Q5JHR8_THEKO,F0LM87,Q5JHR8,F0LM87,Q5JHR8
tr|F0LM89|F0LM89_THEBM,tr|Q5JFZ8|Q5JFZ8_THEKO,F0LM89,Q5JFZ8,F0LM89,Q5JFZ8
tr|F0LM91|F0LM91_THEBM,tr|Q5JFG1|Q5JFG1_THEKO,F0LM91,Q5JFG1,F0LM91,Q5JFG1
tr|F0LM98|F0LM98_THEBM,tr|Q5JJ34|Q5JJ34_THEKO,F0LM98,Q5JJ34,F0LM98,Q5JJ34
tr|F0LMA0|F0LMA0_THEBM,tr|Q5JHK4|Q5JHK4_THEKO,F0LMA0,Q5JHK4,F0LMA0,Q5JHK4
tr|F0LMA2|F0LMA2_THEBM,tr|Q5JJ33|Q5JJ33_THEKO,F0LMA2,Q5JJ33,F0LMA2,Q5JJ33
tr|F0LMA7|F0LMA7_THEBM,tr|Q5JJ63|Q5JJ63_THEKO,F0LMA7,Q5JJ63,F0LMA7,Q5JJ63
tr|F0LMA8|F0LMA8_THEBM,tr|Q5JDJ3|Q5JDJ3_THEKO,F0LMA8,Q5JDJ3,F0LMA8,Q5JDJ3
tr|F0LMB2|F0LMB2_THEBM,tr|Q5JDJ8|Q5JDJ8_THEKO,F0LMB2,Q5JDJ8,F0LMB2,Q5JDJ8
tr|F0LMB3|F0LMB3_THEBM,tr|Q5JDK0|Q5JDK0_THEKO,F0LMB3,Q5JDK0,F0LMB3,Q5JDK0
tr|F0LMB5|F0LMB5_THEBM,tr|Q5JDK2|Q5JDK2_THEKO,F0LMB5,Q5JDK2,F0LMB5,Q5JDK2
tr|F0LMB8|F0LMB8_THEBM,tr|Q5JDK4|Q5JDK4_THEKO,F0LMB8,Q5JDK4,F0LMB8,Q5JDK4
tr|F0LMB9|F0LMB9_THEBM,sp|Q5JDJ9|PSB1_THEKO,F0LMB9,Q5JDJ9,F0LMB9,Q5JDJ9
tr|F0LMC2|F0LMC2_THEBM,tr|Q5JH25|Q5JH25_THEKO,F0LMC2,Q5JH25,F0LMC2,Q5JH25
tr|F0LMC4|F0LMC4_THEBM,tr|Q5JGQ5|Q5JGQ5_THEKO,F0LMC4,Q5JGQ5,F0LMC4,Q5JGQ5
tr|F0LMC8|F0LMC8_THEBM,tr|Q5JGP9|Q5JGP9_THEKO,F0LMC8,Q5JGP9,F0LMC8,Q5JGP9
tr|F0LMC9|F0LMC9_THEBM,tr|Q5JD73|Q5JD73_THEKO,F0LMC9,Q5JD73,F0LMC9,Q5JD73
tr|F0LMD2|F0LMD2_THEBM,tr|Q5JGT8|Q5JGT8_THEKO,F0LMD2,Q5JGT8,F0LMD2,Q5JGT8
tr|F0LMD3|F0LMD3_THEBM,tr|Q5JGP7|Q5JGP7_THEKO,F0LMD3,Q5JGP7,F0LMD3,Q5JGP7
tr|F0LMD4|F0LMD4_THEBM,tr|Q5JGP6|Q5JGP6_THEKO,F0LMD4,Q5JGP6,F0LMD4,Q5JGP6
tr|F0LMD5|F0LMD5_THEBM,tr|Q5JGP5|Q5JGP5_THEKO,F0LMD5,Q5JGP5,F0LMD5,Q5JGP5
tr|F0LMD6|F0LMD6_THEBM,sp|Q5JGP4|NSR_THEKO,F0LMD6,Q5JGP4,F0LMD6,Q5JGP4
tr|F0LMD7|F0LMD7_THEBM,tr|Q5JI18|Q5JI18_THEKO,F0LMD7,Q5JI18,F0LMD7,Q5JI18
tr|F0LMD8|F0LMD8_THEBM,tr|Q5JJB2|Q5JJB2_THEKO,F0LMD8,Q5JJB2,F0LMD8,Q5JJB2
tr|F0LME0|F0LME0_THEBM,tr|Q5JG53|Q5JG53_THEKO,F0LME0,Q5JG53,F0LME0,Q5JG53
tr|F0LME1|F0LME1_THEBM,tr|Q5JG74|Q5JG74_THEKO,F0LME1,Q5JG74,F0LME1,Q5JG74
tr|F0LME2|F0LME2_THEBM,tr|Q5JG61|Q5JG61_THEKO,F0LME2,Q5JG61,F0LME2,Q5JG61
tr|F0LME3|F0LME3_THEBM,tr|Q5JIP2|Q5JIP2_THEKO,F0LME3,Q5JIP2,F0LME3,Q5JIP2
tr|F0LME4|F0LME4_THEBM,tr|Q5JGQ8|Q5JGQ8_THEKO,F0LME4,Q5JGQ8,F0LME4,Q5JGQ8
tr|F0LME5|F0LME5_THEBM,tr|Q5JGS3|Q5JGS3_THEKO,F0LME5,Q5JGS3,F0LME5,Q5JGS3
tr|F0LME6|F0LME6_THEBM,tr|Q5JIJ1|Q5JIJ1_THEKO,F0LME6,Q5JIJ1,F0LME6,Q5JIJ1
tr|F0LME7|F0LME7_THEBM,tr|Q5JII1|Q5JII1_THEKO,F0LME7,Q5JII1,F0LME7,Q5JII1
tr|F0LME8|F0LME8_THEBM,tr|Q5JII0|Q5JII0_THEKO,F0LME8,Q5JII0,F0LME8,Q5JII0
tr|F0LMF0|F0LMF0_THEBM,tr|Q5JG57|Q5JG57_THEKO,F0LMF0,Q5JG57,F0LMF0,Q5JG57
tr|F0LMF6|F0LMF6_THEBM,tr|Q5JG01|Q5JG01_THEKO,F0LMF6,Q5JG01,F0LMF6,Q5JG01
tr|F0LMF7|F0LMF7_THEBM,tr|Q5JE69|Q5JE69_THEKO,F0LMF7,Q5JE69,F0LMF7,Q5JE69
tr|F0LMG2|F0LMG2_THEBM,tr|Q5JE55|Q5JE55_THEKO,F0LMG2,Q5JE55,F0LMG2,Q5JE55
tr|F0LMG3|F0LMG3_THEBM,tr|Q5JDV2|Q5JDV2_THEKO,F0LMG3,Q5JDV2,F0LMG3,Q5JDV2
tr|F0LMG5|F0LMG5_THEBM,sp|Q6F4N1|DCHI_THEKO,F0LMG5,Q6F4N1,F0LMG5,Q6F4N1
tr|F0LMG6|F0LMG6_THEBM,tr|Q5JDV0|Q5JDV0_THEKO,F0LMG6,Q5JDV0,F0LMG6,Q5JDV0
tr|F0LMG7|F0LMG7_THEBM,tr|Q5JDU9|Q5JDU9_THEKO,F0LMG7,Q5JDU9,F0LMG7,Q5JDU9
tr|F0LMG8|F0LMG8_THEBM,sp|Q5JEK8|GAL1_THEKO,F0LMG8,Q5JEK8,F0LMG8,Q5JEK8
tr|F0LMH0|F0LMH0_THEBM,tr|Q5JFG3|Q5JFG3_THEKO,F0LMH0,Q5JFG3,F0LMH0,Q5JFG3
tr|F0LMH1|F0LMH1_THEBM,tr|Q5JFG4|Q5JFG4_THEKO,F0LMH1,Q5JFG4,F0LMH1,Q5JFG4
tr|F0LMH2|F0LMH2_THEBM,tr|Q5JFG5|Q5JFG5_THEKO,F0LMH2,Q5JFG5,F0LMH2,Q5JFG5
tr|F0LMH3|F0LMH3_THEBM,tr|Q5JFG7|Q5JFG7_THEKO,F0LMH3,Q5JFG7,F0LMH3,Q5JFG7
tr|F0LMH5|F0LMH5_THEBM,tr|Q5JFD7|Q5JFD7_THEKO,F0LMH5,Q5JFD7,F0LMH5,Q5JFD7
tr|F0LMH6|F0LMH6_THEBM,tr|Q5JFD8|Q5JFD8_THEKO,F0LMH6,Q5JFD8,F0LMH6,Q5JFD8
tr|F0LMH7|F0LMH7_THEBM,tr|Q5JFD9|Q5JFD9_THEKO,F0LMH7,Q5JFD9,F0LMH7,Q5JFD9
tr|F0LMH8|F0LMH8_THEBM,tr|Q5JFE0|Q5JFE0_THEKO,F0LMH8,Q5JFE0,F0LMH8,Q5JFE0
tr|F0LMH9|F0LMH9_THEBM,tr|Q5JGQ7|Q5JGQ7_THEKO,F0LMH9,Q5JGQ7,F0LMH9,Q5JGQ7
tr|F0LMI0|F0LMI0_THEBM,tr|Q5JGP3|Q5JGP3_THEKO,F0LMI0,Q5JGP3,F0LMI0,Q5JGP3
tr|F0LMI1|F0LMI1_THEBM,sp|Q5JGM7|DEGLY_THEKO,F0LMI1,Q5JGM7,F0LMI1,Q5JGM7
tr|F0LMI2|F0LMI2_THEBM,tr|Q5JFJ8|Q5JFJ8_THEKO,F0LMI2,Q5JFJ8,F0LMI2,Q5JFJ8
tr|F0LMI3|F0LMI3_THEBM,tr|Q5JFJ7|Q5JFJ7_THEKO,F0LMI3,Q5JFJ7,F0LMI3,Q5JFJ7
tr|F0LMI4|F0LMI4_THEBM,tr|Q5JFJ6|Q5JFJ6_THEKO,F0LMI4,Q5JFJ6,F0LMI4,Q5JFJ6
tr|F0LMI5|F0LMI5_THEBM,tr|Q5JFJ5|Q5JFJ5_THEKO,F0LMI5,Q5JFJ5,F0LMI5,Q5JFJ5
tr|F0LMI6|F0LMI6_THEBM,tr|Q5JFM5|Q5JFM5_THEKO,F0LMI6,Q5JFM5,F0LMI6,Q5JFM5
tr|F0LMI7|F0LMI7_THEBM,tr|Q5JFM6|Q5JFM6_THEKO,F0LMI7,Q5JFM6,F0LMI7,Q5JFM6
tr|F0LMI8|F0LMI8_THEBM,tr|Q5JFM7|Q5JFM7_THEKO,F0LMI8,Q5JFM7,F0LMI8,Q5JFM7
tr|F0LMI9|F0LMI9_THEBM,sp|Q5JHM5|ARCE_THEKO,F0LMI9,Q5JHM5,F0LMI9,Q5JHM5
tr|F0LMJ3|F0LMJ3_THEBM,tr|Q5JHL9|Q5JHL9_THEKO,F0LMJ3,Q5JHL9,F0LMJ3,Q5JHL9
tr|F0LMJ6|F0LMJ6_THEBM,tr|Q5JF41|Q5JF41_THEKO,F0LMJ6,Q5JF41,F0LMJ6,Q5JF41
tr|F0LMJ7|F0LMJ7_THEBM,tr|Q5JF40|Q5JF40_THEKO,F0LMJ7,Q5JF40,F0LMJ7,Q5JF40
tr|F0LMK2|F0LMK2_THEBM,tr|Q5JG62|Q5JG62_THEKO,F0LMK2,Q5JG62,F0LMK2,Q5JG62
tr|F0LMK3|F0LMK3_THEBM,tr|Q5JG63|Q5JG63_THEKO,F0LMK3,Q5JG63,F0LMK3,Q5JG63
tr|F0LMK5|F0LMK5_THEBM,sp|Q5JF37|Y562_THEKO,F0LMK5,Q5JF37,F0LMK5,Q5JF37
tr|F0LMK6|F0LMK6_THEBM,tr|Q5JIW2|Q5JIW2_THEKO,F0LMK6,Q5JIW2,F0LMK6,Q5JIW2
tr|F0LMK8|F0LMK8_THEBM,tr|Q5JF52|Q5JF52_THEKO,F0LMK8,Q5JF52,F0LMK8,Q5JF52
tr|F0LMK9|F0LMK9_THEBM,tr|Q5JF66|Q5JF66_THEKO,F0LMK9,Q5JF66,F0LMK9,Q5JF66
tr|F0LML0|F0LML0_THEBM,tr|Q5JHD7|Q5JHD7_THEKO,F0LML0,Q5JHD7,F0LML0,Q5JHD7
tr|F0LML1|F0LML1_THEBM,tr|Q5JHE7|Q5JHE7_THEKO,F0LML1,Q5JHE7,F0LML1,Q5JHE7
tr|F0LML3|F0LML3_THEBM,tr|Q5JG73|Q5JG73_THEKO,F0LML3,Q5JG73,F0LML3,Q5JG73
tr|F0LML4|F0LML4_THEBM,tr|Q5JJ98|Q5JJ98_THEKO,F0LML4,Q5JJ98,F0LML4,Q5JJ98
tr|F0LML5|F0LML5_THEBM,tr|Q5JDY4|Q5JDY4_THEKO,F0LML5,Q5JDY4,F0LML5,Q5JDY4
tr|F0LML6|F0LML6_THEBM,tr|Q5JDW4|Q5JDW4_THEKO,F0LML6,Q5JDW4,F0LML6,Q5JDW4
tr|F0LML8|F0LML8_THEBM,tr|Q5JDX8|Q5JDX8_THEKO,F0LML8,Q5JDX8,F0LML8,Q5JDX8
tr|F0LML9|F0LML9_THEBM,tr|Q5JDX7|Q5JDX7_THEKO,F0LML9,Q5JDX7,F0LML9,Q5JDX7
tr|F0LMM2|F0LMM2_THEBM,tr|Q5JCX5|Q5JCX5_THEKO,F0LMM2,Q5JCX5,F0LMM2,Q5JCX5
tr|F0LMM3|F0LMM3_THEBM,tr|Q5JCX6|Q5JCX6_THEKO,F0LMM3,Q5JCX6,F0LMM3,Q5JCX6
tr|F0LMM5|F0LMM5_THEBM,tr|Q5JG17|Q5JG17_THEKO,F0LMM5,Q5JG17,F0LMM5,Q5JG17
tr|F0LMM6|F0LMM6_THEBM,tr|Q5JG18|Q5JG18_THEKO,F0LMM6,Q5JG18,F0LMM6,Q5JG18
tr|F0LMM7|F0LMM7_THEBM,tr|Q5JG19|Q5JG19_THEKO,F0LMM7,Q5JG19,F0LMM7,Q5JG19
tr|F0LMM8|F0LMM8_THEBM,tr|Q5JG22|Q5JG22_THEKO,F0LMM8,Q5JG22,F0LMM8,Q5JG22
tr|F0LMM9|F0LMM9_THEBM,tr|Q5JG25|Q5JG25_THEKO,F0LMM9,Q5JG25,F0LMM9,Q5JG25
tr|F0LMN6|F0LMN6_THEBM,tr|Q5JG29|Q5JG29_THEKO,F0LMN6,Q5JG29,F0LMN6,Q5JG29
tr|F0LMN8|F0LMN8_THEBM,tr|Q5JG31|Q5JG31_THEKO,F0LMN8,Q5JG31,F0LMN8,Q5JG31
tr|F0LMN9|F0LMN9_THEBM,tr|Q5JG32|Q5JG32_THEKO,F0LMN9,Q5JG32,F0LMN9,Q5JG32
tr|F0LMP0|F0LMP0_THEBM,sp|Q5JH90|Y790_THEKO,F0LMP0,Q5JH90,F0LMP0,Q5JH90
tr|F0LMP2|F0LMP2_THEBM,tr|Q5JH92|Q5JH92_THEKO,F0LMP2,Q5JH92,F0LMP2,Q5JH92
tr|F0LMP4|F0LMP4_THEBM,tr|Q5JIC1|Q5JIC1_THEKO,F0LMP4,Q5JIC1,F0LMP4,Q5JIC1
tr|F0LMP5|F0LMP5_THEBM,tr|Q5JIC0|Q5JIC0_THEKO,F0LMP5,Q5JIC0,F0LMP5,Q5JIC0
tr|F0LMP7|F0LMP7_THEBM,tr|Q5JJA0|Q5JJA0_THEKO,F0LMP7,Q5JJA0,F0LMP7,Q5JJA0
tr|F0LMP8|F0LMP8_THEBM,tr|Q5JJA1|Q5JJA1_THEKO,F0LMP8,Q5JJA1,F0LMP8,Q5JJA1
tr|F0LMQ3|F0LMQ3_THEBM,tr|Q5JJA3|Q5JJA3_THEKO,F0LMQ3,Q5JJA3,F0LMQ3,Q5JJA3
tr|F0LMQ4|F0LMQ4_THEBM,tr|Q5JG02|Q5JG02_THEKO,F0LMQ4,Q5JG02,F0LMQ4,Q5JG02
tr|F0LMQ5|F0LMQ5_THEBM,tr|Q5JG03|Q5JG03_THEKO,F0LMQ5,Q5JG03,F0LMQ5,Q5JG03
tr|F0LMQ6|F0LMQ6_THEBM,tr|Q5JG04|Q5JG04_THEKO,F0LMQ6,Q5JG04,F0LMQ6,Q5JG04
tr|F0LMQ7|F0LMQ7_THEBM,tr|Q5JG05|Q5JG05_THEKO,F0LMQ7,Q5JG05,F0LMQ7,Q5JG05
tr|F0LMR0|F0LMR0_THEBM,tr|Q5JI99|Q5JI99_THEKO,F0LMR0,Q5JI99,F0LMR0,Q5JI99
tr|F0LMR2|F0LMR2_THEBM,tr|Q5JIA1|Q5JIA1_THEKO,F0LMR2,Q5JIA1,F0LMR2,Q5JIA1
tr|F0LMR5|F0LMR5_THEBM,tr|Q5JIA3|Q5JIA3_THEKO,F0LMR5,Q5JIA3,F0LMR5,Q5JIA3
tr|F0LMR8|F0LMR8_THEBM,tr|Q5JIA5|Q5JIA5_THEKO,F0LMR8,Q5JIA5,F0LMR8,Q5JIA5
tr|F0LMR9|F0LMR9_THEBM,tr|Q5JIA6|Q5JIA6_THEKO,F0LMR9,Q5JIA6,F0LMR9,Q5JIA6
tr|F0LMS1|F0LMS1_THEBM,tr|Q5JED0|Q5JED0_THEKO,F0LMS1,Q5JED0,F0LMS1,Q5JED0
tr|F0LMS5|F0LMS5_THEBM,tr|Q5JG69|Q5JG69_THEKO,F0LMS5,Q5JG69,F0LMS5,Q5JG69
tr|F0LMS8|F0LMS8_THEBM,tr|Q5JIE9|Q5JIE9_THEKO,F0LMS8,Q5JIE9,F0LMS8,Q5JIE9
tr|F0LMT0|F0LMT0_THEBM,tr|Q5JIE7|Q5JIE7_THEKO,F0LMT0,Q5JIE7,F0LMT0,Q5JIE7
tr|F0LMT2|F0LMT2_THEBM,tr|Q5JFR3|Q5JFR3_THEKO,F0LMT2,Q5JFR3,F0LMT2,Q5JFR3
tr|F0LMT3|F0LMT3_THEBM,tr|Q5JIE4|Q5JIE4_THEKO,F0LMT3,Q5JIE4,F0LMT3,Q5JIE4
tr|F0LMT9|F0LMT9_THEBM,sp|Q5JGT6|RL39_THEKO,F0LMT9,Q5JGT6,F0LMT9,Q5JGT6
tr|F0LMU0|F0LMU0_THEBM,tr|Q5JGM8|Q5JGM8_THEKO,F0LMU0,Q5JGM8,F0LMU0,Q5JGM8
tr|F0LMU1|F0LMU1_THEBM,tr|Q5JGN6|Q5JGN6_THEKO,F0LMU1,Q5JGN6,F0LMU1,Q5JGN6
tr|F0LMU3|F0LMU3_THEBM,tr|Q5JGN4|Q5JGN4_THEKO,F0LMU3,Q5JGN4,F0LMU3,Q5JGN4
tr|F0LMU4|F0LMU4_THEBM,sp|Q5JGN3|Y1278_THEKO,F0LMU4,Q5JGN3,F0LMU4,Q5JGN3
tr|F0LMU5|F0LMU5_THEBM,tr|Q5JGN2|Q5JGN2_THEKO,F0LMU5,Q5JGN2,F0LMU5,Q5JGN2
tr|F0LMU8|F0LMU8_THEBM,tr|Q5JE77|Q5JE77_THEKO,F0LMU8,Q5JE77,F0LMU8,Q5JE77
tr|F0LMU9|F0LMU9_THEBM,tr|Q5JEY6|Q5JEY6_THEKO,F0LMU9,Q5JEY6,F0LMU9,Q5JEY6
tr|F0LMV6|F0LMV6_THEBM,tr|Q5JEY5|Q5JEY5_THEKO,F0LMV6,Q5JEY5,F0LMV6,Q5JEY5
tr|F0LMV7|F0LMV7_THEBM,tr|Q5JEY4|Q5JEY4_THEKO,F0LMV7,Q5JEY4,F0LMV7,Q5JEY4
tr|F0LMV8|F0LMV8_THEBM,tr|Q5JEY3|Q5JEY3_THEKO,F0LMV8,Q5JEY3,F0LMV8,Q5JEY3
tr|F0LMV9|F0LMV9_THEBM,tr|Q9V2X2|Q9V2X2_THEKO,F0LMV9,Q9V2X2,F0LMV9,Q9V2X2
tr|F0LMW0|F0LMW0_THEBM,tr|Q5JEY1|Q5JEY1_THEKO,F0LMW0,Q5JEY1,F0LMW0,Q5JEY1
tr|F0LMW4|F0LMW4_THEBM,tr|Q5JEC8|Q5JEC8_THEKO,F0LMW4,Q5JEC8,F0LMW4,Q5JEC8
tr|F0LMX1|F0LMX1_THEBM,tr|Q5JEP0|Q5JEP0_THEKO,F0LMX1,Q5JEP0,F0LMX1,Q5JEP0
tr|F0LMX2|F0LMX2_THEBM,tr|Q5JE68|Q5JE68_THEKO,F0LMX2,Q5JE68,F0LMX2,Q5JE68
tr|F0LMX5|F0LMX5_THEBM,tr|Q5JG12|Q5JG12_THEKO,F0LMX5,Q5JG12,F0LMX5,Q5JG12
tr|F0LMX6|F0LMX6_THEBM,tr|Q5JDA8|Q5JDA8_THEKO,F0LMX6,Q5JDA8,F0LMX6,Q5JDA8
tr|F0LMY2|F0LMY2_THEBM,tr|Q5JDB1|Q5JDB1_THEKO,F0LMY2,Q5JDB1,F0LMY2,Q5JDB1
tr|F0LMY4|F0LMY4_THEBM,tr|Q5JH97|Q5JH97_THEKO,F0LMY4,Q5JH97,F0LMY4,Q5JH97
tr|F0LMY5|F0LMY5_THEBM,tr|Q5JH87|Q5JH87_THEKO,F0LMY5,Q5JH87,F0LMY5,Q5JH87
tr|F0LMZ4|F0LMZ4_THEBM,tr|Q5JHV8|Q5JHV8_THEKO,F0LMZ4,Q5JHV8,F0LMZ4,Q5JHV8
tr|F0LN04|F0LN04_THEBM,tr|Q5JHA1|Q5JHA1_THEKO,F0LN04,Q5JHA1,F0LN04,Q5JHA1
tr|F0LN05|F0LN05_THEBM,tr|Q5JHA2|Q5JHA2_THEKO,F0LN05,Q5JHA2,F0LN05,Q5JHA2
tr|F0LN08|F0LN08_THEBM,tr|Q5JD06|Q5JD06_THEKO,F0LN08,Q5JD06,F0LN08,Q5JD06
tr|F0LN09|F0LN09_THEBM,tr|Q5JCX9|Q5JCX9_THEKO,F0LN09,Q5JCX9,F0LN09,Q5JCX9
tr|F0LN10|F0LN10_THEBM,tr|Q5JCY0|Q5JCY0_THEKO,F0LN10,Q5JCY0,F0LN10,Q5JCY0
tr|F0LN12|F0LN12_THEBM,tr|Q5JCY3|Q5JCY3_THEKO,F0LN12,Q5JCY3,F0LN12,Q5JCY3
tr|F0LN14|F0LN14_THEBM,tr|Q5JIZ7|Q5JIZ7_THEKO,F0LN14,Q5JIZ7,F0LN14,Q5JIZ7
tr|F0LN15|F0LN15_THEBM,tr|Q5JEF7|Q5JEF7_THEKO,F0LN15,Q5JEF7,F0LN15,Q5JEF7
tr|F0LN19|F0LN19_THEBM,tr|Q5JEL1|Q5JEL1_THEKO,F0LN19,Q5JEL1,F0LN19,Q5JEL1
tr|F0LN21|F0LN21_THEBM,tr|Q5JIA8|Q5JIA8_THEKO,F0LN21,Q5JIA8,F0LN21,Q5JIA8
tr|F0LN24|F0LN24_THEBM,tr|Q5JH39|Q5JH39_THEKO,F0LN24,Q5JH39,F0LN24,Q5JH39
tr|F0LN26|F0LN26_THEBM,tr|Q5JE73|Q5JE73_THEKO,F0LN26,Q5JE73,F0LN26,Q5JE73
tr|F0LN27|F0LN27_THEBM,tr|Q5JE72|Q5JE72_THEKO,F0LN27,Q5JE72,F0LN27,Q5JE72
tr|F0LN29|F0LN29_THEBM,tr|Q5JIG9|Q5JIG9_THEKO,F0LN29,Q5JIG9,F0LN29,Q5JIG9
tr|F0LN30|F0LN30_THEBM,tr|Q5JIG8|Q5JIG8_THEKO,F0LN30,Q5JIG8,F0LN30,Q5JIG8
tr|F0LN33|F0LN33_THEBM,tr|Q5JIG5|Q5JIG5_THEKO,F0LN33,Q5JIG5,F0LN33,Q5JIG5
tr|F0LN34|F0LN34_THEBM,tr|Q5JF57|Q5JF57_THEKO,F0LN34,Q5JF57,F0LN34,Q5JF57
tr|F0LN35|F0LN35_THEBM,tr|Q5JF58|Q5JF58_THEKO,F0LN35,Q5JF58,F0LN35,Q5JF58
tr|F0LN37|F0LN37_THEBM,tr|Q5JF60|Q5JF60_THEKO,F0LN37,Q5JF60,F0LN37,Q5JF60
tr|F0LN38|F0LN38_THEBM,tr|Q5JF61|Q5JF61_THEKO,F0LN38,Q5JF61,F0LN38,Q5JF61
tr|F0LN39|F0LN39_THEBM,tr|Q5JF62|Q5JF62_THEKO,F0LN39,Q5JF62,F0LN39,Q5JF62
tr|F0LN42|F0LN42_THEBM,tr|Q5JJ81|Q5JJ81_THEKO,F0LN42,Q5JJ81,F0LN42,Q5JJ81
tr|F0LN44|F0LN44_THEBM,tr|Q5JEQ9|Q5JEQ9_THEKO,F0LN44,Q5JEQ9,F0LN44,Q5JEQ9
tr|F0LN58|F0LN58_THEBM,tr|Q5JG36|Q5JG36_THEKO,F0LN58,Q5JG36,F0LN58,Q5JG36
tr|F0LN59|F0LN59_THEBM,tr|Q5JG37|Q5JG37_THEKO,F0LN59,Q5JG37,F0LN59,Q5JG37
tr|F0LN66|F0LN66_THEBM,tr|Q5JEN8|Q5JEN8_THEKO,F0LN66,Q5JEN8,F0LN66,Q5JEN8
tr|F0LN88|F0LN88_THEBM,tr|Q5JIM1|Q5JIM1_THEKO,F0LN88,Q5JIM1,F0LN88,Q5JIM1
