barophilus,kodakarensis,pident,qcov,scov
tr|F0LKL3|F0LKL3_THEBM,sp|Q5JET0|DP2L_THEKO,71.976,0.9988610478359908,0.9983314794215795
tr|F0LI64|F0LI64_THEBM,tr|Q5JE32|Q5JE32_THEKO,89.652,0.9991055456171736,0.9982190560997328
tr|F0LMA4|F0LMA4_THEBM,sp|Q5JJ31|SYI_THEKO,82.788,0.9990610328638497,1.0
tr|F0LMX0|F0LMX0_THEBM,sp|Q5JGR9|IF2P_THEKO,78.653,0.9991258741258742,0.9982517482517482
tr|F0LI65|F0LI65_THEBM,tr|Q5JE33|Q5JE33_THEKO,91.722,1.0,1.0
tr|F0LHP4|F0LHP4_THEBM,sp|Q8NKR7|SYL_THEKO,82.78,0.9989561586638831,0.9968976215098242
tr|F0LKW4|F0LKW4_THEBM,sp|Q5JGN7|SYV_THEKO,85.33,0.9988726042841037,1.0
tr|F0LJP8|F0LJP8_THEBM,sp|Q5JIL7|SYA_THEKO,82.898,0.9989023051591658,1.0
tr|F0LMQ2|F0LMQ2_THEBM,tr|Q5JJA2|Q5JJA2_THEKO,72.212,0.9696412143514259,0.8898233809924306
tr|F0LK31|F0LK31_THEBM,tr|Q5JF65|Q5JF65_THEKO,82.812,0.9976019184652278,1.0
tr|F0LMC5|F0LMC5_THEBM,tr|Q5JGQ1|Q5JGQ1_THEKO,90.909,0.9860406091370558,0.9836065573770492
tr|F0LMV9|F0LMV9_THEBM,tr|Q9V2X2|Q9V2X2_THEKO,83.593,0.9988009592326139,0.9988023952095808
tr|F0LKE9|F0LKE9_THEBM,tr|Q5JJA4|Q5JJA4_THEKO,71.304,0.9945945945945946,0.9913513513513513
tr|F0LH42|F0LH42_THEBM,tr|Q5JE98|Q5JE98_THEKO,87.186,1.0,1.0
tr|F0LKC5|F0LKC5_THEBM,sp|Q5JFZ3|EF2_THEKO,90.15,0.9986338797814208,0.9986338797814208
tr|F0LHT1|F0LHT1_THEBM,tr|Q5JII4|Q5JII4_THEKO,80.959,1.0,1.0
tr|F0LJS9|F0LJS9_THEBM,sp|Q5JHC6|TMCA_THEKO,79.557,0.9938800489596084,0.998766954377312
tr|F0LJ85|F0LJ85_THEBM,tr|Q5JFJ4|Q5JFJ4_THEKO,84.574,0.9959568733153639,0.9973009446693657
tr|F0LKS4|F0LKS4_THEBM,tr|Q5JF13|Q5JF13_THEKO,73.003,0.9966367713004485,0.9844444444444445
tr|F0LL64|F0LL64_THEBM,sp|Q5JDZ7|SYM_THEKO,81.561,1.0,1.0
tr|F0LI34|F0LI34_THEBM,tr|Q5JH18|Q5JH18_THEKO,71.205,0.9963985594237695,0.9915662650602409
tr|F0LHV2|F0LHV2_THEBM,tr|Q5JDF4|Q5JDF4_THEKO,73.908,1.0,1.0
tr|F0LMC0|F0LMC0_THEBM,sp|Q5JH24|FTTA_THEKO,88.58,1.0,1.0
tr|F0LML4|F0LML4_THEBM,tr|Q5JJ98|Q5JJ98_THEKO,72.75,0.990909090909091,0.9937810945273632
tr|F0LM39|F0LM39_THEBM,sp|Q8NKS6|LONB_THEKO,85.466,0.9906103286384976,0.9952755905511811
tr|F0LJW7|F0LJW7_THEBM,tr|Q5JD54|Q5JD54_THEKO,87.44,0.9905362776025236,0.9921011058451816
tr|F0LJK1|F0LJK1_THEBM,sp|Q5JGC8|SYT_THEKO,85.304,1.0,1.0
tr|F0LJ98|F0LJ98_THEBM,tr|Q5JIU3|Q5JIU3_THEKO,85.691,0.9951298701298701,0.9654631083202512
tr|F0LHG3|F0LHG3_THEBM,sp|O07835|IORA_THEKO,86.09,1.0,1.0
tr|F0LLI9|F0LLI9_THEBM,sp|Q5JFL7|PURL_THEKO,75.596,1.0,0.9971949509116409
tr|F0LHE0|F0LHE0_THEBM,tr|Q5JIG4|Q5JIG4_THEKO,91.281,1.0,1.0
tr|F0LKH4|F0LKH4_THEBM,tr|Q5JHJ4|Q5JHJ4_THEKO,77.948,1.0,1.0
tr|F0LHS8|F0LHS8_THEBM,tr|Q5JI82|Q5JI82_THEKO,71.728,0.9986893840104849,0.9960886571056062
tr|F0LJM9|F0LJM9_THEBM,sp|Q5JIR3|AATA_THEKO,87.692,1.0,1.0
tr|F0LKS3|F0LKS3_THEBM,tr|Q5JDX6|Q5JDX6_THEKO,85.569,0.9949152542372881,0.9915824915824916
tr|F0LIX5|F0LIX5_THEBM,tr|Q5JG42|Q5JG42_THEKO,77.583,0.9984126984126984,0.9736842105263158
tr|F0LL31|F0LL31_THEBM,tr|Q5JHH8|Q5JHH8_THEKO,84.957,1.0,0.9915254237288136
tr|F0LJ29|F0LJ29_THEBM,sp|Q5JI74|GATE_THEKO,85.12,0.9968102073365231,0.9936406995230525
tr|F0LJP6|F0LJP6_THEBM,tr|Q5JIP3|Q5JIP3_THEKO,82.313,0.99830220713073,0.9882352941176471
tr|F0LMR0|F0LMR0_THEBM,tr|Q5JI99|Q5JI99_THEKO,88.02,0.9983388704318937,0.9983388704318937
tr|F0LM43|F0LM43_THEBM,sp|Q5JHC0|ATGT_THEKO,86.482,0.9982698961937716,0.9948275862068966
tr|F0LL12|F0LL12_THEBM,sp|O32450|MALQ_THEKO,75.915,1.0,0.996937212863706
tr|F0LI31|F0LI31_THEBM,sp|Q6F494|PCKG_THEKO,79.006,0.9936305732484076,0.9967897271268058
tr|F0LIK1|F0LIK1_THEBM,sp|Q5JID8|SYG_THEKO,85.563,0.9964912280701754,0.9947368421052631
tr|F0LJT0|F0LJT0_THEBM,tr|Q5JHC8|Q5JHC8_THEKO,75.237,0.9984251968503937,0.995253164556962
tr|F0LJ21|F0LJ21_THEBM,tr|Q5JI56|Q5JI56_THEKO,81.52,0.9965576592082617,0.9965576592082617
tr|F0LMA9|F0LMA9_THEBM,tr|Q5JDJ5|Q5JDJ5_THEKO,74.923,0.9984615384615385,0.9984615384615385
tr|F0LMY3|F0LMY3_THEBM,tr|Q5JH96|Q5JH96_THEKO,74.057,0.9906542056074766,0.9968602825745683
tr|F0LH96|F0LH96_THEBM,tr|Q5JIS8|Q5JIS8_THEKO,91.762,1.0,1.0
tr|F0LHH1|F0LHH1_THEBM,sp|Q5JE15|AOR_THEKO,77.114,0.996694214876033,0.996694214876033
tr|F0LJH1|F0LJH1_THEBM,tr|Q5JFR4|Q5JFR4_THEKO,71.017,0.9984848484848485,0.9984825493171472
tr|F0LKV5|F0LKV5_THEBM,sp|Q5JGF1|PYRG_THEKO,88.534,0.99812382739212,0.99812382739212
tr|F0LLS3|F0LLS3_THEBM,sp|Q5JGH7|SYR_THEKO,71.097,1.0,1.0
tr|F0LLJ5|F0LLJ5_THEBM,sp|Q52500|THSB_THEKO,89.945,1.0,1.0
tr|F0LJT9|F0LJT9_THEBM,sp|Q5JH81|TOP6B_THEKO,82.759,0.9666666666666667,0.9700176366843033
tr|F0LI39|F0LI39_THEBM,sp|Q5JH16|SYE_THEKO,81.786,1.0,0.9947643979057592
tr|F0LKR4|F0LKR4_THEBM,sp|Q5JH71|GLMS_THEKO,75.748,1.0,1.0
tr|F0LJ37|F0LJ37_THEBM,sp|Q76KA7|SYFB_THEKO,78.07,0.9928443649373881,0.9912891986062717
tr|F0LJW8|F0LJW8_THEBM,tr|Q5JD37|Q5JD37_THEKO,72.492,0.9951534733441034,0.9983766233766234
tr|F0LGY1|F0LGY1_THEBM,tr|Q5JGQ9|Q5JGQ9_THEKO,69.157,0.9936507936507937,0.9952456418383518
tr|F0LLJ9|F0LLJ9_THEBM,tr|Q5JFK3|Q5JFK3_THEKO,69.659,0.9892638036809815,0.9757942511346445
tr|F0LGX8|F0LGX8_THEBM,tr|Q5JEE4|Q5JEE4_THEKO,81.564,0.9907578558225508,0.9888888888888889
tr|F0LKA2|F0LKA2_THEBM,sp|P61111|THSA_THEKO,86.867,0.9655797101449275,0.9671532846715328
tr|F0LMH6|F0LMH6_THEBM,tr|Q5JFD8|Q5JFD8_THEKO,84.015,1.0,1.0
tr|F0LL23|F0LL23_THEBM,sp|Q9HHC4|DNLI_THEKO,83.571,0.9982174688057041,1.0
tr|F0LIX8|F0LIX8_THEBM,tr|Q5JHZ4|Q5JHZ4_THEKO,75.088,1.0,1.0
tr|F0LLV3|F0LLV3_THEBM,tr|Q5JJ26|Q5JJ26_THEKO,59.428,0.9934895833333334,0.9947780678851175
tr|F0LK42|F0LK42_THEBM,tr|Q5JDQ6|Q5JDQ6_THEKO,72.045,0.9889240506329114,0.9951768488745981
tr|F0LM71|F0LM71_THEBM,sp|Q5JHQ3|SYK_THEKO,80.418,1.0,1.0
tr|F0LJM8|F0LJM8_THEBM,sp|Q5JIR2|AATB_THEKO,95.435,0.9956709956709957,0.989247311827957
tr|F0LMC6|F0LMC6_THEBM,tr|Q5JGQ0|Q5JGQ0_THEKO,54.265,0.992619926199262,0.9806060606060606
tr|F0LI62|F0LI62_THEBM,sp|Q5JGX6|GCSPB_THEKO,87.026,0.998003992015968,0.99800796812749
tr|F0LKX4|F0LKX4_THEBM,sp|Q5JF49|SYP_THEKO,88.565,1.0,1.0
tr|F0LK55|F0LK55_THEBM,sp|Q5JHG7|ARCSA_THEKO,75.306,1.0,1.0
tr|F0LI50|F0LI50_THEBM,tr|Q5JGZ7|Q5JGZ7_THEKO,84.413,0.9959677419354839,0.9959677419354839
tr|F0LKB8|F0LKB8_THEBM,sp|Q5JCZ1|RTCB_THEKO,88.518,1.0,0.9937759336099585
tr|F0LIA0|F0LIA0_THEBM,tr|Q8X268|Q8X268_THEKO,61.396,0.9802816901408451,0.9761570827489481
tr|F0LMM0|F0LMM0_THEBM,sp|Q5JCX3|AMPPA_THEKO,85.487,0.9785992217898832,1.0
tr|F0LI49|F0LI49_THEBM,sp|O93623|GLPK_THEKO,81.67,0.9959432048681541,0.9879275653923542
tr|F0LM45|F0LM45_THEBM,sp|Q5JHN1|RAD50_THEKO,56.625,1.0,1.0
tr|F0LJW2|F0LJW2_THEBM,sp|Q5JD45|SYC_THEKO,83.755,1.0,0.9957983193277311
tr|F0LIL9|F0LIL9_THEBM,tr|Q5JIC6|Q5JIC6_THEKO,66.768,0.9909774436090225,0.9878787878787879
tr|F0LKY6|F0LKY6_THEBM,tr|Q5JEL7|Q5JEL7_THEKO,71.028,0.9697428139183056,0.981651376146789
tr|F0LL14|F0LL14_THEBM,tr|Q5JIM7|Q5JIM7_THEKO,87.029,0.9656565656565657,0.9795081967213115
tr|F0LMB1|F0LMB1_THEBM,sp|Q5JDJ7|BE_THEKO,64.307,0.9954954954954955,0.997037037037037
tr|F0LIJ1|F0LIJ1_THEBM,tr|Q5JIF8|Q5JIF8_THEKO,69.983,0.9983136593591906,0.9949579831932773
tr|F0LLJ0|F0LLJ0_THEBM,tr|Q5JFM0|Q5JFM0_THEKO,83.951,1.0,1.0
tr|F0LJV1|F0LJV1_THEBM,tr|Q5JF69|Q5JF69_THEKO,80.198,0.9921414538310412,0.9940944881889764
tr|F0LLL8|F0LLL8_THEBM,sp|O93627|RBL_THEKO,90.541,1.0,1.0
tr|F0LMI9|F0LMI9_THEBM,sp|Q5JHM5|ARCE_THEKO,88.17,0.9955555555555555,1.0
tr|F0LMU9|F0LMU9_THEBM,tr|Q5JEY6|Q5JEY6_THEKO,88.261,0.9956709956709957,0.989247311827957
tr|F0LJ36|F0LJ36_THEBM,sp|Q76KA8|SYFA_THEKO,80.517,1.0,1.0
tr|F0LKX3|F0LKX3_THEBM,tr|Q5JF50|Q5JF50_THEKO,73.783,0.9962406015037594,0.996268656716418
tr|F0LKM4|F0LKM4_THEBM,tr|Q5JER5|Q5JER5_THEKO,82.5,1.0,1.0
tr|F0LKM8|F0LKM8_THEBM,tr|Q5JEN7|Q5JEN7_THEKO,84.382,0.9956803455723542,0.9829424307036247
tr|F0LIB0|F0LIB0_THEBM,tr|Q5JHI9|Q5JHI9_THEKO,67.282,0.9221183800623053,0.9144634525660964
tr|F0LN21|F0LN21_THEBM,tr|Q5JIA8|Q5JIA8_THEKO,87.049,0.9915433403805497,0.9936708860759493
tr|F0LJN4|F0LJN4_THEBM,sp|Q5JDS2|AATI_THEKO,61.94,1.0,0.9969834087481146
tr|F0LMW2|F0LMW2_THEBM,sp|Q5JE75|SYS_THEKO,86.784,0.9978021978021978,0.9978021978021978
tr|F0LMJ9|F0LMJ9_THEBM,tr|Q5JF38|Q5JF38_THEKO,85.333,0.9933774834437086,0.9911894273127754
tr|F0LKL4|F0LKL4_THEBM,tr|Q5JET1|Q5JET1_THEKO,57.065,0.9955686853766618,0.9959183673469387
tr|F0LKC3|F0LKC3_THEBM,sp|Q5JFZ4|EF1A_THEKO,94.159,1.0,1.0
tr|F0LN37|F0LN37_THEBM,tr|Q5JF60|Q5JF60_THEKO,65.802,1.0,1.0
tr|F0LJZ5|F0LJZ5_THEBM,sp|O33475|COBQ_THEKO,80.331,1.0,1.0
tr|F0LKF9|F0LKF9_THEBM,tr|Q5JG13|Q5JG13_THEKO,75.248,0.9980237154150198,0.9901960784313726
tr|F0LI61|F0LI61_THEBM,sp|Q5JGX5|GCSPA_THEKO,82.705,1.0,1.0
tr|F0LKX9|F0LKX9_THEBM,tr|Q5JEL0|Q5JEL0_THEKO,73.146,0.9979959919839679,1.0
tr|F0LGW8|F0LGW8_THEBM,sp|Q5JHC1|SYN_THEKO,87.239,1.0,1.0
tr|F0LJG0|F0LJG0_THEBM,tr|Q5JDX0|Q5JDX0_THEKO,74.498,0.9822485207100592,0.9920318725099602
tr|F0LMH2|F0LMH2_THEBM,tr|Q5JFG5|Q5JFG5_THEKO,81.342,0.997907949790795,0.9834368530020704
tr|F0LLS6|F0LLS6_THEBM,sp|Q5JGK6|RF1_THEKO,89.88,1.0,1.0
tr|F0LL77|F0LL77_THEBM,sp|Q52428|SYD_THEKO,85.388,1.0,1.0
tr|F0LHN9|F0LHN9_THEBM,tr|Q5JH57|Q5JH57_THEKO,84.424,0.9954648526077098,0.9977477477477478
tr|F0LIN4|F0LIN4_THEBM,tr|Q5JG33|Q5JG33_THEKO,83.051,1.0,0.9978858350951374
tr|F0LJ32|F0LJ32_THEBM,tr|Q5JI71|Q5JI71_THEKO,93.137,1.0,1.0
tr|F0LIR1|F0LIR1_THEBM,sp|Q5JEW1|ORNAT_THEKO,83.596,1.0,1.0
tr|F0LHG4|F0LHG4_THEBM,tr|Q5JFH7|Q5JFH7_THEKO,85.778,0.9911894273127754,0.982532751091703
tr|F0LLQ8|F0LLQ8_THEBM,tr|Q5JGJ3|Q5JGJ3_THEKO,61.514,0.9983870967741936,0.9983766233766234
tr|F0LIG2|F0LIG2_THEBM,sp|Q5JJC8|SRP54_THEKO,81.92,1.0,1.0
tr|F0LGW5|F0LGW5_THEBM,sp|Q68BJ6|PGMMM_THEKO,81.758,0.9763948497854077,0.9956140350877193
tr|F0LLM3|F0LLM3_THEBM,tr|Q5JGE5|Q5JGE5_THEKO,84.58,1.0,1.0
tr|F0LJ59|F0LJ59_THEBM,tr|Q5JFJ0|Q5JFJ0_THEKO,68.266,1.0,0.9574468085106383
tr|F0LM61|F0LM61_THEBM,sp|Q5JHN3|FAU1_THEKO,76.645,1.0,1.0
tr|F0LLF4|F0LLF4_THEBM,sp|Q5JDL3|IF2G_THEKO,90.0,0.9975609756097561,0.9975609756097561
tr|F0LMX1|F0LMX1_THEBM,tr|Q5JEP0|Q5JEP0_THEKO,81.96,0.9782135076252724,0.9868131868131869
tr|F0LMD6|F0LMD6_THEBM,sp|Q5JGP4|NSR_THEKO,82.353,1.0,1.0
tr|F0LMS2|F0LMS2_THEBM,sp|Q5JED2|SAHH_THEKO,88.836,1.0,1.0
tr|F0LKL5|F0LKL5_THEBM,sp|Q5JET2|CDC6_THEKO,88.078,0.9762470308788599,0.9903614457831326
tr|F0LI90|F0LI90_THEBM,sp|Q68BJ7|GLMM_THEKO,82.628,1.0,1.0
tr|F0LID6|F0LID6_THEBM,tr|Q5JHU9|Q5JHU9_THEKO,72.692,1.0,0.9883268482490273
tr|F0LIW8|F0LIW8_THEBM,sp|Q5JF06|GLYA_THEKO,87.5,0.9929411764705882,0.9837587006960556
tr|F0LIR7|F0LIR7_THEBM,sp|Q5JEV6|ENO_THEKO,85.349,1.0,1.0
tr|F0LJ41|F0LJ41_THEBM,tr|Q5JI91|Q5JI91_THEKO,78.366,0.9977973568281938,0.982646420824295
tr|F0LH69|F0LH69_THEBM,sp|Q5JI21|APGM_THEKO,87.531,0.9975609756097561,0.9951338199513382
tr|F0LMB7|F0LMB7_THEBM,sp|O59650|DHE3_THEKO,85.273,1.0,1.0
tr|F0LLI2|F0LLI2_THEBM,sp|Q5JFN8|PURT_THEKO,83.916,1.0,1.0
tr|F0LI25|F0LI25_THEBM,tr|Q5JH12|Q5JH12_THEKO,84.0,1.0,1.0
tr|F0LIV8|F0LIV8_THEBM,sp|Q5JDG3|GCST_THEKO,90.428,1.0,0.9974874371859297
tr|F0LKA4|F0LKA4_THEBM,tr|Q5JEZ3|Q5JEZ3_THEKO,66.2,0.9982300884955753,0.9913194444444444
tr|F0LL69|F0LL69_THEBM,tr|Q5JD99|Q5JD99_THEKO,79.204,0.9912280701754386,0.9934065934065934
tr|F0LM89|F0LM89_THEBM,tr|Q5JFZ8|Q5JFZ8_THEKO,83.144,1.0,1.0
tr|F0LL28|F0LL28_THEBM,tr|Q5JHF0|Q5JHF0_THEKO,67.509,1.0,1.0
tr|F0LJ75|F0LJ75_THEBM,tr|Q5JDB4|Q5JDB4_THEKO,76.444,0.9977827050997783,1.0
tr|F0LGW4|F0LGW4_THEBM,tr|Q5JE40|Q5JE40_THEKO,76.293,0.9978260869565218,0.9978494623655914
tr|F0LM26|F0LM26_THEBM,tr|Q5JGL0|Q5JGL0_THEKO,75.372,0.9978813559322034,0.9853249475890985
tr|F0LIN5|F0LIN5_THEBM,tr|Q5JG34|Q5JG34_THEKO,80.499,1.0,1.0
tr|F0LIP6|F0LIP6_THEBM,tr|Q5JIW7|Q5JIW7_THEKO,78.481,0.9875,0.9833679833679834
tr|F0LN07|F0LN07_THEBM,sp|Q5JD05|K6PF_THEKO,76.096,0.991304347826087,0.9891540130151844
tr|F0LI42|F0LI42_THEBM,tr|Q5JH08|Q5JH08_THEKO,86.885,0.9838709677419355,0.963882618510158
tr|F0LHK9|F0LHK9_THEBM,tr|Q5JJH1|Q5JJH1_THEKO,76.141,1.0,0.9979253112033195
tr|F0LIM1|F0LIM1_THEBM,tr|Q5JI97|Q5JI97_THEKO,84.504,1.0,1.0
tr|F0LHH7|F0LHH7_THEBM,tr|Q5JIX5|Q5JIX5_THEKO,88.205,1.0,1.0
tr|F0LM52|F0LM52_THEBM,tr|Q5JHP3|Q5JHP3_THEKO,90.633,1.0,1.0
tr|F0LL84|F0LL84_THEBM,tr|Q5JD63|Q5JD63_THEKO,91.626,0.9333333333333333,1.0
tr|F0LHQ0|F0LHQ0_THEBM,sp|Q5JDJ1|TRPB2_THEKO,81.406,0.9887892376681614,0.995475113122172
tr|F0LKM2|F0LKM2_THEBM,sp|Q5JER0|MTAD_THEKO,80.425,0.9976470588235294,1.0
tr|F0LLI4|F0LLI4_THEBM,sp|Q5JFP1|PUR2_THEKO,80.556,1.0,1.0
tr|F0LK10|F0LK10_THEBM,sp|Q5JF22|METK_THEKO,86.667,1.0,1.0
tr|F0LKU2|F0LKU2_THEBM,tr|Q5JGD2|Q5JGD2_THEKO,71.602,0.9979757085020243,1.0
tr|F0LKY1|F0LKY1_THEBM,tr|Q5JI04|Q5JI04_THEKO,80.23,0.9977011494252873,0.9976798143851509
tr|F0LJA6|F0LJA6_THEBM,tr|Q5JJ59|Q5JJ59_THEKO,54.628,0.9939301972685888,0.975609756097561
tr|F0LI84|F0LI84_THEBM,tr|Q5JIJ0|Q5JIJ0_THEKO,85.678,1.0,0.9974937343358395
tr|F0LM80|F0LM80_THEBM,sp|Q5JHS5|PAN_THEKO,90.39,0.9673366834170855,0.9697732997481109
tr|F0LJB9|F0LJB9_THEBM,tr|Q5JJ78|Q5JJ78_THEKO,87.121,1.0,1.0
tr|F0LK61|F0LK61_THEBM,tr|Q5JEW2|Q5JEW2_THEKO,80.682,0.9932279909706546,1.0
tr|F0LM14|F0LM14_THEBM,tr|Q5JJ36|Q5JJ36_THEKO,59.664,0.9983221476510067,1.0
tr|F0LLR9|F0LLR9_THEBM,tr|Q5JGI1|Q5JGI1_THEKO,79.665,0.9766355140186916,0.9952380952380953
tr|F0LJ28|F0LJ28_THEBM,sp|Q5JI77|GATD_THEKO,76.712,0.9977220956719818,0.9954545454545455
tr|F0LJL2|F0LJL2_THEBM,sp|O08467|GLNA_THEKO,76.524,1.0,1.0
tr|F0LL95|F0LL95_THEBM,tr|Q76I93|Q76I93_THEKO,72.025,0.9978947368421053,1.0
tr|F0LIM8|F0LIM8_THEBM,tr|Q5JD92|Q5JD92_THEKO,83.123,1.0,1.0
tr|F0LIT1|F0LIT1_THEBM,tr|Q5JIK0|Q5JIK0_THEKO,87.98,0.9948979591836735,0.9848101265822785
tr|F0LMB8|F0LMB8_THEBM,tr|Q5JDK4|Q5JDK4_THEKO,86.269,0.9974160206718347,0.9948453608247423
tr|F0LJT8|F0LJT8_THEBM,sp|Q5JH82|TOP6A_THEKO,87.105,0.9973753280839895,0.987012987012987
tr|F0LLR7|F0LLR7_THEBM,tr|Q5JGI4|Q5JGI4_THEKO,80.714,0.9905660377358491,1.0
tr|F0LKX2|F0LKX2_THEBM,tr|Q5JF51|Q5JF51_THEKO,84.319,1.0,1.0
tr|F0LIJ0|F0LIJ0_THEBM,tr|Q5JIF7|Q5JIF7_THEKO,63.39,0.9946996466431095,0.9913644214162349
tr|F0LLQ9|F0LLQ9_THEBM,tr|Q5JGJ2|Q5JGJ2_THEKO,68.507,0.9858870967741935,0.9858585858585859
tr|F0LM47|F0LM47_THEBM,tr|Q5JHP7|Q5JHP7_THEKO,60.595,0.9566724436741768,0.9577702702702703
tr|F0LHC6|F0LHC6_THEBM,sp|Q5JGG6|LMRAC_THEKO,76.298,1.0,1.0
tr|F0LJX6|F0LJX6_THEBM,tr|A0ACM8PXE3|A0ACM8PXE3_THEKO,77.465,1.0,0.9929906542056075
tr|F0LI27|F0LI27_THEBM,sp|Q5JH14|DNAG_THEKO,79.279,1.0,0.9482758620689655
tr|F0LN40|F0LN40_THEBM,sp|Q5JF63|SYY_THEKO,90.933,1.0,1.0
tr|F0LLI5|F0LLI5_THEBM,tr|Q5JFP2|Q5JFP2_THEKO,86.614,1.0,1.0
tr|F0LMH9|F0LMH9_THEBM,tr|Q5JGQ7|Q5JGQ7_THEKO,86.082,1.0,1.0
tr|F0LI72|F0LI72_THEBM,tr|Q5JE14|Q5JE14_THEKO,79.853,0.9926829268292683,0.9878640776699029
tr|F0LKD0|F0LKD0_THEBM,tr|Q5JE85|Q5JE85_THEKO,80.506,1.0,0.9974747474747475
tr|F0LKH3|F0LKH3_THEBM,sp|Q8NKR9|FBPAP_THEKO,86.096,1.0,0.9973333333333333
tr|F0LIQ8|F0LIQ8_THEBM,tr|Q5JIK6|Q5JIK6_THEKO,83.461,0.9776119402985075,0.9776119402985075
tr|F0LKM9|F0LKM9_THEBM,sp|Q5JEP3|SYW_THEKO,86.423,0.9973958333333334,0.9973958333333334
tr|F0LIH6|F0LIH6_THEBM,tr|Q5JE21|Q5JE21_THEKO,80.653,0.961352657004831,0.9974937343358395
tr|F0LK97|F0LK97_THEBM,tr|Q5JF27|Q5JF27_THEKO,79.661,0.9927884615384616,0.9809069212410502
tr|F0LJB5|F0LJB5_THEBM,tr|Q5JJ48|Q5JJ48_THEKO,76.066,1.0,1.0
tr|F0LKR3|F0LKR3_THEBM,tr|Q5JH70|Q5JH70_THEKO,38.786,0.996832101372756,0.998
tr|F0LHE7|F0LHE7_THEBM,tr|Q5JFM8|Q5JFM8_THEKO,74.818,0.9951807228915662,0.9904076738609112
tr|F0LHP2|F0LHP2_THEBM,tr|Q5JH61|Q5JH61_THEKO,74.945,0.9847161572052402,0.9846153846153847
tr|F0LN11|F0LN11_THEBM,sp|Q5JCY1|THII_THEKO,83.465,1.0,1.0
tr|F0LMC4|F0LMC4_THEBM,tr|Q5JGQ5|Q5JGQ5_THEKO,67.442,0.9828326180257511,0.9916142557651991
tr|F0LJS1|F0LJS1_THEBM,tr|Q5JES1|Q5JES1_THEKO,56.15,0.9964285714285714,0.9928698752228164
tr|F0LJ42|F0LJ42_THEBM,tr|Q5JI90|Q5JI90_THEKO,74.171,1.0,1.0
tr|F0LHN8|F0LHN8_THEBM,sp|Q76CZ1|IDI2_THEKO,86.921,0.9839142091152815,0.9812834224598931
tr|F0LH72|F0LH72_THEBM,tr|Q5JDI4|Q5JDI4_THEKO,83.465,0.9947780678851175,0.987012987012987
tr|F0LJX9|F0LJX9_THEBM,tr|Q8NKS5|Q8NKS5_THEKO,84.741,1.0,1.0
tr|F0LLH8|F0LLH8_THEBM,tr|Q5JFN4|Q5JFN4_THEKO,71.047,1.0,1.0
tr|F0LJ10|F0LJ10_THEBM,tr|Q5JI33|Q5JI33_THEKO,75.952,0.997624703087886,0.9928741092636579
tr|F0LI66|F0LI66_THEBM,sp|Q5JE34|RPO1C_THEKO,82.952,0.9974619289340102,1.0
tr|F0LN32|F0LN32_THEBM,sp|Q5JIG7|PGK_THEKO,78.293,0.9855769230769231,0.9975669099756691
tr|F0LM23|F0LM23_THEBM,sp|Q5JGJ6|PMDHL_THEKO,81.088,1.0,1.0
tr|F0LIY1|F0LIY1_THEBM,tr|Q5JHZ0|Q5JHZ0_THEKO,76.355,0.9902439024390244,0.9926650366748166
tr|F0LJH0|F0LJH0_THEBM,sp|Q5JF17|COABC_THEKO,84.406,1.0,1.0
tr|F0LKU5|F0LKU5_THEBM,tr|Q5JGF8|Q5JGF8_THEKO,83.333,0.9948979591836735,0.9974424552429667
tr|F0LIA4|F0LIA4_THEBM,tr|Q5JHI8|Q5JHI8_THEKO,68.502,0.9978021978021978,0.9978021978021978
tr|F0LKD3|F0LKD3_THEBM,tr|Q5JE59|Q5JE59_THEKO,84.474,0.9819121447028424,0.9947643979057592
tr|F0LM55|F0LM55_THEBM,sp|Q5JHP1|RFCL_THEKO,73.206,0.8290258449304175,0.8376753507014028
tr|F0LMY5|F0LMY5_THEBM,tr|Q5JH87|Q5JH87_THEKO,92.529,1.0,1.0
tr|F0LJB3|F0LJB3_THEBM,sp|Q6I7B6|PPM_THEKO,72.26,0.9889380530973452,0.9888888888888889
tr|F0LK15|F0LK15_THEBM,tr|Q5JF46|Q5JF46_THEKO,72.749,1.0,0.9952830188679245
tr|F0LIS8|F0LIS8_THEBM,tr|Q5JIJ7|Q5JIJ7_THEKO,84.01,1.0,1.0
tr|F0LL34|F0LL34_THEBM,tr|Q5JHH5|Q5JHH5_THEKO,66.53,0.9877800407331976,0.9896694214876033
tr|F0LHF5|F0LHF5_THEBM,tr|Q5JFK1|Q5JFK1_THEKO,84.021,1.0,1.0
tr|F0LKU7|F0LKU7_THEBM,tr|Q5JGF6|Q5JGF6_THEKO,79.607,0.9712230215827338,0.9713603818615751
tr|F0LIE6|F0LIE6_THEBM,tr|Q5JHX1|Q5JHX1_THEKO,73.286,0.9882075471698113,0.9882903981264637
tr|F0LMG6|F0LMG6_THEBM,tr|Q5JDV0|Q5JDV0_THEKO,76.066,0.9882903981264637,0.9483146067415731
tr|F0LMB5|F0LMB5_THEBM,tr|Q5JDK2|Q5JDK2_THEKO,62.799,0.9962121212121212,0.9942196531791907
tr|F0LH52|F0LH52_THEBM,tr|Q5JI34|Q5JI34_THEKO,58.639,0.9878472222222222,1.0
tr|F0LJQ4|F0LJQ4_THEBM,sp|Q5JIM2|SYH_THEKO,75.289,0.9908466819221968,0.9931192660550459
tr|F0LJB1|F0LJB1_THEBM,tr|Q5JJ54|Q5JJ54_THEKO,82.133,1.0,1.0
tr|F0LLR8|F0LLR8_THEBM,tr|Q5JGI2|Q5JGI2_THEKO,83.289,1.0,1.0
tr|F0LLQ4|F0LLQ4_THEBM,tr|Q5JGG2|Q5JGG2_THEKO,78.756,0.9872122762148338,0.9796954314720813
tr|F0LHF4|F0LHF4_THEBM,sp|Q5JFL6|HMGCS_THEKO,88.0,1.0,1.0
tr|F0LHD0|F0LHD0_THEBM,tr|Q5JHU0|Q5JHU0_THEKO,76.786,1.0,1.0
tr|F0LJV8|F0LJV8_THEBM,tr|Q5JH60|Q5JH60_THEKO,66.438,1.0,0.9954441913439636
tr|F0LIK5|F0LIK5_THEBM,tr|Q5JIE2|Q5JIE2_THEKO,66.519,0.9933920704845814,0.9912087912087912
tr|F0LJA4|F0LJA4_THEBM,tr|Q5JJ61|Q5JJ61_THEKO,68.86,1.0,1.0
tr|F0LID2|F0LID2_THEBM,tr|Q5JIL3|Q5JIL3_THEKO,71.596,0.9906542056074766,0.9929577464788732
tr|F0LHL8|F0LHL8_THEBM,sp|Q5JJE8|TRUB_THEKO,92.216,1.0,0.9881656804733728
tr|F0LI51|F0LI51_THEBM,tr|Q5JGZ8|Q5JGZ8_THEKO,80.097,0.988009592326139,0.9975786924939467
tr|F0LK67|F0LK67_THEBM,tr|Q5JEW7|Q5JEW7_THEKO,80.577,0.9921875,0.9947780678851175
tr|F0LMW1|F0LMW1_THEBM,tr|Q5JGM9|Q5JGM9_THEKO,79.25,0.9975,1.0
tr|F0LMY2|F0LMY2_THEBM,tr|Q5JDB1|Q5JDB1_THEKO,80.418,1.0,1.0
tr|F0LJG5|F0LJG5_THEBM,sp|Q5JHB5|G3P_THEKO,89.521,1.0,1.0
tr|F0LI71|F0LI71_THEBM,tr|Q5JE10|Q5JE10_THEKO,78.226,0.9973190348525469,0.9973190348525469
tr|F0LK04|F0LK04_THEBM,tr|Q5JGP2|Q5JGP2_THEKO,71.762,0.9671457905544147,0.9671457905544147
tr|F0LKW8|F0LKW8_THEBM,tr|Q5JF26|Q5JF26_THEKO,77.02,1.0,1.0
tr|F0LIJ4|F0LIJ4_THEBM,tr|Q5JID0|Q5JID0_THEKO,76.761,0.9906542056074766,0.9906976744186047
tr|F0LL19|F0LL19_THEBM,tr|Q5JHF7|Q5JHF7_THEKO,70.773,0.9928057553956835,0.9928057553956835
tr|F0LJ35|F0LJ35_THEBM,sp|Q5JI69|TDH_THEKO,85.96,0.9971428571428571,0.9971428571428571
tr|F0LL68|F0LL68_THEBM,tr|Q5JD94|Q5JD94_THEKO,69.161,1.0,1.0
tr|F0LIB1|F0LIB1_THEBM,tr|Q5JHJ0|Q5JHJ0_THEKO,69.596,0.9952718676122931,0.9655172413793104
tr|F0LIT5|F0LIT5_THEBM,sp|Q5JGB4|HFLX_THEKO,72.209,0.9836448598130841,0.9524886877828054
tr|F0LJ17|F0LJ17_THEBM,tr|Q5JI60|Q5JI60_THEKO,83.954,1.0,1.0
tr|F0LK58|F0LK58_THEBM,tr|Q5JHG4|Q5JHG4_THEKO,72.275,1.0,1.0
tr|F0LIA8|F0LIA8_THEBM,tr|Q5JI40|Q5JI40_THEKO,70.588,0.9976470588235294,0.9976525821596244
tr|F0LJL6|F0LJL6_THEBM,tr|Q5JJ96|Q5JJ96_THEKO,87.725,0.9970149253731343,0.9970149253731343
tr|F0LKF4|F0LKF4_THEBM,tr|Q5JFY9|Q5JFY9_THEKO,83.954,0.9971428571428571,0.9640883977900553
tr|F0LN38|F0LN38_THEBM,tr|Q5JF61|Q5JF61_THEKO,61.443,0.9978586723768736,0.9917355371900827
tr|F0LH64|F0LH64_THEBM,sp|Q5JI16|OTC_THEKO,92.698,1.0,1.0
tr|F0LKT7|F0LKT7_THEBM,tr|Q5JGD7|Q5JGD7_THEKO,86.416,1.0,1.0
tr|F0LGX9|F0LGX9_THEBM,tr|Q5JEE3|Q5JEE3_THEKO,57.706,0.9753954305799648,0.9637305699481865
tr|F0LMA7|F0LMA7_THEBM,tr|Q5JJ63|Q5JJ63_THEKO,78.992,0.9916666666666667,0.9889196675900277
tr|F0LJL7|F0LJL7_THEBM,tr|Q5JJ95|Q5JJ95_THEKO,91.536,1.0,1.0
tr|F0LJA7|F0LJA7_THEBM,tr|Q5JJ58|Q5JJ58_THEKO,72.973,0.9888641425389755,0.9888392857142857
tr|F0LMT1|F0LMT1_THEBM,sp|Q5JIE6|PURA_THEKO,86.726,1.0,1.0
tr|F0LHC8|F0LHC8_THEBM,tr|Q5JHU2|Q5JHU2_THEKO,74.495,0.9974811083123426,0.9924812030075187
tr|F0LKQ2|F0LKQ2_THEBM,sp|Q5JE27|GGR_THEKO,73.048,1.0,1.0
tr|F0LI43|F0LI43_THEBM,tr|Q5JGZ1|Q5JGZ1_THEKO,67.841,0.9932126696832579,0.9955947136563876
tr|F0LL06|F0LL06_THEBM,sp|Q5JJ82|MFNA_THEKO,79.528,0.9870466321243523,0.9921875
tr|F0LMD5|F0LMD5_THEBM,tr|Q5JGP5|Q5JGP5_THEKO,84.225,1.0,1.0
tr|F0LM13|F0LM13_THEBM,sp|Q5JJ38|CCA_THEKO,64.238,0.9977876106194691,0.993421052631579
tr|F0LK63|F0LK63_THEBM,sp|Q5JEW3|KAE1_THEKO,90.123,1.0,0.9969230769230769
tr|F0LK37|F0LK37_THEBM,sp|Q5JHX4|Y2061_THEKO,79.703,0.9926289926289926,0.9950738916256158
tr|F0LHF1|F0LHF1_THEBM,tr|Q5JFN0|Q5JFN0_THEKO,79.357,0.9031476997578692,0.888095238095238
tr|F0LLG6|F0LLG6_THEBM,sp|Q9HHD0|CETZ_THEKO,87.744,0.9862637362637363,0.9447368421052632
tr|F0LMH3|F0LMH3_THEBM,tr|Q5JFG7|Q5JFG7_THEKO,78.453,0.9551451187335093,0.9378238341968912
tr|F0LJ83|F0LJ83_THEBM,tr|Q5JHY3|Q5JHY3_THEKO,76.154,1.0,1.0
tr|F0LI13|F0LI13_THEBM,sp|Q5JH31|FTSZ1_THEKO,86.631,1.0,1.0
tr|F0LM83|F0LM83_THEBM,tr|Q5JHS2|Q5JHS2_THEKO,67.045,1.0,1.0
tr|F0LJ61|F0LJ61_THEBM,tr|Q5JFJ2|Q5JFJ2_THEKO,69.803,0.9647577092511013,0.9956236323851203
tr|F0LH99|F0LH99_THEBM,tr|Q5JIS5|Q5JIS5_THEKO,80.407,0.9812834224598931,0.9899244332493703
tr|F0LN36|F0LN36_THEBM,tr|Q5JF59|Q5JF59_THEKO,80.453,1.0,1.0
tr|F0LME7|F0LME7_THEBM,tr|Q5JII1|Q5JII1_THEKO,76.486,0.9972972972972973,0.9946236559139785
tr|F0LME4|F0LME4_THEBM,tr|Q5JGQ8|Q5JGQ8_THEKO,57.35,0.9979296066252588,1.0
tr|F0LHA7|F0LHA7_THEBM,sp|Q5JDJ0|RL3_THEKO,83.526,1.0,1.0
tr|F0LHU2|F0LHU2_THEBM,sp|Q5JIZ3|BPSA_THEKO,80.912,0.9483695652173914,1.0
tr|F0LIL4|F0LIL4_THEBM,sp|Q5JIB9|PELO_THEKO,78.151,1.0,1.0
tr|F0LMX2|F0LMX2_THEBM,tr|Q5JE68|Q5JE68_THEKO,67.619,0.9976190476190476,0.997624703087886
tr|F0LMR3|F0LMR3_THEBM,tr|Q5JIA2|Q5JIA2_THEKO,60.455,1.0,0.9958592132505176
tr|F0LHS5|F0LHS5_THEBM,tr|Q5JH28|Q5JH28_THEKO,66.915,1.0,1.0
tr|F0LMC9|F0LMC9_THEBM,tr|Q5JD73|Q5JD73_THEKO,76.64,0.9896103896103896,0.9921875
tr|F0LKV1|F0LKV1_THEBM,tr|Q5JGF4|Q5JGF4_THEKO,81.176,0.9826589595375722,0.9497206703910615
tr|F0LHJ4|F0LHJ4_THEBM,tr|Q5JF84|Q5JF84_THEKO,80.267,0.9920634920634921,0.9894459102902374
tr|F0LJ87|F0LJ87_THEBM,tr|Q5JIW5|Q5JIW5_THEKO,74.536,0.9544303797468354,0.9472361809045227
tr|F0LMD4|F0LMD4_THEBM,tr|Q5JGP6|Q5JGP6_THEKO,73.196,1.0,0.9948717948717949
tr|F0LHE9|F0LHE9_THEBM,sp|Q5JFM9|R15PI_THEKO,87.267,1.0,1.0
tr|F0LKE4|F0LKE4_THEBM,tr|Q5JF43|Q5JF43_THEKO,84.986,1.0,0.9915730337078652
tr|F0LKZ1|F0LKZ1_THEBM,tr|Q5JDV8|Q5JDV8_THEKO,85.759,1.0,1.0
tr|F0LHS1|F0LHS1_THEBM,tr|Q5JDI7|Q5JDI7_THEKO,73.947,1.0,1.0
tr|F0LKW2|F0LKW2_THEBM,tr|Q5JD02|Q5JD02_THEKO,71.916,0.9921875,0.9973753280839895
tr|F0LIT0|F0LIT0_THEBM,tr|Q5JIJ9|Q5JIJ9_THEKO,87.781,1.0,1.0
tr|F0LJY1|F0LJY1_THEBM,tr|Q5JHW2|Q5JHW2_THEKO,78.632,1.0,1.0
tr|F0LKN2|F0LKN2_THEBM,tr|Q5JEM0|Q5JEM0_THEKO,75.616,1.0,1.0
tr|F0LJE9|F0LJE9_THEBM,sp|Q5JFR5|HISX_THEKO,77.212,0.9893899204244032,0.9920212765957447
tr|F0LJG3|F0LJG3_THEBM,sp|Q5JDW8|CPGS_THEKO,64.665,1.0,0.9976851851851852
tr|F0LH63|F0LH63_THEBM,tr|Q5JI15|Q5JI15_THEKO,87.379,0.9967741935483871,1.0
tr|F0LMU7|F0LMU7_THEBM,sp|Q5JGN0|FEN_THEKO,87.059,0.9941520467836257,1.0
tr|F0LLZ8|F0LLZ8_THEBM,tr|Q5JJ47|Q5JJ47_THEKO,73.514,0.9973045822102425,0.9919571045576407
tr|F0LHT2|F0LHT2_THEBM,tr|Q5JII7|Q5JII7_THEKO,83.284,0.9970238095238095,0.9911242603550295
tr|F0LMP1|F0LMP1_THEBM,sp|Q5JH91|G1PDH_THEKO,80.115,1.0,0.9886039886039886
tr|F0LJN7|F0LJN7_THEBM,tr|Q5JDS5|Q5JDS5_THEKO,60.396,0.9921104536489151,0.9901185770750988
tr|F0LLN7|F0LLN7_THEBM,tr|Q5JI36|Q5JI36_THEKO,70.208,0.9904306220095693,0.9863325740318907
tr|F0LJA9|F0LJA9_THEBM,tr|Q5JJ56|Q5JJ56_THEKO,72.155,0.9856801909307876,0.9951690821256038
tr|F0LN34|F0LN34_THEBM,tr|Q5JF57|Q5JF57_THEKO,44.493,1.0,0.9985074626865672
tr|F0LLH6|F0LLH6_THEBM,sp|Q5JFM1|GUAAB_THEKO,90.228,1.0,1.0
tr|F0LM29|F0LM29_THEBM,tr|Q5JGM1|Q5JGM1_THEKO,77.586,1.0,0.9802816901408451
tr|F0LK35|F0LK35_THEBM,tr|Q5JHX3|Q5JHX3_THEKO,50.712,0.9963702359346642,0.9981785063752276
tr|F0LHN0|F0LHN0_THEBM,tr|Q5JJD1|Q5JJD1_THEKO,77.126,1.0,1.0
tr|F0LMM5|F0LMM5_THEBM,tr|Q5JG17|Q5JG17_THEKO,64.387,0.9420935412026726,0.9463087248322147
tr|F0LJA5|F0LJA5_THEBM,tr|Q5JJ60|Q5JJ60_THEKO,78.592,1.0,1.0
tr|F0LHD3|F0LHD3_THEBM,sp|Q9HHC9|FTSZ2_THEKO,77.222,0.8731707317073171,0.8692493946731235
tr|F0LME5|F0LME5_THEBM,tr|Q5JGS3|Q5JGS3_THEKO,70.37,1.0,0.9921259842519685
tr|F0LLS0|F0LLS0_THEBM,tr|Q5JGI0|Q5JGI0_THEKO,74.425,0.9693593314763231,0.9455040871934605
tr|F0LMQ5|F0LMQ5_THEBM,tr|Q5JG03|Q5JG03_THEKO,84.326,1.0,1.0
tr|F0LK57|F0LK57_THEBM,sp|Q5JHG5|CPKA_THEKO,85.942,0.990506329113924,0.9936507936507937
tr|F0LL07|F0LL07_THEBM,tr|Q5JJ83|Q5JJ83_THEKO,70.0,0.9898477157360406,0.9848484848484849
tr|F0LKE5|F0LKE5_THEBM,tr|Q5JJB1|Q5JJB1_THEKO,72.267,0.9894179894179894,0.9920634920634921
tr|F0LLG4|F0LLG4_THEBM,tr|Q5JIY0|Q5JIY0_THEKO,82.334,0.9723926380368099,0.948948948948949
tr|F0LLD1|F0LLD1_THEBM,tr|Q5JEC3|Q5JEC3_THEKO,74.317,1.0,1.0
tr|F0LJX8|F0LJX8_THEBM,tr|Q8NKS4|Q8NKS4_THEKO,92.527,0.9656357388316151,0.95578231292517
tr|F0LJS2|F0LJS2_THEBM,tr|Q5JES4|Q5JES4_THEKO,73.938,0.9971751412429378,0.9943181818181818
tr|F0LHI6|F0LHI6_THEBM,tr|Q5JGT2|Q5JGT2_THEKO,68.229,1.0,1.0
tr|F0LKP8|F0LKP8_THEBM,tr|Q5JEK3|Q5JEK3_THEKO,82.965,1.0,1.0
tr|F0LMU6|F0LMU6_THEBM,sp|Q5JGN1|TF2B1_THEKO,88.963,1.0,0.9966666666666667
tr|F0LKD1|F0LKD1_THEBM,tr|Q5JE71|Q5JE71_THEKO,90.526,0.9930313588850174,0.9895833333333334
tr|F0LLI0|F0LLI0_THEBM,sp|Q5JFN7|PUR5_THEKO,78.012,0.9940119760479041,0.9940119760479041
tr|F0LHN6|F0LHN6_THEBM,sp|Q5JJC6|MVK_THEKO,82.282,0.996996996996997,0.9881305637982196
tr|F0LL16|F0LL16_THEBM,tr|Q5JIM5|Q5JIM5_THEKO,72.368,1.0,1.0
tr|F0LJL8|F0LJL8_THEBM,tr|Q5JJ94|Q5JJ94_THEKO,58.969,1.0,1.0
tr|F0LKW3|F0LKW3_THEBM,sp|Q5JD38|TRM10_THEKO,70.35,0.958656330749354,1.0
tr|F0LL51|F0LL51_THEBM,tr|Q5JDN8|Q5JDN8_THEKO,50.446,0.899513776337115,0.8978583196046128
tr|F0LIR0|F0LIR0_THEBM,tr|Q5JIK4|Q5JIK4_THEKO,81.402,0.993920972644377,0.9939393939393939
tr|F0LJD7|F0LJD7_THEBM,sp|Q5JFT4|AROC_THEKO,70.704,0.9861111111111112,0.9971830985915493
tr|F0LJC6|F0LJC6_THEBM,sp|Q5JJ72|PRIS_THEKO,73.623,0.9884057971014493,0.9971098265895953
tr|F0LKD8|F0LKD8_THEBM,tr|Q5JD70|Q5JD70_THEKO,77.879,1.0,0.9969788519637462
tr|F0LIU5|F0LIU5_THEBM,tr|Q5JHJ1|Q5JHJ1_THEKO,71.858,0.9945504087193461,0.9838709677419355
tr|F0LMX4|F0LMX4_THEBM,sp|Q5JEZ2|GYAR_THEKO,79.819,0.9880952380952381,0.996996996996997
tr|F0LJR2|F0LJR2_THEBM,tr|Q5JET7|Q5JET7_THEKO,74.561,0.9497206703910615,0.9970674486803519
tr|F0LJI9|F0LJI9_THEBM,sp|Q5JGA9|CAS1_THEKO,79.448,1.0,1.0
tr|F0LMX7|F0LMX7_THEBM,sp|Q5JDA9|DIPPS_THEKO,60.28,0.9906542056074766,0.9814814814814815
tr|F0LM93|F0LM93_THEBM,tr|Q5JDV1|Q5JDV1_THEKO,75.46,0.9939024390243902,1.0
tr|F0LL17|F0LL17_THEBM,tr|Q5JIM4|Q5JIM4_THEKO,71.39,0.9973333333333333,1.0
tr|F0LIS7|F0LIS7_THEBM,tr|Q5JIJ6|Q5JIJ6_THEKO,81.346,1.0,0.9879154078549849
tr|F0LMG3|F0LMG3_THEBM,tr|Q5JDV2|Q5JDV2_THEKO,62.162,0.96875,0.9830097087378641
tr|F0LJT7|F0LJT7_THEBM,tr|Q5JH83|Q5JH83_THEKO,62.679,1.0,1.0
tr|F0LJZ8|F0LJZ8_THEBM,sp|Q5JI02|Y853_THEKO,77.064,0.9819819819819819,0.9761194029850746
tr|F0LM74|F0LM74_THEBM,sp|Q5JHT1|ASPGP_THEKO,83.333,1.0,1.0
tr|F0LJM1|F0LJM1_THEBM,sp|Q5JJ91|PYRC_THEKO,59.459,1.0,0.9926650366748166
tr|F0LI09|F0LI09_THEBM,sp|Q5JHM9|PYRB_THEKO,85.185,0.9580645161290322,0.9580645161290322
tr|F0LJ84|F0LJ84_THEBM,tr|Q5JII8|Q5JII8_THEKO,65.285,0.9722921914357683,1.0
tr|F0LME2|F0LME2_THEBM,tr|Q5JG61|Q5JG61_THEKO,78.662,0.9936708860759493,0.9968253968253968
tr|F0LLK1|F0LLK1_THEBM,tr|Q5JJ02|Q5JJ02_THEKO,76.133,1.0,1.0
tr|F0LKX5|F0LKX5_THEBM,tr|Q5JF48|Q5JF48_THEKO,75.375,1.0,1.0
tr|F0LKD4|F0LKD4_THEBM,tr|Q5JE60|Q5JE60_THEKO,86.833,1.0,1.0
tr|F0LLH7|F0LLH7_THEBM,sp|Q5JFL8|PURP_THEKO,74.545,0.990990990990991,0.9969788519637462
tr|F0LIS1|F0LIS1_THEBM,tr|Q5JDD3|Q5JDD3_THEKO,80.247,1.0,1.0
tr|F0LL49|F0LL49_THEBM,tr|Q5JDP0|Q5JDP0_THEKO,73.03,0.9375,0.9189944134078212
tr|F0LKR7|F0LKR7_THEBM,tr|Q5JH73|Q5JH73_THEKO,69.231,0.9920212765957447,0.97911227154047
tr|F0LN43|F0LN43_THEBM,tr|Q5JFZ6|Q5JFZ6_THEKO,67.885,0.9768637532133676,0.9433497536945813
tr|F0LI74|F0LI74_THEBM,sp|Q5JJC1|UDP_THEKO,91.209,0.9891304347826086,0.9855595667870036
tr|F0LMG7|F0LMG7_THEBM,tr|Q5JDU9|Q5JDU9_THEKO,70.506,0.9753424657534246,0.9861495844875346
tr|F0LKN6|F0LKN6_THEBM,tr|Q5JEM6|Q5JEM6_THEKO,75.575,1.0,0.9663865546218487
tr|F0LM44|F0LM44_THEBM,tr|Q5JHL5|Q5JHL5_THEKO,58.537,1.0,1.0
tr|F0LL74|F0LL74_THEBM,sp|Q5JDB6|TRUD_THEKO,64.775,1.0,1.0
tr|F0LI18|F0LI18_THEBM,sp|Q5JH36|RL10_THEKO,83.824,1.0,1.0
tr|F0LJL1|F0LJL1_THEBM,tr|Q5JJ05|Q5JJ05_THEKO,79.299,0.9874213836477987,0.9936708860759493
tr|F0LKY4|F0LKY4_THEBM,tr|Q5JEL4|Q5JEL4_THEKO,65.768,1.0,1.0
tr|F0LL66|F0LL66_THEBM,tr|Q5JE02|Q5JE02_THEKO,61.809,0.9827160493827161,0.9476190476190476
tr|F0LIX9|F0LIX9_THEBM,tr|Q5JHZ5|Q5JHZ5_THEKO,84.155,0.9759450171821306,0.9659863945578231
tr|F0LL13|F0LL13_THEBM,tr|Q5JIM8|Q5JIM8_THEKO,79.208,0.9804560260586319,0.9967105263157895
tr|F0LKC8|F0LKC8_THEBM,sp|Q5JE80|RASEA_THEKO,75.309,1.0,1.0
tr|F0LKM1|F0LKM1_THEBM,sp|Q5JEQ6|MTAP_THEKO,94.553,1.0,1.0
tr|F0LIK8|F0LIK8_THEBM,tr|Q5JIB2|Q5JIB2_THEKO,64.835,1.0,1.0
tr|F0LMR7|F0LMR7_THEBM,tr|Q5JIA4|Q5JIA4_THEKO,73.021,1.0,1.0
tr|F0LM46|F0LM46_THEBM,tr|Q5JHP8|Q5JHP8_THEKO,57.543,0.9954853273137697,0.9956521739130435
tr|F0LHP0|F0LHP0_THEBM,tr|Q76CZ2|Q76CZ2_THEKO,73.469,1.0,1.0
tr|F0LM21|F0LM21_THEBM,tr|Q5JGJ8|Q5JGJ8_THEKO,56.979,1.0,1.0
tr|F0LIU4|F0LIU4_THEBM,tr|Q5JGC4|Q5JGC4_THEKO,81.848,0.9869706840390879,0.9967105263157895
tr|F0LIL1|F0LIL1_THEBM,tr|Q5JIB6|Q5JIB6_THEKO,69.164,0.9452054794520548,0.9971264367816092
tr|F0LH90|F0LH90_THEBM,sp|Q5JIQ0|RTCA_THEKO,72.464,0.9857142857142858,0.9825072886297376
tr|F0LH89|F0LH89_THEBM,tr|Q5JIQ4|Q5JIQ4_THEKO,84.643,0.99644128113879,0.99644128113879
tr|F0LM57|F0LM57_THEBM,tr|Q5JHN7|Q5JHN7_THEKO,72.973,0.9910714285714286,0.9881305637982196
tr|F0LJ26|F0LJ26_THEBM,tr|Q5JI50|Q5JI50_THEKO,62.211,1.0,0.9821882951653944
tr|F0LJC5|F0LJC5_THEBM,sp|Q5JJ73|PRIL_THEKO,60.902,0.9899497487437185,0.9925
tr|F0LMU3|F0LMU3_THEBM,tr|Q5JGN4|Q5JGN4_THEKO,50.0,0.9199288256227758,0.9560439560439561
tr|F0LMT3|F0LMT3_THEBM,tr|Q5JIE4|Q5JIE4_THEKO,77.228,0.9837662337662337,0.9837662337662337
tr|F0LMJ2|F0LMJ2_THEBM,tr|Q5JHM0|Q5JHM0_THEKO,65.263,0.987012987012987,0.989501312335958
tr|F0LN29|F0LN29_THEBM,tr|Q5JIG9|Q5JIG9_THEKO,78.594,0.9484848484848485,0.9512195121951219
tr|F0LIK9|F0LIK9_THEBM,sp|Q5JIB3|TRM1_THEKO,63.757,0.9973614775725593,1.0
tr|F0LMK0|F0LMK0_THEBM,tr|Q5JDP5|Q5JDP5_THEKO,58.239,0.9526881720430107,0.9711111111111111
tr|F0LJA8|F0LJA8_THEBM,tr|Q5JJ57|Q5JJ57_THEKO,80.399,1.0,1.0
tr|F0LMW4|F0LMW4_THEBM,tr|Q5JEC8|Q5JEC8_THEKO,47.571,0.9702380952380952,0.976
tr|F0LGZ6|F0LGZ6_THEBM,tr|Q5JEG4|Q5JEG4_THEKO,44.256,0.9924812030075187,0.9943609022556391
tr|F0LH58|F0LH58_THEBM,tr|Q5JI29|Q5JI29_THEKO,65.057,0.9943502824858758,0.9696969696969697
tr|F0LK46|F0LK46_THEBM,tr|Q5JDR5|Q5JDR5_THEKO,75.161,0.9967845659163987,1.0
tr|F0LM78|F0LM78_THEBM,tr|Q5JHS7|Q5JHS7_THEKO,76.774,0.9626168224299065,0.9967845659163987
tr|F0LKC0|F0LKC0_THEBM,sp|Q5JCY6|PANB_THEKO,86.833,0.9656357388316151,0.9894366197183099
tr|F0LLU5|F0LLU5_THEBM,tr|Q5JHP0|Q5JHP0_THEKO,56.036,0.9909706546275395,0.997716894977169
tr|F0LHN2|F0LHN2_THEBM,sp|Q5JJC3|Y1477_THEKO,78.351,0.9965753424657534,1.0
tr|F0LKP9|F0LKP9_THEBM,tr|Q5JEK4|Q5JEK4_THEKO,56.404,0.9854368932038835,0.9248291571753986
tr|F0LJ55|F0LJ55_THEBM,tr|Q5JGC7|Q5JGC7_THEKO,62.005,0.9662162162162162,0.9788235294117648
tr|F0LHR6|F0LHR6_THEBM,tr|Q5JF82|Q5JF82_THEKO,76.524,1.0,0.9969418960244648
tr|F0LJ71|F0LJ71_THEBM,tr|Q5JFK9|Q5JFK9_THEKO,61.478,1.0,0.9818652849740933
tr|F0LIQ5|F0LIQ5_THEBM,sp|Q5JHR7|PYRDB_THEKO,80.135,0.9933110367892977,0.9834437086092715
tr|F0LJ60|F0LJ60_THEBM,tr|Q5JFJ1|Q5JFJ1_THEKO,73.333,0.9939759036144579,0.9880239520958084
tr|F0LKU4|F0LKU4_THEBM,sp|Q5JGD1|MAP2_THEKO,76.351,1.0,1.0
tr|F0LGU3|F0LGU3_THEBM,sp|Q5JE39|GLKA_THEKO,57.424,0.9742489270386266,0.9955849889624724
tr|F0LIF2|F0LIF2_THEBM,tr|Q5JGV2|Q5JGV2_THEKO,54.801,0.9953379953379954,1.0
tr|F0LJ69|F0LJ69_THEBM,tr|Q5JFL1|Q5JFL1_THEKO,81.004,0.9893617021276596,0.9928825622775801
tr|F0LI75|F0LI75_THEBM,sp|Q5JJB8|PNPH_THEKO,85.393,1.0,1.0
tr|F0LJM6|F0LJM6_THEBM,tr|Q5JIQ8|Q5JIQ8_THEKO,59.069,0.9975490196078431,0.9975369458128078
tr|F0LIJ2|F0LIJ2_THEBM,sp|Q8J308|ALF1_THEKO,83.986,1.0,1.0
tr|F0LII8|F0LII8_THEBM,tr|Q5JIF4|Q5JIF4_THEKO,71.212,1.0,0.9969788519637462
tr|F0LJ74|F0LJ74_THEBM,tr|Q5JFS5|Q5JFS5_THEKO,58.145,0.9851851851851852,0.9900744416873449
tr|F0LM34|F0LM34_THEBM,tr|Q5JFF4|Q5JFF4_THEKO,86.38,1.0,0.9964285714285714
tr|F0LIA2|F0LIA2_THEBM,tr|Q5JHI7|Q5JHI7_THEKO,55.53,1.0,0.993006993006993
tr|F0LJ07|F0LJ07_THEBM,sp|Q5JE49|IF2A_THEKO,88.889,0.9490909090909091,0.9490909090909091
tr|F0LMK3|F0LMK3_THEBM,tr|Q5JG63|Q5JG63_THEKO,78.644,0.9966101694915255,0.9966216216216216
tr|F0LK56|F0LK56_THEBM,tr|Q5JHG6|Q5JHG6_THEKO,85.57,0.952076677316294,0.9900332225913622
tr|F0LLS5|F0LLS5_THEBM,sp|Q5JGK8|DAPAL_THEKO,75.694,0.9761904761904762,0.9863013698630136
tr|F0LIT7|F0LIT7_THEBM,tr|Q5JGB8|Q5JGB8_THEKO,79.882,1.0,0.9854227405247813
tr|F0LK96|F0LK96_THEBM,sp|Q5JF28|Y539_THEKO,74.528,0.9968652037617555,1.0
tr|F0LIS6|F0LIS6_THEBM,tr|Q5JDD8|Q5JDD8_THEKO,80.887,1.0,0.9898305084745763
tr|F0LIY3|F0LIY3_THEBM,tr|Q5JHY2|Q5JHY2_THEKO,64.045,0.9753424657534246,0.9833795013850416
tr|F0LM91|F0LM91_THEBM,tr|Q5JFG1|Q5JFG1_THEKO,59.069,0.9951219512195122,0.9855072463768116
tr|F0LMD1|F0LMD1_THEBM,tr|Q5JGS4|Q5JGS4_THEKO,85.106,0.8913738019169329,0.889589905362776
tr|F0LLE1|F0LLE1_THEBM,tr|Q5JDN1|Q5JDN1_THEKO,64.589,0.9943661971830986,0.9887640449438202
tr|F0LM41|F0LM41_THEBM,tr|Q5JHB8|Q5JHB8_THEKO,66.962,0.9713467048710601,0.9685714285714285
tr|F0LJP1|F0LJP1_THEBM,sp|Q5JDS9|Y1590_THEKO,91.903,1.0,0.9959677419354839
tr|F0LHH0|F0LHH0_THEBM,tr|Q5JE17|Q5JE17_THEKO,64.602,1.0,0.8851174934725848
tr|F0LMI7|F0LMI7_THEBM,tr|Q5JFM6|Q5JFM6_THEKO,79.928,0.9964285714285714,1.0
tr|F0LMG1|F0LMG1_THEBM,sp|Q5JE70|RNZ_THEKO,71.197,0.996742671009772,0.9840764331210191
tr|F0LKZ4|F0LKZ4_THEBM,tr|Q5JDV9|Q5JDV9_THEKO,61.619,0.9973333333333333,0.9922279792746114
tr|F0LKT3|F0LKT3_THEBM,sp|Q5JGE1|UPPS_THEKO,84.906,0.9962406015037594,1.0
tr|F0LHA8|F0LHA8_THEBM,sp|Q5JDI0|RL4_THEKO,88.627,1.0,1.0
tr|F0LHQ6|F0LHQ6_THEBM,sp|Q5JIR6|RRP41_THEKO,92.623,0.991869918699187,0.9799196787148594
tr|F0LJF4|F0LJF4_THEBM,tr|Q5JI80|Q5JI80_THEKO,68.111,1.0,0.9969135802469136
tr|F0LM79|F0LM79_THEBM,tr|Q5JHS6|Q5JHS6_THEKO,65.873,0.9918918918918919,1.0
tr|F0LJU3|F0LJU3_THEBM,tr|Q5JF74|Q5JF74_THEKO,80.069,0.97,0.8508771929824561
tr|F0LHH5|F0LHH5_THEBM,sp|Q5JIX0|Y1681_THEKO,72.333,1.0,1.0
tr|F0LK51|F0LK51_THEBM,tr|Q5JEV3|Q5JEV3_THEKO,81.752,0.9963636363636363,0.982078853046595
tr|F0LKB5|F0LKB5_THEBM,tr|Q5JCX0|Q5JCX0_THEKO,73.841,0.993421052631579,0.9773462783171522
tr|F0LJD0|F0LJD0_THEBM,tr|Q5JFW9|Q5JFW9_THEKO,72.093,0.9707792207792207,0.9836601307189542
tr|F0LIT4|F0LIT4_THEBM,tr|Q5JIK3|Q5JIK3_THEKO,75.312,1.0,1.0
tr|F0LI12|F0LI12_THEBM,sp|Q5JH30|DTDA_THEKO,77.206,1.0,1.0
tr|F0LMM3|F0LMM3_THEBM,tr|Q5JCX6|Q5JCX6_THEKO,91.892,0.9961538461538462,1.0
tr|F0LJ67|F0LJ67_THEBM,tr|Q5JFI9|Q5JFI9_THEKO,65.546,0.9889196675900277,0.9941860465116279
tr|F0LK65|F0LK65_THEBM,sp|Q5JEW5|NADK_THEKO,78.417,1.0,1.0
tr|F0LL88|F0LL88_THEBM,sp|Q5JD67|TMBL2_THEKO,83.712,1.0,1.0
tr|F0LJX7|F0LJX7_THEBM,tr|Q8NKS3|Q8NKS3_THEKO,80.843,0.9923954372623575,0.9886363636363636
tr|F0LIQ6|F0LIQ6_THEBM,sp|Q5JHU5|QUEC_THEKO,88.703,0.987603305785124,1.0
tr|F0LHG1|F0LHG1_THEBM,tr|Q5JFI2|Q5JFI2_THEKO,64.653,0.9910179640718563,0.9880239520958084
tr|F0LJY3|F0LJY3_THEBM,tr|Q5JI23|Q5JI23_THEKO,70.0,0.9784615384615385,0.9906832298136646
tr|F0LMN5|F0LMN5_THEBM,sp|Q5JG28|PXPA_THEKO,85.039,0.9844961240310077,0.996078431372549
tr|F0LHG9|F0LHG9_THEBM,sp|Q5JFE7|DPHB_THEKO,81.609,0.981203007518797,0.9886363636363636
tr|F0LHQ7|F0LHQ7_THEBM,sp|Q5JIR7|RRP42_THEKO,80.97,0.9925925925925926,0.9852941176470589
tr|F0LJJ6|F0LJJ6_THEBM,tr|Q5JE90|Q5JE90_THEKO,81.343,1.0,1.0
tr|F0LHJ6|F0LHJ6_THEBM,tr|Q5JDL7|Q5JDL7_THEKO,52.906,0.9821782178217822,0.9757575757575757
tr|F0LKP1|F0LKP1_THEBM,tr|Q5JEN1|Q5JEN1_THEKO,63.401,0.9773371104815864,0.9886039886039886
tr|F0LHJ0|F0LHJ0_THEBM,sp|Q5JFG9|SPEE_THEKO,76.344,0.9820143884892086,0.96875
tr|F0LJ44|F0LJ44_THEBM,tr|Q5JH37|Q5JH37_THEKO,64.688,1.0,1.0
tr|F0LM59|F0LM59_THEBM,sp|Q5JHN5|MOAA_THEKO,67.32,0.993485342019544,0.996742671009772
tr|F0LKB6|F0LKB6_THEBM,tr|Q5JCW9|Q5JCW9_THEKO,36.439,0.9767123287671233,0.9759887005649718
tr|F0LL04|F0LL04_THEBM,tr|Q5JJ01|Q5JJ01_THEKO,62.463,0.9827089337175793,0.8216867469879519
tr|F0LH79|F0LH79_THEBM,tr|Q5JDI2|Q5JDI2_THEKO,72.222,1.0,1.0
tr|F0LKR8|F0LKR8_THEBM,tr|Q5JH74|Q5JH74_THEKO,48.225,0.8421985815602837,0.9469026548672567
tr|F0LJN1|F0LJN1_THEBM,sp|Q5JDR9|AATC_THEKO,59.673,0.9918918918918919,0.9945205479452055
tr|F0LMN9|F0LMN9_THEBM,tr|Q5JG32|Q5JG32_THEKO,63.03,0.9939577039274925,0.9969788519637462
tr|F0LHR9|F0LHR9_THEBM,tr|Q5JF78|Q5JF78_THEKO,90.041,1.0,1.0
tr|F0LM66|F0LM66_THEBM,sp|O52958|KPRS_THEKO,75.445,0.9894366197183099,0.9892857142857143
tr|F0LM73|F0LM73_THEBM,tr|Q5JHT2|Q5JHT2_THEKO,72.787,1.0,1.0
tr|F0LI41|F0LI41_THEBM,tr|Q5JH23|Q5JH23_THEKO,70.526,0.9930313588850174,0.976027397260274
tr|F0LH71|F0LH71_THEBM,tr|Q5JDI5|Q5JDI5_THEKO,56.701,1.0,0.9974160206718347
tr|F0LGW9|F0LGW9_THEBM,tr|Q5JHB4|Q5JHB4_THEKO,51.276,0.9584352078239609,0.9775561097256857
tr|F0LHQ5|F0LHQ5_THEBM,sp|Q5JIR5|RRP4_THEKO,84.047,1.0,1.0
tr|F0LII5|F0LII5_THEBM,tr|Q5JID5|Q5JID5_THEKO,63.174,0.996996996996997,0.9969788519637462
tr|F0LHQ4|F0LHQ4_THEBM,sp|Q5JIV0|SDO1_THEKO,89.831,1.0,1.0
tr|F0LHK6|F0LHK6_THEBM,sp|Q5JJG8|RS5_THEKO,90.129,0.9914893617021276,0.9914893617021276
tr|F0LLB7|F0LLB7_THEBM,tr|Q5JEI4|Q5JEI4_THEKO,75.812,0.9857651245551602,0.9964028776978417
tr|F0LJB4|F0LJB4_THEBM,tr|Q5JJ51|Q5JJ51_THEKO,73.432,1.0,1.0
tr|F0LI95|F0LI95_THEBM,sp|Q5JHL2|Y2179_THEKO,80.46,1.0,1.0
tr|F0LN06|F0LN06_THEBM,sp|Q5JHA3|XERA_THEKO,75.092,0.9891304347826086,0.9680851063829787
tr|F0LHS0|F0LHS0_THEBM,tr|Q5JI09|Q5JI09_THEKO,80.935,1.0,1.0
tr|F0LHD4|F0LHD4_THEBM,tr|Q5JHT6|Q5JHT6_THEKO,81.641,0.9922480620155039,1.0
tr|F0LIL5|F0LIL5_THEBM,tr|Q5JIC2|Q5JIC2_THEKO,62.195,1.0,0.9909365558912386
tr|F0LI35|F0LI35_THEBM,tr|Q5JH17|Q5JH17_THEKO,52.358,0.9766899766899767,0.9724770642201835
tr|F0LLM1|F0LLM1_THEBM,sp|P58109|TF2B2_THEKO,71.38,0.9705882352941176,0.9705882352941176
tr|F0LJD9|F0LJD9_THEBM,sp|O93744|AAT_THEKO,58.721,0.9971014492753624,0.9423076923076923
tr|F0LHB0|F0LHB0_THEBM,sp|Q5JDH2|RL2_THEKO,89.121,1.0,1.0
tr|F0LMG8|F0LMG8_THEBM,sp|Q5JEK8|GAL1_THEKO,59.885,0.9943019943019943,0.9971428571428571
tr|F0LJF6|F0LJF6_THEBM,tr|Q5JE94|Q5JE94_THEKO,76.103,0.9927007299270073,0.9926470588235294
tr|F0LHA1|F0LHA1_THEBM,tr|Q5JIS3|Q5JIS3_THEKO,60.241,0.996996996996997,0.9940119760479041
tr|F0LJV5|F0LJV5_THEBM,tr|Q5JEY9|Q5JEY9_THEKO,40.523,0.9747899159663865,0.8408450704225352
tr|F0LJR6|F0LJR6_THEBM,tr|Q5JEU9|Q5JEU9_THEKO,77.099,0.9924242424242424,0.9924242424242424
tr|F0LH54|F0LH54_THEBM,sp|Q5JI38|APAUH_THEKO,70.526,1.0,0.9895833333333334
tr|F0LMM4|F0LMM4_THEBM,tr|Q5JCX7|Q5JCX7_THEKO,91.129,0.9051094890510949,0.917910447761194
tr|F0LHQ3|F0LHQ3_THEBM,sp|Q5JIU9|PSA_THEKO,83.846,1.0,1.0
tr|F0LJE3|F0LJE3_THEBM,sp|Q5JFU6|HIS8_THEKO,68.788,0.9792284866468842,0.9791666666666666
tr|F0LL76|F0LL76_THEBM,tr|Q5JD74|Q5JD74_THEKO,37.642,0.9941348973607038,0.9971305595408895
tr|F0LMR5|F0LMR5_THEBM,tr|Q5JIA3|Q5JIA3_THEKO,58.358,0.9854651162790697,0.9912790697674418
tr|F0LHE1|F0LHE1_THEBM,tr|Q5JIG0|Q5JIG0_THEKO,71.025,0.9758620689655172,0.9826388888888888
tr|F0LK43|F0LK43_THEBM,tr|Q5JDR0|Q5JDR0_THEKO,71.841,0.9752650176678446,0.9551724137931035
tr|F0LML7|F0LML7_THEBM,sp|Q5JDY1|GGGPS_THEKO,84.064,0.9920948616600791,0.996031746031746
tr|F0LHM4|F0LHM4_THEBM,sp|Q5JJF4|RPO3_THEKO,78.682,1.0,0.9961389961389961
tr|F0LJD6|F0LJD6_THEBM,sp|Q5JFT3|AROA_THEKO,54.0,0.9900744416873449,0.9949874686716792
tr|F0LJL9|F0LJL9_THEBM,tr|Q5JJ93|Q5JJ93_THEKO,64.023,0.9971671388101983,0.997134670487106
tr|F0LJK4|F0LJK4_THEBM,sp|Q5JH75|MPTA_THEKO,79.924,0.9777777777777777,0.9850187265917603
tr|F0LL94|F0LL94_THEBM,tr|Q5JG99|Q5JG99_THEKO,91.379,1.0,1.0
tr|F0LHU5|F0LHU5_THEBM,tr|Q5JIZ6|Q5JIZ6_THEKO,86.831,1.0,1.0
tr|F0LHA0|F0LHA0_THEBM,tr|Q5JIS4|Q5JIS4_THEKO,77.58,0.9964539007092199,1.0
tr|F0LJ12|F0LJ12_THEBM,tr|Q5JI30|Q5JI30_THEKO,67.314,0.9935691318327974,0.9870550161812298
tr|F0LID1|F0LID1_THEBM,tr|Q5JIL2|Q5JIL2_THEKO,67.593,0.9848024316109423,0.9878048780487805
tr|F0LL24|F0LL24_THEBM,sp|Q5JHF1|POK_THEKO,68.317,1.0,1.0
tr|F0LIN0|F0LIN0_THEBM,tr|Q5JD96|Q5JD96_THEKO,59.502,0.9968944099378882,0.9876923076923076
tr|F0LJM5|F0LJM5_THEBM,tr|Q5JDI1|Q5JDI1_THEKO,73.801,0.9890510948905109,0.9818840579710145
tr|F0LJV2|F0LJV2_THEBM,tr|Q5JF68|Q5JF68_THEKO,65.569,0.9709302325581395,0.9709302325581395
tr|F0LL05|F0LL05_THEBM,tr|Q5JDW2|Q5JDW2_THEKO,70.629,1.0,1.0
tr|F0LHU6|F0LHU6_THEBM,sp|Q5JIZ8|PPS_THEKO,78.599,0.9734848484848485,0.9846743295019157
tr|F0LJ78|F0LJ78_THEBM,tr|Q5JFE4|Q5JFE4_THEKO,62.918,0.9850299401197605,0.9762611275964391
tr|F0LIX6|F0LIX6_THEBM,sp|Q5JF30|TDXH_THEKO,92.593,0.96,1.0
tr|F0LL72|F0LL72_THEBM,sp|Q5JD03|SERK_THEKO,87.654,1.0,1.0
tr|F0LHC0|F0LHC0_THEBM,sp|Q5JJG0|RS4E_THEKO,81.452,1.0,1.0
tr|F0LK13|F0LK13_THEBM,sp|Q5JEZ8|HTPX_THEKO,69.863,1.0,1.0
tr|F0LKG7|F0LKG7_THEBM,sp|Q5JGE6|QUEE_THEKO,73.81,0.9882352941176471,0.9960474308300395
tr|F0LL93|F0LL93_THEBM,tr|Q5JG98|Q5JG98_THEKO,49.425,0.993103448275862,0.9659090909090909
tr|F0LHA6|F0LHA6_THEBM,tr|Q5JDI9|Q5JDI9_THEKO,77.519,1.0,1.0
tr|F0LMS8|F0LMS8_THEBM,tr|Q5JIE9|Q5JIE9_THEKO,76.078,0.99609375,0.9807692307692307
tr|F0LIF4|F0LIF4_THEBM,tr|Q5JF75|Q5JF75_THEKO,72.491,1.0,1.0
tr|F0LN14|F0LN14_THEBM,tr|Q5JIZ7|Q5JIZ7_THEKO,72.491,0.9853479853479854,0.9853479853479854
tr|F0LLC1|F0LLC1_THEBM,tr|Q5JED1|Q5JED1_THEKO,66.552,1.0,0.9931506849315068
tr|F0LJD1|F0LJD1_THEBM,tr|Q5JFX0|Q5JFX0_THEKO,76.471,0.9770114942528736,0.8388157894736842
tr|F0LJG6|F0LJG6_THEBM,sp|Q5JJB4|Y1472_THEKO,78.884,0.996031746031746,1.0
tr|F0LHF0|F0LHF0_THEBM,sp|Q5JFN1|FLPA_THEKO,86.726,1.0,1.0
tr|F0LI29|F0LI29_THEBM,tr|Q68BJ5|Q68BJ5_THEKO,82.051,1.0,0.9915254237288136
tr|F0LJG7|F0LJG7_THEBM,tr|Q5JDZ9|Q5JDZ9_THEKO,68.727,1.0,1.0
tr|F0LN08|F0LN08_THEBM,tr|Q5JD06|Q5JD06_THEKO,81.435,1.0,1.0
tr|F0LJU1|F0LJU1_THEBM,tr|Q5JH79|Q5JH79_THEKO,77.075,0.98828125,0.9806201550387597
tr|F0LIR8|F0LIR8_THEBM,sp|Q5JDG9|R1PKD_THEKO,67.354,0.8844984802431611,0.9829931972789115
tr|F0LIG9|F0LIG9_THEBM,tr|Q5JJD6|Q5JJD6_THEKO,80.237,1.0,1.0
tr|F0LMK2|F0LMK2_THEBM,tr|Q5JG62|Q5JG62_THEKO,72.727,0.9965034965034965,0.9225806451612903
tr|F0LJD2|F0LJD2_THEBM,sp|Q5JFX1|AROB_THEKO,62.229,0.9698795180722891,0.9472140762463344
tr|F0LKM0|F0LKM0_THEBM,tr|Q5JEQ5|Q5JEQ5_THEKO,79.412,0.9916666666666667,0.9834710743801653
tr|F0LIF1|F0LIF1_THEBM,tr|Q5JGV1|Q5JGV1_THEKO,83.951,1.0,0.9642857142857143
tr|F0LL52|F0LL52_THEBM,tr|Q5JDL5|Q5JDL5_THEKO,73.256,1.0,1.0
tr|F0LI73|F0LI73_THEBM,tr|Q5JJC2|Q5JJC2_THEKO,57.386,0.9971264367816092,0.9887005649717514
tr|F0LLL0|F0LLL0_THEBM,tr|Q5JDC2|Q5JDC2_THEKO,69.318,0.9962264150943396,0.9924812030075187
tr|F0LJ09|F0LJ09_THEBM,tr|Q5JE47|Q5JE47_THEKO,74.532,1.0,1.0
tr|F0LMC3|F0LMC3_THEBM,sp|Q5JH26|RPIA_THEKO,86.9,1.0,1.0
tr|F0LIX3|F0LIX3_THEBM,sp|Q5JF32|PCNA1_THEKO,83.936,0.996,1.0
tr|F0LI17|F0LI17_THEBM,sp|Q5JH35|RL1_THEKO,91.628,0.9907834101382489,0.9953703703703703
tr|F0LJE5|F0LJE5_THEBM,sp|Q5JFU8|HIS6_THEKO,80.08,0.9766536964980544,0.996031746031746
tr|F0LJ33|F0LJ33_THEBM,tr|Q5JI70|Q5JI70_THEKO,74.39,0.984,0.9919354838709677
tr|F0LN20|F0LN20_THEBM,tr|Q5JIA9|Q5JIA9_THEKO,83.761,0.9957446808510638,0.9629629629629629
tr|F0LH31|F0LH31_THEBM,tr|Q5JFY7|Q5JFY7_THEKO,73.494,1.0,1.0
tr|F0LM98|F0LM98_THEBM,tr|Q5JJ34|Q5JJ34_THEKO,68.727,0.9927797833935018,1.0
tr|F0LIW7|F0LIW7_THEBM,sp|Q5JG47|NPD_THEKO,74.297,0.9154411764705882,0.9688715953307393
tr|F0LK03|F0LK03_THEBM,tr|Q5JGM6|Q5JGM6_THEKO,40.796,1.0,1.0
tr|F0LMS0|F0LMS0_THEBM,tr|Q5JIA7|Q5JIA7_THEKO,82.128,1.0,1.0
tr|F0LKQ5|F0LKQ5_THEBM,tr|Q5JE30|Q5JE30_THEKO,83.186,1.0,1.0
tr|F0LJJ2|F0LJJ2_THEBM,tr|Q5JDX5|Q5JDX5_THEKO,58.055,0.996969696969697,0.990909090909091
tr|F0LKH5|F0LKH5_THEBM,sp|Q5JHG3|TPIS_THEKO,89.286,0.9955555555555555,0.9911504424778761
tr|F0LL58|F0LL58_THEBM,tr|Q5JEM3|Q5JEM3_THEKO,50.485,0.9666666666666667,0.9831730769230769
tr|F0LM76|F0LM76_THEBM,tr|Q5JHS9|Q5JHS9_THEKO,62.829,0.9559748427672956,0.9583333333333334
tr|F0LMR1|F0LMR1_THEBM,tr|Q5JIA0|Q5JIA0_THEKO,80.738,0.9959183673469387,0.9959183673469387
tr|F0LJ22|F0LJ22_THEBM,sp|Q5JI54|RSMA_THEKO,68.015,0.9714285714285714,0.974910394265233
tr|F0LHT0|F0LHT0_THEBM,tr|Q5JI84|Q5JI84_THEKO,58.601,0.9912790697674418,0.973293768545994
tr|F0LK50|F0LK50_THEBM,tr|Q5JES5|Q5JES5_THEKO,74.699,1.0,1.0
tr|F0LIR9|F0LIR9_THEBM,tr|Q5JDH0|Q5JDH0_THEKO,73.993,1.0,1.0
tr|F0LJV3|F0LJV3_THEBM,tr|Q5JEZ1|Q5JEZ1_THEKO,67.559,0.9900332225913622,0.9867986798679867
tr|F0LLI8|F0LLI8_THEBM,sp|Q5JFP4|PURQ_THEKO,81.614,1.0,1.0
tr|F0LK24|F0LK24_THEBM,tr|Q5JHD6|Q5JHD6_THEKO,74.517,0.9810606060606061,0.9810606060606061
tr|F0LIJ6|F0LIJ6_THEBM,tr|Q5JID2|Q5JID2_THEKO,86.854,0.9953271028037384,0.9906976744186047
tr|F0LJC4|F0LJC4_THEBM,tr|Q5JJ74|Q5JJ74_THEKO,75.904,1.0,1.0
tr|F0LHU0|F0LHU0_THEBM,tr|Q5JIH4|Q5JIH4_THEKO,77.551,0.995850622406639,0.9879032258064516
tr|F0LIP5|F0LIP5_THEBM,tr|Q5JGS9|Q5JGS9_THEKO,61.938,0.9965277777777778,0.993127147766323
tr|F0LHN1|F0LHN1_THEBM,sp|Q5JJD2|RS2_THEKO,92.04,1.0,1.0
tr|F0LLH9|F0LLH9_THEBM,sp|Q5JFN5|PUR7_THEKO,79.295,0.9912663755458515,0.9659574468085106
tr|F0LH65|F0LH65_THEBM,sp|Q5JI17|THYX_THEKO,74.897,0.9959016393442623,0.9918367346938776
tr|F0LIU6|F0LIU6_THEBM,tr|Q5JGC5|Q5JGC5_THEKO,67.018,0.9930313588850174,0.9965034965034965
tr|F0LMI4|F0LMI4_THEBM,tr|Q5JFJ6|Q5JFJ6_THEKO,62.5,1.0,0.961038961038961
tr|F0LMV7|F0LMV7_THEBM,tr|Q5JEY4|Q5JEY4_THEKO,76.923,0.9956896551724138,0.9957446808510638
tr|F0LMJ5|F0LMJ5_THEBM,sp|Q5JHL8|PSB2_THEKO,91.96,1.0,1.0
tr|F0LLE5|F0LLE5_THEBM,sp|Q5JDN5|DGGGP_THEKO,67.636,0.9786476868327402,0.9927797833935018
tr|F0LM88|F0LM88_THEBM,sp|Q5JFZ7|PYRH_THEKO,87.556,0.9911894273127754,1.0
tr|F0LKP2|F0LKP2_THEBM,tr|Q5JEN2|Q5JEN2_THEKO,61.0,0.9933774834437086,0.9836065573770492
tr|F0LMT0|F0LMT0_THEBM,tr|Q5JIE7|Q5JIE7_THEKO,70.833,0.9924242424242424,0.9705882352941176
tr|F0LH47|F0LH47_THEBM,tr|Q5JE43|Q5JE43_THEKO,71.923,0.9847908745247148,0.9737827715355806
tr|F0LJN8|F0LJN8_THEBM,tr|Q5JDS6|Q5JDS6_THEKO,67.376,0.9155844155844156,0.9335548172757475
tr|F0LKX7|F0LKX7_THEBM,tr|Q5JID7|Q5JID7_THEKO,79.528,1.0,1.0
tr|F0LMM7|F0LMM7_THEBM,tr|Q5JG19|Q5JG19_THEKO,68.953,0.9963369963369964,0.9857142857142858
tr|F0LN05|F0LN05_THEBM,tr|Q5JHA2|Q5JHA2_THEKO,75.397,0.8780487804878049,0.8316831683168316
tr|F0LHR0|F0LHR0_THEBM,sp|Q5JDM5|BRIX_THEKO,88.406,0.9764150943396226,0.9951923076923077
tr|F0LLZ7|F0LLZ7_THEBM,tr|Q5JJ46|Q5JJ46_THEKO,49.465,0.9973262032085561,0.997289972899729
tr|F0LJN6|F0LJN6_THEBM,tr|Q5JDS4|Q5JDS4_THEKO,81.498,1.0,0.9912663755458515
tr|F0LIL6|F0LIL6_THEBM,tr|Q5JIC3|Q5JIC3_THEKO,69.853,1.0,1.0
tr|F0LLL3|F0LLL3_THEBM,sp|Q5JDC5|Y2294_THEKO,80.631,1.0,1.0
tr|F0LIS4|F0LIS4_THEBM,tr|Q5JDD6|Q5JDD6_THEKO,72.428,1.0,0.9878048780487805
tr|F0LJY5|F0LJY5_THEBM,sp|Q5JI24|COBD_THEKO,68.889,0.9246575342465754,0.9183673469387755
tr|F0LLE6|F0LLE6_THEBM,sp|Q5JDN6|PRNK_THEKO,50.843,1.0,1.0
tr|F0LMT7|F0LMT7_THEBM,sp|Q5JGT4|IF6_THEKO,81.659,1.0,1.0
tr|F0LJL4|F0LJL4_THEBM,sp|Q5JJ65|NADE_THEKO,72.441,1.0,1.0
tr|F0LI36|F0LI36_THEBM,tr|Q5JH62|Q5JH62_THEKO,72.727,0.9887640449438202,0.9633699633699634
tr|F0LM75|F0LM75_THEBM,tr|Q5JHT0|Q5JHT0_THEKO,50.789,0.9476309226932669,0.9667519181585678
tr|F0LHF3|F0LHF3_THEBM,tr|Q5JFN2|Q5JFN2_THEKO,81.532,1.0,1.0
tr|F0LLI1|F0LLI1_THEBM,tr|Q5JGK9|Q5JGK9_THEKO,52.877,0.9972602739726028,0.9972067039106145
tr|F0LK52|F0LK52_THEBM,tr|Q5JHH1|Q5JHH1_THEKO,88.626,1.0,1.0
tr|F0LJS5|F0LJS5_THEBM,tr|Q5JHC3|Q5JHC3_THEKO,53.561,0.9830985915492958,0.9105263157894737
tr|F0LL85|F0LL85_THEBM,tr|Q5JD64|Q5JD64_THEKO,70.0,0.9917355371900827,0.9836065573770492
tr|F0LKS1|F0LKS1_THEBM,tr|Q5JH77|Q5JH77_THEKO,67.557,1.0,0.9961977186311787
tr|F0LJG2|F0LJG2_THEBM,sp|Q5JDW9|PGK2_THEKO,63.051,0.9866220735785953,1.0
tr|F0LJH9|F0LJH9_THEBM,tr|Q5JD85|Q5JD85_THEKO,61.672,1.0,0.9965277777777778
tr|F0LGZ8|F0LGZ8_THEBM,tr|Q5JEG3|Q5JEG3_THEKO,69.804,0.9921568627450981,0.99609375
tr|F0LLG5|F0LLG5_THEBM,tr|Q5JIY1|Q5JIY1_THEKO,32.812,0.996005326231691,0.9932885906040269
tr|F0LLE3|F0LLE3_THEBM,tr|Q5JDN3|Q5JDN3_THEKO,70.26,0.9962546816479401,1.0
tr|F0LKS0|F0LKS0_THEBM,tr|Q5JH76|Q5JH76_THEKO,68.498,1.0,1.0
tr|F0LM06|F0LM06_THEBM,tr|Q5JJ45|Q5JJ45_THEKO,68.182,0.9886792452830189,0.9850746268656716
tr|F0LK88|F0LK88_THEBM,tr|Q5JEX5|Q5JEX5_THEKO,56.494,0.9935483870967742,0.9838709677419355
tr|F0LJ40|F0LJ40_THEBM,sp|Q5JI92|TRUA_THEKO,64.015,0.9887218045112782,0.9887640449438202
tr|F0LMF7|F0LMF7_THEBM,tr|Q5JE69|Q5JE69_THEKO,60.458,0.9592476489028213,0.9473684210526315
tr|F0LMR2|F0LMR2_THEBM,tr|Q5JIA1|Q5JIA1_THEKO,71.66,1.0,1.0
tr|F0LJF3|F0LJF3_THEBM,sp|Q5JI79|AGOG_THEKO,65.779,0.9924242424242424,1.0
tr|F0LKC6|F0LKC6_THEBM,sp|Q5JE78|SURE_THEKO,70.079,0.9731800766283525,0.9691119691119691
tr|F0LI70|F0LI70_THEBM,sp|Q5JE04|RS7_THEKO,83.721,1.0,1.0
tr|F0LHG6|F0LHG6_THEBM,tr|Q5JFH4|Q5JFH4_THEKO,63.057,0.9198813056379822,0.9311377245508982
tr|F0LMX5|F0LMX5_THEBM,tr|Q5JG12|Q5JG12_THEKO,70.464,1.0,0.9916317991631799
tr|F0LLT4|F0LLT4_THEBM,tr|Q5JJ25|Q5JJ25_THEKO,46.845,0.9927710843373494,0.9603729603729604
tr|F0LK33|F0LK33_THEBM,sp|Q5JGQ6|UPP_THEKO,80.995,0.9822222222222222,0.9608695652173913
tr|F0LIR4|F0LIR4_THEBM,sp|Q877I0|DEOC_THEKO,84.793,0.9772727272727273,0.96875
tr|F0LIP4|F0LIP4_THEBM,tr|Q5JGS7|Q5JGS7_THEKO,66.008,1.0,1.0
tr|F0LJ73|F0LJ73_THEBM,sp|Q5JFK7|Y174_THEKO,84.314,0.9855072463768116,0.9951219512195122
tr|F0LLK0|F0LLK0_THEBM,tr|Q5JGA5|Q5JGA5_THEKO,48.229,0.9918478260869565,0.989159891598916
tr|F0LIN7|F0LIN7_THEBM,tr|Q5JG46|Q5JG46_THEKO,72.727,0.9958677685950413,1.0
tr|F0LM28|F0LM28_THEBM,sp|Q5JGM4|RS3A_THEKO,85.93,0.995,0.995
tr|F0LHB3|F0LHB3_THEBM,sp|Q5JDH5|RS3_THEKO,93.194,0.9227053140096618,0.9138755980861244
tr|F0LIS0|F0LIS0_THEBM,tr|Q5JDD2|Q5JDD2_THEKO,68.235,0.9550561797752809,1.0
tr|F0LI78|F0LI78_THEBM,tr|Q5JD01|Q5JD01_THEKO,64.179,0.9816849816849816,0.9399293286219081
tr|F0LN30|F0LN30_THEBM,tr|Q5JIG8|Q5JIG8_THEKO,65.556,0.996309963099631,0.99609375
tr|F0LLR1|F0LLR1_THEBM,tr|Q5JGJ0|Q5JGJ0_THEKO,81.385,0.9746835443037974,0.9705882352941176
tr|F0LK38|F0LK38_THEBM,tr|Q5JHX5|Q5JHX5_THEKO,77.232,1.0,1.0
tr|F0LKG0|F0LKG0_THEBM,tr|Q5JDA7|Q5JDA7_THEKO,68.379,1.0,1.0
tr|F0LIZ1|F0LIZ1_THEBM,tr|Q5JDY7|Q5JDY7_THEKO,92.896,1.0,1.0
tr|F0LH37|F0LH37_THEBM,tr|Q5JI85|Q5JI85_THEKO,68.75,0.987603305785124,0.9795081967213115
tr|F0LHG2|F0LHG2_THEBM,sp|O07836|IORB_THEKO,83.663,0.9950738916256158,1.0
tr|F0LJU0|F0LJU0_THEBM,tr|Q5JH80|Q5JH80_THEKO,82.569,0.9774774774774775,0.9159663865546218
tr|F0LJU8|F0LJU8_THEBM,tr|Q5JD52|Q5JD52_THEKO,45.023,0.977728285077951,0.9860788863109049
tr|F0LKS5|F0LKS5_THEBM,tr|Q5JF15|Q5JF15_THEKO,82.439,1.0,1.0
tr|F0LH25|F0LH25_THEBM,tr|Q5JFS2|Q5JFS2_THEKO,75.115,0.9819004524886877,0.9730941704035875
tr|F0LGZ9|F0LGZ9_THEBM,sp|Q5JEF8|NADM_THEKO,90.957,1.0,1.0
tr|F0LJI2|F0LJI2_THEBM,tr|Q5JGA0|Q5JGA0_THEKO,71.369,0.9958677685950413,0.9125475285171103
tr|F0LI32|F0LI32_THEBM,tr|Q5JH40|Q5JH40_THEKO,83.415,1.0,1.0
tr|F0LJ97|F0LJ97_THEBM,tr|Q5JIU0|Q5JIU0_THEKO,71.366,1.0,1.0
tr|F0LKW6|F0LKW6_THEBM,tr|Q5JGN8|Q5JGN8_THEKO,66.4,1.0,1.0
tr|F0LK89|F0LK89_THEBM,tr|Q5JEX6|Q5JEX6_THEKO,58.17,1.0,1.0
tr|F0LHG0|F0LHG0_THEBM,sp|Q52366|TBP_THEKO,90.0,1.0,1.0
tr|F0LJC1|F0LJC1_THEBM,tr|Q5JJ76|Q5JJ76_THEKO,51.309,0.9922077922077922,0.9946524064171123
tr|F0LLQ7|F0LLQ7_THEBM,tr|Q5JGH6|Q5JGH6_THEKO,57.895,0.9838187702265372,0.9797979797979798
tr|F0LIN1|F0LIN1_THEBM,tr|Q5JD97|Q5JD97_THEKO,73.333,0.9782608695652174,0.9698275862068966
tr|F0LKQ1|F0LKQ1_THEBM,sp|Q5JEK6|CYDK_THEKO,70.652,0.9927536231884058,0.9892086330935251
tr|F0LHG5|F0LHG5_THEBM,sp|Q5JFH5|Y141_THEKO,75.221,1.0,1.0
tr|F0LJV7|F0LJV7_THEBM,tr|Q5JEY7|Q5JEY7_THEKO,80.465,0.9469026548672567,0.9953488372093023
tr|F0LK20|F0LK20_THEBM,tr|Q5JHD4|Q5JHD4_THEKO,65.234,0.9659090909090909,0.9732824427480916
tr|F0LL29|F0LL29_THEBM,tr|Q5JHE9|Q5JHE9_THEKO,83.938,0.9948453608247423,0.9846938775510204
tr|F0LJB7|F0LJB7_THEBM,tr|Q5JJ79|Q5JJ79_THEKO,68.354,0.979253112033195,0.9556451612903226
tr|F0LMW0|F0LMW0_THEBM,tr|Q5JEY1|Q5JEY1_THEKO,70.518,0.9616858237547893,0.9841269841269841
tr|F0LKN0|F0LKN0_THEBM,tr|Q5JEP5|Q5JEP5_THEKO,72.889,1.0,1.0
tr|F0LKF7|F0LKF7_THEBM,tr|Q5JG15|Q5JG15_THEKO,64.683,0.9960474308300395,1.0
tr|F0LLW6|F0LLW6_THEBM,tr|Q5JDW0|Q5JDW0_THEKO,41.617,0.9960707269155207,0.9844357976653697
tr|F0LML6|F0LML6_THEBM,tr|Q5JDW4|Q5JDW4_THEKO,59.928,0.9892857142857143,0.992831541218638
tr|F0LJJ5|F0LJJ5_THEBM,tr|Q5JE91|Q5JE91_THEKO,52.941,1.0,0.9970059880239521
tr|F0LH13|F0LH13_THEBM,tr|Q5JFS8|Q5JFS8_THEKO,62.362,0.9889705882352942,0.9853479853479854
tr|F0LI45|F0LI45_THEBM,tr|Q5JGZ3|Q5JGZ3_THEKO,64.516,0.9880478087649402,0.9959677419354839
tr|F0LIV3|F0LIV3_THEBM,tr|Q5JDG4|Q5JDG4_THEKO,61.429,1.0,1.0
tr|F0LI28|F0LI28_THEBM,sp|Q5JH21|KTHY_THEKO,81.407,0.9521531100478469,0.9707317073170731
tr|F0LN25|F0LN25_THEBM,tr|Q5JE74|Q5JE74_THEKO,69.432,0.9703389830508474,0.9308943089430894
tr|F0LKQ8|F0LKQ8_THEBM,sp|Q5JH68|KAD_THEKO,69.643,1.0,1.0
tr|F0LLL7|F0LLL7_THEBM,sp|Q5JGT7|KITH_THEKO,84.896,1.0,0.9746192893401016
tr|F0LI60|F0LI60_THEBM,tr|Q5JH07|Q5JH07_THEKO,75.0,0.9910714285714286,0.9739130434782609
tr|F0LKE0|F0LKE0_THEBM,tr|Q5JHL6|Q5JHL6_THEKO,55.821,0.9939759036144579,0.9940652818991098
tr|F0LL73|F0LL73_THEBM,sp|Q5JDB7|PGP_THEKO,72.222,0.9957081545064378,0.9707112970711297
tr|F0LN04|F0LN04_THEBM,tr|Q5JHA1|Q5JHA1_THEKO,69.957,0.8984375,0.9831223628691983
tr|F0LM81|F0LM81_THEBM,tr|Q5JHS4|Q5JHS4_THEKO,64.257,1.0,1.0
tr|F0LME3|F0LME3_THEBM,tr|Q5JIP2|Q5JIP2_THEKO,71.806,0.978448275862069,0.8832684824902723
tr|F0LJL3|F0LJL3_THEBM,tr|Q5JJ66|Q5JJ66_THEKO,64.085,1.0,0.9860627177700348
tr|F0LKB7|F0LKB7_THEBM,tr|Q5JCW8|Q5JCW8_THEKO,53.443,0.9650793650793651,0.9902597402597403
tr|F0LM82|F0LM82_THEBM,tr|Q5JHS3|Q5JHS3_THEKO,61.837,0.9368770764119602,0.9362416107382551
tr|F0LJE7|F0LJE7_THEBM,sp|Q5JFV0|HIS5_THEKO,84.694,1.0,1.0
tr|F0LJE4|F0LJE4_THEBM,tr|Q5JFU7|Q5JFU7_THEKO,77.404,1.0,0.9904306220095693
tr|F0LIG5|F0LIG5_THEBM,tr|Q5JJD9|Q5JJD9_THEKO,78.481,1.0,1.0
tr|F0LM85|F0LM85_THEBM,tr|Q5JHS0|Q5JHS0_THEKO,90.909,0.9723756906077348,0.9887640449438202
tr|F0LI86|F0LI86_THEBM,tr|Q5JHJ8|Q5JHJ8_THEKO,64.231,0.9774436090225563,0.9737827715355806
tr|F0LH60|F0LH60_THEBM,tr|Q5JI14|Q5JI14_THEKO,50.755,0.9969879518072289,0.9969418960244648
tr|F0LJM7|F0LJM7_THEBM,sp|Q5JIR1|AATD_THEKO,80.189,0.986046511627907,0.9906542056074766
tr|F0LJF1|F0LJF1_THEBM,tr|Q5JFR7|Q5JFR7_THEKO,60.915,0.9594594594594594,0.962457337883959
tr|F0LLH5|F0LLH5_THEBM,sp|Q5JFM4|GUAAA_THEKO,84.043,1.0,1.0
tr|F0LJ23|F0LJ23_THEBM,tr|Q5JI53|Q5JI53_THEKO,80.193,0.9951690821256038,0.9951456310679612
tr|F0LM72|F0LM72_THEBM,tr|Q5JHR4|Q5JHR4_THEKO,83.938,0.9948453608247423,0.9948453608247423
tr|F0LKM7|F0LKM7_THEBM,tr|Q5JEN6|Q5JEN6_THEKO,88.889,0.984375,0.9792746113989638
tr|F0LK78|F0LK78_THEBM,tr|Q5JEX2|Q5JEX2_THEKO,77.922,0.9956896551724138,0.9956896551724138
tr|F0LJP7|F0LJP7_THEBM,tr|Q5JIP5|Q5JIP5_THEKO,65.2,0.9920634920634921,0.996
tr|F0LJV4|F0LJV4_THEBM,tr|Q5JEZ0|Q5JEZ0_THEKO,50.448,1.0,1.0
tr|F0LHP5|F0LHP5_THEBM,sp|Q5JH43|RL15E_THEKO,92.784,1.0,1.0
tr|F0LHW6|F0LHW6_THEBM,tr|Q5JE76|Q5JE76_THEKO,46.234,0.9770992366412213,0.9755434782608695
tr|F0LI33|F0LI33_THEBM,tr|Q5JH41|Q5JH41_THEKO,88.649,0.9390862944162437,0.9390862944162437
tr|F0LN39|F0LN39_THEBM,tr|Q5JF62|Q5JF62_THEKO,48.711,1.0,1.0
tr|F0LH57|F0LH57_THEBM,sp|Q5JI44|NEP1_THEKO,70.183,0.9954337899543378,0.990909090909091
tr|F0LLJ4|F0LLJ4_THEBM,tr|Q5JDC1|Q5JDC1_THEKO,55.325,0.9940298507462687,0.9765395894428153
tr|F0LLE0|F0LLE0_THEBM,tr|Q5JDN0|Q5JDN0_THEKO,91.667,0.9424083769633508,0.9278350515463918
tr|F0LHL3|F0LHL3_THEBM,sp|Q5JJE3|KCY_THEKO,84.699,1.0,0.9481865284974094
tr|F0LJF9|F0LJF9_THEBM,tr|Q5JDX3|Q5JDX3_THEKO,53.633,1.0,0.9763513513513513
tr|F0LJE6|F0LJE6_THEBM,sp|Q5JFU9|HIS4_THEKO,69.912,0.9868995633187773,0.9699570815450643
tr|F0LHS2|F0LHS2_THEBM,sp|Q5JH27|RFRNP_THEKO,82.741,0.9949238578680203,0.9949494949494949
tr|F0LJM2|F0LJM2_THEBM,sp|Q5JJ90|PYRK_THEKO,67.111,0.9146341463414634,0.9656652360515021
tr|F0LM70|F0LM70_THEBM,tr|Q5JHQ4|Q5JHQ4_THEKO,58.537,0.9663299663299664,0.9896551724137931
tr|F0LLB9|F0LLB9_THEBM,tr|Q5JEF6|Q5JEF6_THEKO,71.359,0.9903846153846154,0.958139534883721
tr|F0LIT3|F0LIT3_THEBM,sp|Q5JIK2|PORC_THEKO,88.649,0.9946236559139785,1.0
tr|F0LJZ3|F0LJZ3_THEBM,sp|Q52454|COBS_THEKO,66.667,1.0,1.0
tr|F0LKL8|F0LKL8_THEBM,sp|Q5JER9|NUCS_THEKO,70.539,0.9561752988047809,0.9523809523809523
tr|F0LIV9|F0LIV9_THEBM,sp|Q5JES6|TYW32_THEKO,77.833,0.9902439024390244,0.9575471698113207
tr|F0LGY6|F0LGY6_THEBM,tr|Q5JED9|Q5JED9_THEKO,46.173,1.0,1.0
tr|F0LKT6|F0LKT6_THEBM,tr|Q5JGD8|Q5JGD8_THEKO,40.241,0.9455252918287937,0.9334600760456274
tr|F0LMR8|F0LMR8_THEBM,tr|Q5JIA5|Q5JIA5_THEKO,43.152,0.979746835443038,0.9796437659033079
tr|F0LMX6|F0LMX6_THEBM,tr|Q5JDA8|Q5JDA8_THEKO,67.556,1.0,0.9824561403508771
tr|F0LLQ6|F0LLQ6_THEBM,tr|Q5JGG0|Q5JGG0_THEKO,82.32,0.9526315789473684,0.9378238341968912
tr|F0LHC4|F0LHC4_THEBM,sp|Q5JJG4|RL6_THEKO,86.957,1.0,1.0
tr|F0LI76|F0LI76_THEBM,tr|Q5JJB7|Q5JJB7_THEKO,39.352,0.9953703703703703,0.9930875576036866
tr|F0LHK5|F0LHK5_THEBM,sp|Q5JJG7|RL18_THEKO,91.045,1.0,1.0
tr|F0LIB2|F0LIB2_THEBM,tr|Q5JDF1|Q5JDF1_THEKO,74.178,0.9681818181818181,0.9047619047619048
tr|F0LL82|F0LL82_THEBM,tr|Q5JD61|Q5JD61_THEKO,70.142,0.985981308411215,0.9723502304147466
tr|F0LJ93|F0LJ93_THEBM,tr|Q5JIT7|Q5JIT7_THEKO,49.693,0.9969418960244648,0.9449275362318841
tr|F0LMU0|F0LMU0_THEBM,tr|Q5JGM8|Q5JGM8_THEKO,77.114,1.0,0.9348837209302325
tr|F0LMJ3|F0LMJ3_THEBM,tr|Q5JHL9|Q5JHL9_THEKO,47.826,0.9220430107526881,0.9209809264305178
tr|F0LJR0|F0LJR0_THEBM,tr|Q5JDP7|Q5JDP7_THEKO,77.228,0.9711538461538461,0.9665071770334929
tr|F0LJF8|F0LJF8_THEBM,tr|Q5JG54|Q5JG54_THEKO,61.943,0.988,1.0
tr|F0LHE3|F0LHE3_THEBM,tr|Q5JDP8|Q5JDP8_THEKO,42.105,0.995575221238938,0.9910714285714286
tr|F0LL80|F0LL80_THEBM,tr|Q5JD59|Q5JD59_THEKO,55.762,0.992619926199262,0.9925925925925926
tr|F0LH34|F0LH34_THEBM,tr|Q5JFY2|Q5JFY2_THEKO,66.376,0.9233870967741935,0.987012987012987
tr|F0LHD8|F0LHD8_THEBM,sp|Q5JDB0|PYRF_THEKO,73.039,0.9760765550239234,0.9577464788732394
tr|F0LI58|F0LI58_THEBM,tr|Q5JH04|Q5JH04_THEKO,66.372,1.0,1.0
tr|F0LKU9|F0LKU9_THEBM,tr|Q5JHE4|Q5JHE4_THEKO,59.559,0.9963369963369964,1.0
tr|F0LHA3|F0LHA3_THEBM,tr|Q5JIS0|Q5JIS0_THEKO,76.768,0.9473684210526315,0.8461538461538461
tr|F0LGX7|F0LGX7_THEBM,tr|Q5JEE5|Q5JEE5_THEKO,68.421,0.987012987012987,0.9827586206896551
tr|F0LGU2|F0LGU2_THEBM,sp|Q5JE38|GPI_THEKO,81.383,0.9947089947089947,0.9894179894179894
tr|F0LH70|F0LH70_THEBM,sp|Q5JDI6|RL10E_THEKO,83.889,1.0,0.989010989010989
tr|F0LHC1|F0LHC1_THEBM,sp|Q5JJG1|RL5_THEKO,85.0,0.9836065573770492,0.9836065573770492
tr|F0LIG6|F0LIG6_THEBM,tr|Q5JGR2|Q5JGR2_THEKO,41.902,0.9847715736040609,0.9873096446700508
tr|F0LGY3|F0LGY3_THEBM,tr|Q5JGR1|Q5JGR1_THEKO,79.592,0.9701492537313433,0.9655172413793104
tr|F0LJK0|F0LJK0_THEBM,tr|Q5JE86|Q5JE86_THEKO,75.258,0.97,0.9797979797979798
tr|F0LM62|F0LM62_THEBM,sp|P95547|RADB_THEKO,66.514,0.9864253393665159,0.990909090909091
tr|F0LHV0|F0LHV0_THEBM,tr|Q5JDF2|Q5JDF2_THEKO,76.289,0.9897959183673469,0.9897959183673469
tr|F0LJD4|F0LJD4_THEBM,sp|Q5JFT1|AROE_THEKO,62.825,0.9816176470588235,0.9889705882352942
tr|F0LHP9|F0LHP9_THEBM,sp|Q5JH47|RNP3_THEKO,71.707,0.9715639810426541,0.9318181818181818
tr|F0LK01|F0LK01_THEBM,tr|Q5JGL2|Q5JGL2_THEKO,81.622,0.9946236559139785,0.9635416666666666
tr|F0LK00|F0LK00_THEBM,tr|Q5JI08|Q5JI08_THEKO,76.44,0.9794871794871794,0.9845360824742269
tr|F0LIM2|F0LIM2_THEBM,tr|Q5JD88|Q5JD88_THEKO,57.854,0.9738805970149254,0.981203007518797
tr|F0LLF6|F0LLF6_THEBM,sp|Q5JIY3|IPYR_THEKO,87.571,0.9943820224719101,0.9943820224719101
tr|F0LHL0|F0LHL0_THEBM,sp|Q5JJH2|KADA_THEKO,84.694,1.0,1.0
tr|F0LKR9|F0LKR9_THEBM,sp|O74035|RNH2_THEKO,68.807,0.960352422907489,0.956140350877193
tr|F0LKQ4|F0LKQ4_THEBM,tr|Q5JE29|Q5JE29_THEKO,67.556,0.982532751091703,0.9491525423728814
tr|F0LMP3|F0LMP3_THEBM,sp|Q5JH93|BSUHB_THEKO,59.6,0.9960159362549801,0.9765625
tr|F0LI02|F0LI02_THEBM,tr|Q5JEN9|Q5JEN9_THEKO,61.776,1.0,1.0
tr|F0LLC4|F0LLC4_THEBM,tr|Q5JEB9|Q5JEB9_THEKO,82.065,0.9787234042553191,0.9945945945945946
tr|F0LKD5|F0LKD5_THEBM,tr|Q5JE61|Q5JE61_THEKO,84.574,1.0,1.0
tr|F0LJC9|F0LJC9_THEBM,tr|Q5JFW8|Q5JFW8_THEKO,72.727,0.9457013574660633,0.954337899543379
tr|F0LMP8|F0LMP8_THEBM,tr|Q5JJA1|Q5JJA1_THEKO,79.358,0.9954128440366973,0.9864253393665159
tr|F0LLM4|F0LLM4_THEBM,tr|Q5JGH5|Q5JGH5_THEKO,48.949,0.9849397590361446,0.9815950920245399
tr|F0LL43|F0LL43_THEBM,tr|Q5JHH3|Q5JHH3_THEKO,70.404,0.9955357142857143,1.0
tr|F0LJJ9|F0LJJ9_THEBM,tr|Q5JE87|Q5JE87_THEKO,70.813,1.0,1.0
tr|F0LKE1|F0LKE1_THEBM,tr|Q5JHL7|Q5JHL7_THEKO,59.829,0.9831932773109243,0.9669421487603306
tr|F0LH67|F0LH67_THEBM,tr|Q5JI19|Q5JI19_THEKO,84.663,0.9476744186046512,1.0
tr|F0LLQ3|F0LLQ3_THEBM,tr|Q5JGG3|Q5JGG3_THEKO,74.346,0.8967136150234741,0.880184331797235
tr|F0LHI2|F0LHI2_THEBM,tr|Q5JIZ2|Q5JIZ2_THEKO,62.195,1.0,1.0
tr|F0LI57|F0LI57_THEBM,tr|Q5JH03|Q5JH03_THEKO,64.407,0.9833333333333333,1.0
tr|F0LH50|F0LH50_THEBM,tr|Q5JE46|Q5JE46_THEKO,74.51,1.0,1.0
tr|F0LMN8|F0LMN8_THEBM,tr|Q5JG31|Q5JG31_THEKO,67.111,1.0,0.9868421052631579
tr|F0LJK7|F0LJK7_THEBM,tr|Q5JJ71|Q5JJ71_THEKO,60.424,0.9895104895104895,1.0
tr|F0LM68|F0LM68_THEBM,tr|Q5JHQ6|Q5JHQ6_THEKO,77.128,1.0,1.0
tr|F0LKD2|F0LKD2_THEBM,tr|Q5JE58|Q5JE58_THEKO,91.071,0.9882352941176471,0.9882352941176471
tr|F0LLR6|F0LLR6_THEBM,tr|Q5JGI5|Q5JGI5_THEKO,91.566,1.0,1.0
tr|F0LHM2|F0LHM2_THEBM,sp|Q5JJF2|RS4_THEKO,89.444,0.994475138121547,1.0
tr|F0LKU6|F0LKU6_THEBM,tr|Q5JGF7|Q5JGF7_THEKO,43.869,0.9864130434782609,0.9629629629629629
tr|F0LK90|F0LK90_THEBM,tr|Q5JEX7|Q5JEX7_THEKO,92.547,0.9938271604938271,0.9938271604938271
tr|F0LL60|F0LL60_THEBM,tr|Q5JH38|Q5JH38_THEKO,43.829,0.98989898989899,0.9848866498740554
tr|F0LK02|F0LK02_THEBM,tr|Q5JGL1|Q5JGL1_THEKO,59.004,1.0,0.9027777777777778
tr|F0LN33|F0LN33_THEBM,tr|Q5JIG5|Q5JIG5_THEKO,73.039,1.0,1.0
tr|F0LGY5|F0LGY5_THEBM,tr|Q5JEE0|Q5JEE0_THEKO,70.0,0.9905660377358491,0.9952153110047847
tr|F0LHV3|F0LHV3_THEBM,tr|Q5JDF7|Q5JDF7_THEKO,79.891,0.8975609756097561,0.9583333333333334
tr|F0LJG9|F0LJG9_THEBM,tr|Q5JH55|Q5JH55_THEKO,73.778,0.995575221238938,0.9955555555555555
tr|F0LH22|F0LH22_THEBM,tr|Q5JFV4|Q5JFV4_THEKO,84.492,1.0,1.0
tr|F0LJ92|F0LJ92_THEBM,tr|Q5JIT6|Q5JIT6_THEKO,80.571,0.9831460674157303,0.9831460674157303
tr|F0LHZ4|F0LHZ4_THEBM,tr|Q5JG66|Q5JG66_THEKO,61.983,0.97165991902834,0.983739837398374
tr|F0LLL6|F0LLL6_THEBM,tr|Q5JDC8|Q5JDC8_THEKO,77.083,0.9411764705882353,0.9696969696969697
tr|F0LIU3|F0LIU3_THEBM,tr|Q5JGC3|Q5JGC3_THEKO,66.977,1.0,1.0
tr|F0LJ66|F0LJ66_THEBM,tr|Q5JHG2|Q5JHG2_THEKO,80.46,0.9830508474576272,0.9942857142857143
tr|F0LLJ8|F0LLJ8_THEBM,sp|Q5JFK6|TYW31_THEKO,75.13,0.9846938775510204,0.9747474747474747
tr|F0LJ46|F0LJ46_THEBM,sp|Q5JH53|KHSE_THEKO,58.966,0.9830508474576272,0.9897260273972602
tr|F0LM63|F0LM63_THEBM,tr|Q5JHR1|Q5JHR1_THEKO,66.995,0.957345971563981,0.9620853080568721
tr|F0LL67|F0LL67_THEBM,tr|Q5JHA6|Q5JHA6_THEKO,54.639,0.9965034965034965,0.9965753424657534
tr|F0LHK3|F0LHK3_THEBM,tr|Q5JDM4|Q5JDM4_THEKO,67.662,1.0,1.0
tr|F0LJ19|F0LJ19_THEBM,tr|Q5JI58|Q5JI58_THEKO,38.942,0.9982517482517482,0.9983660130718954
tr|F0LII6|F0LII6_THEBM,tr|Q5JIF2|Q5JIF2_THEKO,65.072,0.95,0.9631336405529954
tr|F0LKU1|F0LKU1_THEBM,tr|Q5JGD3|Q5JGD3_THEKO,55.311,0.9535714285714286,0.974910394265233
tr|F0LMD8|F0LMD8_THEBM,tr|Q5JJB2|Q5JJB2_THEKO,44.663,0.9490616621983914,0.8298368298368298
tr|F0LL50|F0LL50_THEBM,tr|Q5JDN9|Q5JDN9_THEKO,64.319,1.0,1.0
tr|F0LM42|F0LM42_THEBM,tr|Q5JHB9|Q5JHB9_THEKO,51.78,1.0,0.9901960784313726
tr|F0LK21|F0LK21_THEBM,tr|Q5JHD5|Q5JHD5_THEKO,60.729,0.9840637450199203,0.96484375
tr|F0LL57|F0LL57_THEBM,tr|Q5JEM2|Q5JEM2_THEKO,46.176,1.0,1.0
tr|F0LMQ7|F0LMQ7_THEBM,tr|Q5JG05|Q5JG05_THEKO,66.822,0.9683257918552036,0.9724770642201835
tr|F0LKC1|F0LKC1_THEBM,tr|Q5JEP1|Q5JEP1_THEKO,55.357,1.0,1.0
tr|F0LM38|F0LM38_THEBM,tr|Q5JGL5|Q5JGL5_THEKO,56.87,0.9924242424242424,0.9961832061068703
tr|F0LHB2|F0LHB2_THEBM,sp|Q5JDH4|RL22_THEKO,88.462,1.0,1.0
tr|F0LJQ5|F0LJQ5_THEBM,tr|Q5JIM3|Q5JIM3_THEKO,76.923,0.9605911330049262,0.9605911330049262
tr|F0LKN8|F0LKN8_THEBM,tr|Q5JEM8|Q5JEM8_THEKO,44.513,0.9957537154989384,0.9958333333333333
tr|F0LHN7|F0LHN7_THEBM,tr|Q5JJC7|Q5JJC7_THEKO,57.197,0.9699248120300752,1.0
tr|F0LMW9|F0LMW9_THEBM,sp|Q5JGR7|NDK_THEKO,83.929,1.0,0.9597701149425287
tr|F0LHD7|F0LHD7_THEBM,tr|Q5JHT3|Q5JHT3_THEKO,83.529,0.9883720930232558,0.9883720930232558
tr|F0LM25|F0LM25_THEBM,sp|Q5JGJ4|RS15_THEKO,94.702,1.0,1.0
tr|F0LKT4|F0LKT4_THEBM,tr|Q5JGE0|Q5JGE0_THEKO,81.287,0.9827586206896551,0.9884393063583815
tr|F0LJC2|F0LJC2_THEBM,tr|Q5JJ75|Q5JJ75_THEKO,38.539,0.9900249376558603,1.0
tr|F0LGZ3|F0LGZ3_THEBM,tr|Q5JEG7|Q5JEG7_THEKO,58.515,0.9827586206896551,0.9786324786324786
tr|F0LK07|F0LK07_THEBM,sp|Q5JGN9|RIFK_THEKO,62.559,1.0,1.0
tr|F0LMA0|F0LMA0_THEBM,tr|Q5JHK4|Q5JHK4_THEKO,42.817,0.9971671388101983,0.9772727272727273
tr|F0LI08|F0LI08_THEBM,tr|Q5JHM8|Q5JHM8_THEKO,51.536,0.973421926910299,0.97
tr|F0LKY5|F0LKY5_THEBM,sp|Q5JEL5|PCP_THEKO,69.231,0.9798994974874372,0.9466019417475728
tr|F0LJ18|F0LJ18_THEBM,tr|Q5JI59|Q5JI59_THEKO,51.264,1.0,1.0
tr|F0LJG4|F0LJG4_THEBM,tr|Q5JG48|Q5JG48_THEKO,45.21,0.9046321525885559,0.9175824175824175
tr|F0LN24|F0LN24_THEBM,tr|Q5JH39|Q5JH39_THEKO,41.969,0.9820971867007673,0.9746835443037974
tr|F0LHL5|F0LHL5_THEBM,tr|Q5JJE5|Q5JJE5_THEKO,58.898,1.0,1.0
tr|F0LMG5|F0LMG5_THEBM,sp|Q6F4N1|DCHI_THEKO,49.635,1.0,1.0
tr|F0LKF5|F0LKF5_THEBM,tr|Q5JFY8|Q5JFY8_THEKO,60.987,0.9650655021834061,0.9291666666666667
tr|F0LMI1|F0LMI1_THEBM,sp|Q5JGM7|DEGLY_THEKO,81.928,1.0,1.0
tr|F0LIM3|F0LIM3_THEBM,tr|Q5JD89|Q5JD89_THEKO,72.727,0.9943502824858758,0.9513513513513514
tr|F0LIQ3|F0LIQ3_THEBM,sp|Q5JDG5|Y2033_THEKO,70.256,1.0,1.0
tr|F0LJE2|F0LJE2_THEBM,tr|Q5JFU5|Q5JFU5_THEKO,59.072,0.9793388429752066,0.9669421487603306
tr|F0LKL2|F0LKL2_THEBM,tr|Q5JES9|Q5JES9_THEKO,61.009,0.9559471365638766,0.956140350877193
tr|F0LJD5|F0LJD5_THEBM,sp|Q5JFT2|AROK_THEKO,59.41,1.0,1.0
tr|F0LMU2|F0LMU2_THEBM,sp|Q5JGN5|RS19E_THEKO,91.333,1.0,1.0
tr|F0LL56|F0LL56_THEBM,tr|Q5JJ10|Q5JJ10_THEKO,43.027,0.9405099150141643,0.9464788732394366
tr|F0LIP9|F0LIP9_THEBM,tr|Q5JDG2|Q5JDG2_THEKO,53.261,0.9387755102040817,0.9781818181818182
tr|F0LGZ5|F0LGZ5_THEBM,sp|Q5JEG5|TRM56_THEKO,78.235,0.9710982658959537,0.9444444444444444
tr|F0LL79|F0LL79_THEBM,tr|Q5JD58|Q5JD58_THEKO,75.243,1.0,1.0
tr|F0LJP2|F0LJP2_THEBM,tr|Q5JIN6|Q5JIN6_THEKO,79.268,0.9647058823529412,0.9704142011834319
tr|F0LL09|F0LL09_THEBM,tr|Q5JJ85|Q5JJ85_THEKO,58.515,1.0,0.987012987012987
tr|F0LI69|F0LI69_THEBM,sp|Q5JE20|RS12_THEKO,96.599,1.0,1.0
tr|F0LLG2|F0LLG2_THEBM,tr|Q5JIX8|Q5JIX8_THEKO,68.367,0.98,0.9948453608247423
tr|F0LLF7|F0LLF7_THEBM,tr|Q5JIY4|Q5JIY4_THEKO,83.626,0.9193548387096774,0.9
tr|F0LJ64|F0LJ64_THEBM,tr|Q5JHG0|Q5JHG0_THEKO,76.836,0.946524064171123,0.9619565217391305
tr|F0LMG2|F0LMG2_THEBM,tr|Q5JE55|Q5JE55_THEKO,62.443,1.0,0.9691629955947136
tr|F0LHZ3|F0LHZ3_THEBM,tr|Q5JG67|Q5JG67_THEKO,34.325,0.9136842105263158,0.9663677130044843
tr|F0LJY2|F0LJY2_THEBM,tr|Q5JHW1|Q5JHW1_THEKO,73.214,1.0,1.0
tr|F0LKA6|F0LKA6_THEBM,sp|Q5JCX1|MOAC_THEKO,89.474,0.9743589743589743,0.9743589743589743
tr|F0LM11|F0LM11_THEBM,tr|Q5JJ41|Q5JJ41_THEKO,74.595,1.0,1.0
tr|F0LLZ9|F0LLZ9_THEBM,tr|Q5JJ13|Q5JJ13_THEKO,48.138,0.9827586206896551,0.9631728045325779
tr|F0LIN6|F0LIN6_THEBM,tr|Q5JG45|Q5JG45_THEKO,70.0,0.9894736842105263,0.9844559585492227
tr|F0LKX1|F0LKX1_THEBM,tr|Q5JF36|Q5JF36_THEKO,64.115,0.9766355140186916,0.9587155963302753
tr|F0LJC7|F0LJC7_THEBM,tr|Q5JH52|Q5JH52_THEKO,44.915,0.958904109589041,0.9508196721311475
tr|F0LHJ3|F0LHJ3_THEBM,sp|Q5JFI4|PDAD_THEKO,84.076,1.0,1.0
tr|F0LK08|F0LK08_THEBM,sp|Q5JI47|NFI_THEKO,72.222,0.9473684210526315,0.9137055837563451
tr|F0LID4|F0LID4_THEBM,tr|Q5JHU7|Q5JHU7_THEKO,86.486,0.9801324503311258,0.8409090909090909
tr|F0LJZ4|F0LJZ4_THEBM,tr|Q5JHZ8|Q5JHZ8_THEKO,75.706,0.9567567567567568,0.9267015706806283
tr|F0LLC0|F0LLC0_THEBM,tr|Q5JED3|Q5JED3_THEKO,65.403,0.9766355140186916,0.9678899082568807
tr|F0LIS3|F0LIS3_THEBM,sp|Q5JDD5|TFE_THEKO,78.698,0.9883040935672515,0.9135135135135135
tr|F0LJK3|F0LJK3_THEBM,tr|A0ACM8PXE9|A0ACM8PXE9_THEKO,57.604,0.96875,0.9642857142857143
tr|F0LHM6|F0LHM6_THEBM,sp|Q5JJF6|RL13_THEKO,95.07,1.0,1.0
tr|F0LKZ2|F0LKZ2_THEBM,tr|Q5JDV5|Q5JDV5_THEKO,55.285,0.9959016393442623,0.9959514170040485
tr|F0LJF0|F0LJF0_THEBM,sp|Q5JFR6|HIS1_THEKO,68.473,0.9902439024390244,0.9901477832512315
tr|F0LIZ4|F0LIZ4_THEBM,tr|Q5JDZ2|Q5JDZ2_THEKO,78.613,0.9772727272727273,0.9774011299435028
tr|F0LH48|F0LH48_THEBM,tr|Q5JE44|Q5JE44_THEKO,62.617,0.981651376146789,0.9726027397260274
tr|F0LJT4|F0LJT4_THEBM,tr|Q5JHD0|Q5JHD0_THEKO,86.928,1.0,1.0
tr|F0LJ77|F0LJ77_THEBM,tr|Q5JFE3|Q5JFE3_THEKO,57.205,0.9956521739130435,0.926829268292683
tr|F0LKT9|F0LKT9_THEBM,tr|Q5JGD5|Q5JGD5_THEKO,72.376,0.9836956521739131,0.9890710382513661
tr|F0LM16|F0LM16_THEBM,tr|Q5JDR3|Q5JDR3_THEKO,54.386,0.957983193277311,0.9785407725321889
tr|F0LHI3|F0LHI3_THEBM,tr|Q5JFH2|Q5JFH2_THEKO,55.351,0.9962825278810409,0.9962825278810409
tr|F0LHA2|F0LHA2_THEBM,tr|Q5JIS1|Q5JIS1_THEKO,74.286,1.0,1.0
tr|F0LMP2|F0LMP2_THEBM,tr|Q5JH92|Q5JH92_THEKO,52.222,0.996268656716418,1.0
tr|F0LL83|F0LL83_THEBM,tr|Q5JD62|Q5JD62_THEKO,54.15,0.9730769230769231,1.0
tr|F0LJS8|F0LJS8_THEBM,tr|Q5JHC5|Q5JHC5_THEKO,80.247,0.8756756756756757,0.9818181818181818
tr|F0LK09|F0LK09_THEBM,tr|Q5JI46|Q5JI46_THEKO,64.039,0.9902439024390244,0.9854368932038835
tr|F0LK62|F0LK62_THEBM,tr|Q5JIX7|Q5JIX7_THEKO,73.81,0.9824561403508771,0.9710982658959537
tr|F0LH35|F0LH35_THEBM,tr|Q5JI89|Q5JI89_THEKO,47.445,1.0,0.9927536231884058
tr|F0LJJ3|F0LJJ3_THEBM,tr|Q5JE93|Q5JE93_THEKO,45.593,0.9508670520231214,0.996969696969697
tr|F0LKM3|F0LKM3_THEBM,sp|Q5JER1|Y1890_THEKO,77.401,0.917098445595855,0.9833333333333333
tr|F0LK92|F0LK92_THEBM,sp|Q5JEX8|IXTPA_THEKO,67.213,0.9945652173913043,0.9945652173913043
tr|F0LLF1|F0LLF1_THEBM,tr|Q5JDK6|Q5JDK6_THEKO,67.593,0.9818181818181818,0.9814814814814815
tr|F0LGX1|F0LGX1_THEBM,tr|Q5JED8|Q5JED8_THEKO,42.006,0.9937694704049844,0.9905956112852664
tr|F0LKQ6|F0LKQ6_THEBM,sp|Q5JF45|TRMY_THEKO,62.814,0.9900497512437811,1.0
tr|F0LLR5|F0LLR5_THEBM,tr|Q5JGI6|Q5JGI6_THEKO,75.0,0.9940476190476191,0.9943502824858758
tr|F0LM49|F0LM49_THEBM,tr|Q5JHP6|Q5JHP6_THEKO,77.108,0.9822485207100592,0.9879518072289156
tr|F0LHM1|F0LHM1_THEBM,sp|Q5JJF1|RS13_THEKO,87.671,0.9864864864864865,0.9798657718120806
tr|F0LL78|F0LL78_THEBM,tr|Q5JD57|Q5JD57_THEKO,76.471,1.0,1.0
tr|F0LHK7|F0LHK7_THEBM,sp|Q5JJG9|RL30_THEKO,81.935,1.0,1.0
tr|F0LL15|F0LL15_THEBM,tr|Q5JIM6|Q5JIM6_THEKO,73.684,0.9553072625698324,0.9243243243243243
tr|F0LMQ6|F0LMQ6_THEBM,tr|Q5JG04|Q5JG04_THEKO,93.617,0.986013986013986,0.9791666666666666
tr|F0LLD7|F0LLD7_THEBM,tr|Q5JJ08|Q5JJ08_THEKO,67.179,0.9556650246305419,0.9747474747474747
tr|F0LIX7|F0LIX7_THEBM,tr|Q5JHY4|Q5JHY4_THEKO,74.138,1.0,1.0
tr|F0LJW3|F0LJW3_THEBM,tr|Q5JD46|Q5JD46_THEKO,41.04,0.9798850574712644,0.9333333333333333
tr|F0LHM7|F0LHM7_THEBM,sp|Q5JJE2|RS9_THEKO,94.074,1.0,1.0
tr|F0LI15|F0LI15_THEBM,sp|Q5JH33|SPT5_THEKO,84.211,1.0,1.0
tr|F0LH92|F0LH92_THEBM,tr|Q5JIT3|Q5JIT3_THEKO,74.706,1.0,1.0
tr|F0LK59|F0LK59_THEBM,sp|Q5JHE8|COAD_THEKO,86.184,0.9806451612903225,0.9212121212121213
tr|F0LL44|F0LL44_THEBM,sp|Q5JHH2|Y2151_THEKO,83.444,0.9805194805194806,1.0
tr|F0LI68|F0LI68_THEBM,tr|Q5JE36|Q5JE36_THEKO,87.586,1.0,1.0
tr|F0LIK0|F0LIK0_THEBM,tr|Q5JHB1|Q5JHB1_THEKO,75.152,0.8967391304347826,0.9821428571428571
tr|F0LHI8|F0LHI8_THEBM,tr|Q5JGT1|Q5JGT1_THEKO,51.923,0.9848484848484849,0.9772727272727273
tr|F0LL10|F0LL10_THEBM,tr|Q5JJ86|Q5JJ86_THEKO,61.576,0.9660194174757282,0.9712918660287081
tr|F0LHM3|F0LHM3_THEBM,sp|Q5JJF3|RS11_THEKO,92.857,1.0,1.0
tr|F0LLF0|F0LLF0_THEBM,tr|Q5JDM9|Q5JDM9_THEKO,69.565,0.968421052631579,0.994535519125683
tr|F0LH95|F0LH95_THEBM,sp|Q5JIT0|IF2B_THEKO,89.051,0.9256756756756757,0.9647887323943662
tr|F0LHD9|F0LHD9_THEBM,tr|Q5JDB2|Q5JDB2_THEKO,64.615,0.8940092165898618,0.975
tr|F0LK93|F0LK93_THEBM,tr|Q5JEV2|Q5JEV2_THEKO,83.562,0.9733333333333334,0.9733333333333334
tr|F0LHR8|F0LHR8_THEBM,tr|Q5JF79|Q5JF79_THEKO,38.764,1.0,0.8934010152284264
tr|F0LLD0|F0LLD0_THEBM,tr|Q5JEC2|Q5JEC2_THEKO,34.307,0.9762470308788599,0.9879807692307693
tr|F0LI21|F0LI21_THEBM,sp|Q5JH10|DCD_THEKO,79.87,0.9808917197452229,0.9935483870967742
tr|F0LJZ1|F0LJZ1_THEBM,tr|Q5JI26|Q5JI26_THEKO,65.957,0.8826291079812206,0.9740932642487047
tr|F0LM90|F0LM90_THEBM,sp|Q5JFX3|KPTA_THEKO,69.714,0.813953488372093,0.9722222222222222
tr|F0LMS1|F0LMS1_THEBM,tr|Q5JED0|Q5JED0_THEKO,64.894,1.0,0.9947089947089947
tr|F0LJR9|F0LJR9_THEBM,tr|Q5JEV1|Q5JEV1_THEKO,62.0,0.9216589861751152,0.9212962962962963
tr|F0LL22|F0LL22_THEBM,sp|Q5JHF4|PYRE_THEKO,75.145,0.9505494505494505,0.9297297297297298
tr|F0LM50|F0LM50_THEBM,sp|Q5JHP5|ENDA_THEKO,71.856,0.9766081871345029,0.9940476190476191
tr|F0LM10|F0LM10_THEBM,tr|Q5JJ42|Q5JJ42_THEKO,82.468,1.0,1.0
tr|F0LLD2|F0LLD2_THEBM,tr|Q5JEA3|Q5JEA3_THEKO,83.099,0.9861111111111112,1.0
tr|F0LH73|F0LH73_THEBM,tr|Q5JDI3|Q5JDI3_THEKO,60.622,0.9796954314720813,0.9948186528497409
tr|F0LMH1|F0LMH1_THEBM,tr|Q5JFG4|Q5JFG4_THEKO,72.289,0.9880952380952381,0.9651162790697675
tr|F0LIV2|F0LIV2_THEBM,tr|Q5JGC6|Q5JGC6_THEKO,72.093,0.9885057471264368,0.9883720930232558
tr|F0LLE9|F0LLE9_THEBM,tr|Q5JDN7|Q5JDN7_THEKO,83.117,1.0,1.0
tr|F0LIZ5|F0LIZ5_THEBM,tr|Q5JDZ8|Q5JDZ8_THEKO,55.217,0.9956709956709957,0.9870689655172413
tr|F0LM30|F0LM30_THEBM,tr|Q5JGM0|Q5JGM0_THEKO,55.844,0.9746835443037974,0.9746835443037974
tr|F0LJI8|F0LJI8_THEBM,tr|Q5JGA6|Q5JGA6_THEKO,75.882,1.0,1.0
tr|F0LHW0|F0LHW0_THEBM,tr|Q5JH48|Q5JH48_THEKO,43.323,0.8701298701298701,0.9098360655737705
tr|F0LM51|F0LM51_THEBM,tr|Q5JHP4|Q5JHP4_THEKO,47.212,0.988929889298893,0.956989247311828
tr|F0LHZ1|F0LHZ1_THEBM,tr|Q5JHY1|Q5JHY1_THEKO,68.182,0.9943502824858758,0.9723756906077348
tr|F0LMI0|F0LMI0_THEBM,tr|Q5JGP3|Q5JGP3_THEKO,82.119,1.0,1.0
tr|F0LHC3|F0LHC3_THEBM,sp|Q5JJG3|RS8_THEKO,94.615,1.0,1.0
tr|F0LIE3|F0LIE3_THEBM,tr|Q5JHV6|Q5JHV6_THEKO,72.024,1.0,1.0
tr|F0LMI8|F0LMI8_THEBM,tr|Q5JFM7|Q5JFM7_THEKO,47.703,0.9964664310954063,0.950530035335689
tr|F0LIY4|F0LIY4_THEBM,tr|Q5JF11|Q5JF11_THEKO,74.854,1.0,1.0
tr|F0LJN2|F0LJN2_THEBM,sp|Q5JDS0|AATE_THEKO,64.532,1.0,1.0
tr|F0LIF3|F0LIF3_THEBM,sp|Q5JGV3|Y1335_THEKO,86.957,0.9928057553956835,1.0
tr|F0LK12|F0LK12_THEBM,sp|Q5JG26|KAD6_THEKO,68.927,0.9833333333333333,1.0
tr|F0LMB9|F0LMB9_THEBM,sp|Q5JDJ9|PSB1_THEKO,64.045,0.9834254143646409,0.8768472906403941
tr|F0LME0|F0LME0_THEBM,tr|Q5JG53|Q5JG53_THEKO,74.359,0.9512195121951219,0.9230769230769231
tr|F0LJI1|F0LJI1_THEBM,tr|Q5JCY5|Q5JCY5_THEKO,64.433,0.9947368421052631,0.8778280542986425
tr|F0LIW3|F0LIW3_THEBM,tr|Q5JHE5|Q5JHE5_THEKO,79.87,0.9935483870967742,0.95625
tr|F0LGZ0|F0LGZ0_THEBM,tr|Q5JEG9|Q5JEG9_THEKO,64.737,1.0,1.0
tr|F0LJE8|F0LJE8_THEBM,tr|Q5JFT0|Q5JFT0_THEKO,75.141,1.0,0.9943502824858758
tr|F0LK95|F0LK95_THEBM,tr|Q5JF29|Q5JF29_THEKO,64.407,0.9725274725274725,1.0
tr|F0LH55|F0LH55_THEBM,sp|Q5JI42|IF5A_THEKO,89.706,1.0,1.0
tr|F0LIY9|F0LIY9_THEBM,tr|Q5JF77|Q5JF77_THEKO,70.69,1.0,1.0
tr|F0LH93|F0LH93_THEBM,tr|Q5JIT2|Q5JIT2_THEKO,69.325,0.9939024390243902,0.9939024390243902
tr|F0LIT9|F0LIT9_THEBM,tr|Q5JGC0|Q5JGC0_THEKO,51.695,0.963265306122449,0.9787234042553191
tr|F0LM65|F0LM65_THEBM,tr|Q5JHQ9|Q5JHQ9_THEKO,58.095,0.9051724137931034,0.8786610878661087
tr|F0LN09|F0LN09_THEBM,tr|Q5JCX9|Q5JCX9_THEKO,58.416,1.0,1.0
tr|F0LJS7|F0LJS7_THEBM,tr|Q5JHC4|Q5JHC4_THEKO,81.875,0.9142857142857143,0.9518072289156626
tr|F0LI16|F0LI16_THEBM,sp|Q5JH34|RL11_THEKO,81.481,0.9817073170731707,0.9818181818181818
tr|F0LHK4|F0LHK4_THEBM,sp|Q5JJG6|RL19E_THEKO,81.208,0.9933333333333333,0.9933333333333333
tr|F0LHF8|F0LHF8_THEBM,tr|Q5JFF8|Q5JFF8_THEKO,73.529,0.8835978835978836,0.9444444444444444
tr|F0LL71|F0LL71_THEBM,tr|Q5JED4|Q5JED4_THEKO,56.164,0.9776785714285714,1.0
tr|F0LL18|F0LL18_THEBM,tr|Q5JHF8|Q5JHF8_THEKO,82.27,1.0,1.0
tr|F0LM60|F0LM60_THEBM,tr|Q5JHN4|Q5JHN4_THEKO,49.206,1.0,1.0
tr|F0LM67|F0LM67_THEBM,tr|Q5JHQ7|Q5JHQ7_THEKO,70.701,1.0,0.9936708860759493
tr|F0LIY0|F0LIY0_THEBM,tr|Q5JHZ6|Q5JHZ6_THEKO,76.19,0.8802395209580839,0.9932432432432432
tr|F0LLF9|F0LLF9_THEBM,sp|Q5JIY7|DPCKG_THEKO,67.797,0.9833333333333333,0.9943502824858758
tr|F0LMT2|F0LMT2_THEBM,tr|Q5JFR3|Q5JFR3_THEKO,33.215,0.9612546125461254,0.9010416666666666
tr|F0LK74|F0LK74_THEBM,sp|Q5JEX0|CDPAS_THEKO,67.857,1.0,0.9824561403508771
tr|F0LKL6|F0LKL6_THEBM,tr|Q5JFI3|Q5JFI3_THEKO,56.842,0.9313725490196079,0.9547738693467337
tr|F0LKT1|F0LKT1_THEBM,sp|Q5JDJ4|NIKR_THEKO,81.752,0.9856115107913669,0.9927536231884058
tr|F0LMJ6|F0LMJ6_THEBM,tr|Q5JF41|Q5JF41_THEKO,71.91,0.9888268156424581,0.9943502824858758
tr|F0LM86|F0LM86_THEBM,tr|Q5JHR9|Q5JHR9_THEKO,53.2,0.9459459459459459,0.9536679536679536
tr|F0LID8|F0LID8_THEBM,tr|Q5JHV1|Q5JHV1_THEKO,83.562,0.9864864864864865,0.9798657718120806
tr|F0LJN9|F0LJN9_THEBM,sp|Q5JDS7|SPEH_THEKO,80.147,0.9855072463768116,0.9440559440559441
tr|F0LK48|F0LK48_THEBM,tr|Q5JDR7|Q5JDR7_THEKO,69.492,0.9833333333333333,0.9312169312169312
tr|F0LJP4|F0LJP4_THEBM,tr|Q5JIN7|Q5JIN7_THEKO,66.467,0.9763313609467456,0.9881656804733728
tr|F0LKP5|F0LKP5_THEBM,tr|Q5JEN4|Q5JEN4_THEKO,68.485,1.0,1.0
tr|F0LGZ4|F0LGZ4_THEBM,tr|Q5JEG6|Q5JEG6_THEKO,68.75,1.0,0.9312169312169312
tr|F0LHF7|F0LHF7_THEBM,tr|Q5JFF9|Q5JFF9_THEKO,70.732,0.9879518072289156,0.9644970414201184
tr|F0LK47|F0LK47_THEBM,tr|Q5JDR6|Q5JDR6_THEKO,39.266,0.9860724233983287,0.9915730337078652
tr|F0LIF5|F0LIF5_THEBM,sp|Q5JGV4|Y1334_THEKO,59.669,0.9731182795698925,0.9783783783783784
tr|F0LMK8|F0LMK8_THEBM,tr|Q5JF52|Q5JF52_THEKO,72.667,0.9867549668874173,0.974025974025974
tr|F0LLM8|F0LLM8_THEBM,tr|Q5JGH2|Q5JGH2_THEKO,58.242,1.0,1.0
tr|F0LK17|F0LK17_THEBM,tr|Q5JHD1|Q5JHD1_THEKO,58.549,0.9601990049751243,0.9846153846153847
tr|F0LKP3|F0LKP3_THEBM,tr|Q5JEN3|Q5JEN3_THEKO,69.182,1.0,1.0
tr|F0LJX5|F0LJX5_THEBM,tr|A0ACM8PXE6|A0ACM8PXE6_THEKO,76.351,0.9932885906040269,1.0
tr|F0LJ62|F0LJ62_THEBM,tr|Q5JFE6|Q5JFE6_THEKO,80.0,0.8766233766233766,0.9183673469387755
tr|F0LMN1|F0LMN1_THEBM,tr|Q5JG27|Q5JG27_THEKO,75.0,0.9135802469135802,0.8314606741573034
tr|F0LIP8|F0LIP8_THEBM,sp|Q5JFJ9|GCSH_THEKO,87.313,1.0,1.0
tr|F0LMF6|F0LMF6_THEBM,tr|Q5JG01|Q5JG01_THEKO,42.308,0.9248366013071896,0.9222614840989399
tr|F0LI10|F0LI10_THEBM,sp|Q5JHN0|PYRI_THEKO,74.324,0.9801324503311258,0.9736842105263158
tr|F0LH51|F0LH51_THEBM,tr|Q5JEL8|Q5JEL8_THEKO,63.793,0.9717514124293786,0.8446601941747572
tr|F0LJA3|F0LJA3_THEBM,tr|Q5JIU7|Q5JIU7_THEKO,71.429,0.9865771812080537,0.9483870967741935
tr|F0LKM5|F0LKM5_THEBM,tr|Q5JER8|Q5JER8_THEKO,61.202,0.9891891891891892,0.9891891891891892
tr|F0LN12|F0LN12_THEBM,tr|Q5JCY3|Q5JCY3_THEKO,59.067,0.9747474747474747,1.0
tr|F0LKX8|F0LKX8_THEBM,tr|Q5JDZ3|Q5JDZ3_THEKO,55.417,0.952191235059761,0.9876543209876543
tr|F0LIG4|F0LIG4_THEBM,tr|Q5JJE0|Q5JJE0_THEKO,64.78,0.9518072289156626,0.9190751445086706
tr|F0LHZ7|F0LHZ7_THEBM,tr|Q5JII2|Q5JII2_THEKO,63.006,0.9942528735632183,0.9942528735632183
tr|F0LHB1|F0LHB1_THEBM,sp|Q5JDH3|RS19_THEKO,84.211,1.0,1.0
tr|F0LH45|F0LH45_THEBM,tr|Q5JI35|Q5JI35_THEKO,71.154,1.0,1.0
tr|F0LL63|F0LL63_THEBM,tr|Q5JDZ6|Q5JDZ6_THEKO,43.789,1.0,1.0
tr|F0LKV2|F0LKV2_THEBM,sp|Q5JGF3|RS8E_THEKO,89.231,0.9923664122137404,1.0
tr|F0LMW5|F0LMW5_THEBM,sp|Q5JGR3|RL7A_THEKO,95.122,0.924812030075188,1.0
tr|F0LMQ8|F0LMQ8_THEBM,sp|Q5JI98|NTPPA_THEKO,59.563,0.9731182795698925,0.973404255319149
tr|F0LIN2|F0LIN2_THEBM,tr|Q5JE01|Q5JE01_THEKO,69.186,0.9885057471264368,1.0
tr|F0LKG5|F0LKG5_THEBM,tr|Q5JDA3|Q5JDA3_THEKO,45.52,0.9680851063829787,1.0
tr|F0LJE0|F0LJE0_THEBM,tr|Q5JFT7|Q5JFT7_THEKO,49.793,0.9195402298850575,0.921875
tr|F0LLM6|F0LLM6_THEBM,tr|Q5JGH3|Q5JGH3_THEKO,66.447,0.9934640522875817,0.9934640522875817
tr|F0LLI6|F0LLI6_THEBM,tr|Q5JEZ9|Q5JEZ9_THEKO,31.028,0.992818671454219,0.9855595667870036
tr|F0LLN3|F0LLN3_THEBM,tr|Q5JGG8|Q5JGG8_THEKO,55.042,0.9875518672199171,0.9793388429752066
tr|F0LIM5|F0LIM5_THEBM,tr|Q5JD91|Q5JD91_THEKO,68.639,0.9710982658959537,0.976878612716763
tr|F0LMQ4|F0LMQ4_THEBM,tr|Q5JG02|Q5JG02_THEKO,87.023,0.9849624060150376,0.9924242424242424
tr|F0LLF5|F0LLF5_THEBM,tr|Q5JDL4|Q5JDL4_THEKO,78.519,0.9926470588235294,0.9642857142857143
tr|F0LHD6|F0LHD6_THEBM,sp|Q5JHT4|RIBL_THEKO,75.0,0.9866666666666667,0.9932885906040269
tr|F0LHC5|F0LHC5_THEBM,sp|Q5JJG5|RL32_THEKO,89.6,0.9920634920634921,0.9920634920634921
tr|F0LMC8|F0LMC8_THEBM,tr|Q5JGP9|Q5JGP9_THEKO,42.105,0.9710982658959537,0.9415041782729805
tr|F0LMB3|F0LMB3_THEBM,tr|Q5JDK0|Q5JDK0_THEKO,49.18,1.0,1.0
tr|F0LJH2|F0LJH2_THEBM,tr|Q5JF19|Q5JF19_THEKO,83.333,1.0,1.0
tr|F0LML8|F0LML8_THEBM,tr|Q5JDX8|Q5JDX8_THEKO,71.831,0.9659863945578231,1.0
tr|F0LL99|F0LL99_THEBM,tr|Q5JI61|Q5JI61_THEKO,48.372,1.0,0.8801652892561983
tr|F0LLC2|F0LLC2_THEBM,tr|Q5JEB7|Q5JEB7_THEKO,59.89,1.0,0.9783783783783784
tr|F0LH82|F0LH82_THEBM,tr|Q5JIY6|Q5JIY6_THEKO,42.756,0.9964028776978417,0.9929577464788732
tr|F0LJ13|F0LJ13_THEBM,tr|Q5JF01|Q5JF01_THEKO,73.881,0.9781021897810219,0.9054054054054054
tr|F0LMU1|F0LMU1_THEBM,tr|Q5JGN6|Q5JGN6_THEKO,83.088,0.9855072463768116,0.9926470588235294
tr|F0LMP0|F0LMP0_THEBM,sp|Q5JH90|Y790_THEKO,75.352,0.9929577464788732,0.9861111111111112
tr|F0LH17|F0LH17_THEBM,tr|Q5JFS4|Q5JFS4_THEKO,44.406,0.8352941176470589,0.8942307692307693
tr|F0LJF7|F0LJF7_THEBM,tr|Q5JDX2|Q5JDX2_THEKO,46.183,0.9811320754716981,0.9775280898876404
tr|F0LK40|F0LK40_THEBM,tr|Q5JDQ4|Q5JDQ4_THEKO,54.271,0.9212962962962963,0.9166666666666666
tr|F0LHB8|F0LHB8_THEBM,sp|Q5JJF8|RL14_THEKO,89.928,0.9652777777777778,0.9858156028368794
tr|F0LJD3|F0LJD3_THEBM,sp|Q5JFV1|AROD_THEKO,50.704,0.9814814814814815,1.0
tr|F0LKG4|F0LKG4_THEBM,tr|Q5JDA4|Q5JDA4_THEKO,65.294,0.9770114942528736,1.0
tr|F0LIA7|F0LIA7_THEBM,tr|Q5JI39|Q5JI39_THEKO,68.456,1.0,1.0
tr|F0LHM5|F0LHM5_THEBM,sp|Q5JJF5|RL18E_THEKO,90.0,1.0,0.9917355371900827
tr|F0LJ63|F0LJ63_THEBM,tr|Q5JHF9|Q5JHF9_THEKO,52.88,0.9744897959183674,0.984375
tr|F0LJ11|F0LJ11_THEBM,tr|Q5JHQ5|Q5JHQ5_THEKO,51.795,0.9701492537313433,0.9556650246305419
tr|F0LL53|F0LL53_THEBM,tr|Q5JDK5|Q5JDK5_THEKO,51.429,0.9502262443438914,0.963302752293578
tr|F0LH43|F0LH43_THEBM,tr|Q5JEA0|Q5JEA0_THEKO,78.049,0.9700598802395209,0.9634146341463414
tr|F0LKB9|F0LKB9_THEBM,sp|Q5JCY8|ARCH_THEKO,76.761,0.9861111111111112,1.0
tr|F0LJJ4|F0LJJ4_THEBM,tr|Q5JE92|Q5JE92_THEKO,69.032,0.9872611464968153,0.9685534591194969
tr|F0LHF6|F0LHF6_THEBM,tr|Q5JFK2|Q5JFK2_THEKO,77.037,1.0,1.0
tr|F0LKW7|F0LKW7_THEBM,tr|Q5JF23|Q5JF23_THEKO,61.988,1.0,1.0
tr|F0LKS6|F0LKS6_THEBM,tr|Q5JF16|Q5JF16_THEKO,69.333,1.0,1.0
tr|F0LLT6|F0LLT6_THEBM,tr|Q5JJ23|Q5JJ23_THEKO,36.828,0.994535519125683,0.9860724233983287
tr|F0LLL4|F0LLL4_THEBM,tr|Q5JDC6|Q5JDC6_THEKO,71.429,0.9722222222222222,0.9790209790209791
tr|F0LIJ3|F0LIJ3_THEBM,tr|Q5JIC9|Q5JIC9_THEKO,50.42,0.9558232931726908,0.9827586206896551
tr|F0LIM4|F0LIM4_THEBM,tr|Q5JD90|Q5JD90_THEKO,63.75,1.0,1.0
tr|F0LLU2|F0LLU2_THEBM,tr|Q5JFN3|Q5JFN3_THEKO,74.522,0.9691358024691358,0.9691358024691358
sp|F0LIT8|OGT_THEBM,sp|O74023|OGT_THEKO,60.0,1.0,1.0
tr|F0LMF5|F0LMF5_THEBM,sp|Q5JIH9|MOBA_THEKO,54.497,0.9895287958115183,0.9353233830845771
tr|F0LML0|F0LML0_THEBM,tr|Q5JHD7|Q5JHD7_THEKO,58.434,0.9822485207100592,0.8829787234042553
tr|F0LI83|F0LI83_THEBM,tr|Q5JHL4|Q5JHL4_THEKO,53.886,0.9948453608247423,0.9227053140096618
tr|F0LLA0|F0LLA0_THEBM,tr|Q5JDZ1|Q5JDZ1_THEKO,70.0,0.9863945578231292,0.974025974025974
tr|F0LM87|F0LM87_THEBM,tr|Q5JHR8|Q5JHR8_THEKO,77.686,1.0,1.0
tr|F0LLN6|F0LLN6_THEBM,tr|Q5JI37|Q5JI37_THEKO,60.494,0.9310344827586207,0.9817073170731707
tr|F0LH33|F0LH33_THEBM,tr|Q5JFY3|Q5JFY3_THEKO,65.333,0.9605263157894737,0.974025974025974
tr|F0LK66|F0LK66_THEBM,tr|Q5JEW6|Q5JEW6_THEKO,38.095,0.9765395894428153,0.9706744868035191
tr|F0LKV7|F0LKV7_THEBM,sp|Q5JGF0|Y1194_THEKO,85.0,0.9224806201550387,0.916030534351145
tr|F0LLH4|F0LLH4_THEBM,tr|Q5JIV8|Q5JIV8_THEKO,44.488,0.9803921568627451,0.992
tr|F0LHB9|F0LHB9_THEBM,sp|Q5JJF9|RL24_THEKO,83.333,1.0,0.9917355371900827
tr|F0LIG8|F0LIG8_THEBM,tr|Q5JJD7|Q5JJD7_THEKO,67.347,1.0,0.9865771812080537
tr|F0LIX4|F0LIX4_THEBM,tr|Q5JF31|Q5JF31_THEKO,59.896,0.9894736842105263,0.9893617021276596
tr|F0LHP8|F0LHP8_THEBM,tr|Q5JH46|Q5JH46_THEKO,64.238,1.0,1.0
tr|F0LK49|F0LK49_THEBM,tr|Q5JDG1|Q5JDG1_THEKO,64.024,0.9681528662420382,1.0
tr|F0LHE6|F0LHE6_THEBM,sp|Q5JEY0|DHYS_THEKO,37.248,0.8885448916408669,0.8694362017804155
tr|F0LLV1|F0LLV1_THEBM,tr|Q5JD07|Q5JD07_THEKO,73.723,0.9927536231884058,0.9927536231884058
tr|F0LLF3|F0LLF3_THEBM,sp|Q5JDK8|RS6E_THEKO,78.4,1.0,1.0
tr|F0LL70|F0LL70_THEBM,tr|Q5JD98|Q5JD98_THEKO,85.841,1.0,1.0
tr|F0LL75|F0LL75_THEBM,sp|Q5JDB8|PTH_THEKO,84.746,1.0,1.0
tr|F0LM31|F0LM31_THEBM,tr|Q5JGL9|Q5JGL9_THEKO,63.758,1.0,0.9933333333333333
tr|F0LK73|F0LK73_THEBM,tr|Q5JFL2|Q5JFL2_THEKO,61.078,0.9542857142857143,0.9120879120879121
tr|F0LJZ2|F0LJZ2_THEBM,tr|Q5JI12|Q5JI12_THEKO,79.851,0.881578947368421,0.9781021897810219
tr|F0LHT9|F0LHT9_THEBM,sp|Q5JIH3|HYPA_THEKO,71.324,0.9855072463768116,0.9784172661870504
tr|F0LIE1|F0LIE1_THEBM,tr|Q5JHV4|Q5JHV4_THEKO,82.927,0.968503937007874,0.975609756097561
tr|F0LJW5|F0LJW5_THEBM,tr|Q5JD50|Q5JD50_THEKO,58.385,0.8256410256410256,0.8256410256410256
tr|F0LHF9|F0LHF9_THEBM,tr|Q5JFF5|Q5JFF5_THEKO,69.853,0.9925373134328358,0.9855072463768116
tr|F0LHL1|F0LHL1_THEBM,tr|Q5JJH3|Q5JJH3_THEKO,57.143,1.0,1.0
tr|F0LJS6|F0LJS6_THEBM,tr|Q5JI20|Q5JI20_THEKO,42.712,0.9605263157894737,0.9389067524115756
tr|F0LLQ5|F0LLQ5_THEBM,tr|Q5JGG1|Q5JGG1_THEKO,59.064,0.9826589595375722,0.943502824858757
tr|F0LLD6|F0LLD6_THEBM,tr|Q5JJ09|Q5JJ09_THEKO,58.602,0.9836956521739131,0.9832402234636871
tr|F0LHQ2|F0LHQ2_THEBM,sp|Q5JJ62|RNP2_THEKO,78.151,1.0,0.9916666666666667
tr|F0LJ00|F0LJ00_THEBM,tr|Q5JE53|Q5JE53_THEKO,59.067,1.0,1.0
tr|F0LH59|F0LH59_THEBM,tr|Q5JI13|Q5JI13_THEKO,53.125,0.9402985074626866,0.9685863874345549
tr|F0LKC2|F0LKC2_THEBM,sp|Q5JFZ5|RS10_THEKO,96.078,1.0,1.0
tr|F0LL96|F0LL96_THEBM,tr|Q5JG43|Q5JG43_THEKO,72.667,0.967741935483871,0.9803921568627451
tr|F0LI97|F0LI97_THEBM,tr|Q5JHI4|Q5JHI4_THEKO,65.0,0.93717277486911,0.9222797927461139
tr|F0LIY6|F0LIY6_THEBM,sp|Q5JF09|SOR_THEKO,77.391,1.0,1.0
tr|F0LIQ9|F0LIQ9_THEBM,tr|Q5JIK5|Q5JIK5_THEKO,56.0,0.9943181818181818,0.9887005649717514
tr|F0LIS9|F0LIS9_THEBM,tr|Q5JIJ8|Q5JIJ8_THEKO,87.619,1.0,1.0
tr|F0LL54|F0LL54_THEBM,tr|Q5JJ12|Q5JJ12_THEKO,34.821,0.9504373177842566,0.99375
tr|F0LM20|F0LM20_THEBM,tr|Q5JGJ9|Q5JGJ9_THEKO,50.82,0.973404255319149,1.0
tr|F0LKG9|F0LKG9_THEBM,tr|Q5JGE8|Q5JGE8_THEKO,53.892,1.0,1.0
tr|F0LLG7|F0LLG7_THEBM,tr|Q5JIV1|Q5JIV1_THEKO,56.931,0.9619047619047619,0.9901960784313726
tr|F0LIV4|F0LIV4_THEBM,tr|Q5JEM4|Q5JEM4_THEKO,45.089,0.9696969696969697,0.9734513274336283
tr|F0LI06|F0LI06_THEBM,tr|Q5JHM7|Q5JHM7_THEKO,75.758,0.9777777777777777,0.9635036496350365
tr|F0LJ25|F0LJ25_THEBM,sp|Q5JI51|RL21_THEKO,98.969,1.0,0.9897959183673469
tr|F0LID7|F0LID7_THEBM,tr|Q5JHV0|Q5JHV0_THEKO,80.0,1.0,1.0
tr|F0LMW3|F0LMW3_THEBM,sp|Q5JEC9|RNP4_THEKO,78.448,0.9133858267716536,0.8787878787878788
tr|F0LIZ3|F0LIZ3_THEBM,tr|Q5JDZ0|Q5JDZ0_THEKO,61.644,0.9125,0.9240506329113924
tr|F0LML9|F0LML9_THEBM,tr|Q5JDX7|Q5JDX7_THEKO,78.125,0.9696969696969697,0.9333333333333333
tr|F0LIY7|F0LIY7_THEBM,tr|Q5JF07|Q5JF07_THEKO,80.702,0.9743589743589743,0.9743589743589743
tr|F0LHB7|F0LHB7_THEBM,sp|Q5JDH9|RS17_THEKO,80.556,0.972972972972973,0.9473684210526315
tr|F0LK18|F0LK18_THEBM,tr|Q5JHD2|Q5JHD2_THEKO,60.479,0.8226600985221675,0.9763313609467456
tr|F0LIA1|F0LIA1_THEBM,tr|Q5JHI6|Q5JHI6_THEKO,45.413,0.9730941704035875,0.9680365296803652
tr|F0LME1|F0LME1_THEBM,tr|Q5JG74|Q5JG74_THEKO,69.531,0.9694656488549618,0.920863309352518
tr|F0LL55|F0LL55_THEBM,tr|Q5JJ11|Q5JJ11_THEKO,38.158,0.9659863945578231,0.9555555555555556
tr|F0LJN3|F0LJN3_THEBM,tr|Q5JDS1|Q5JDS1_THEKO,86.957,1.0,1.0
tr|F0LKN7|F0LKN7_THEBM,tr|Q5JEM7|Q5JEM7_THEKO,83.333,0.9557522123893806,0.9818181818181818
tr|F0LIT2|F0LIT2_THEBM,tr|Q5JIK1|Q5JIK1_THEKO,80.952,1.0,1.0
tr|F0LKT8|F0LKT8_THEBM,sp|Q5JGD6|AMZA_THEKO,52.747,0.972972972972973,0.956989247311828
tr|F0LKG1|F0LKG1_THEBM,tr|Q5JDA6|Q5JDA6_THEKO,28.512,0.9716024340770791,0.9772727272727273
tr|F0LIR2|F0LIR2_THEBM,tr|Q5JEW0|Q5JEW0_THEKO,54.737,0.95,0.949748743718593
tr|F0LKY9|F0LKY9_THEBM,tr|Q5JDV4|Q5JDV4_THEKO,48.768,0.995,1.0
tr|F0LLC7|F0LLC7_THEBM,tr|Q5JFQ3|Q5JFQ3_THEKO,64.539,0.9205298013245033,0.9527027027027027
tr|F0LJU2|F0LJU2_THEBM,sp|Q5JH78|IF1A_THEKO,77.586,1.0,0.9914529914529915
tr|F0LM22|F0LM22_THEBM,sp|Q5JGJ7|PMDHS_THEKO,70.229,0.9776119402985075,0.9849624060150376
tr|F0LHJ5|F0LHJ5_THEBM,tr|Q5JDL6|Q5JDL6_THEKO,69.697,0.9777777777777777,0.9777777777777777
tr|F0LIJ5|F0LIJ5_THEBM,tr|Q5JID1|Q5JID1_THEKO,28.601,1.0,0.9872340425531915
tr|F0LI38|F0LI38_THEBM,tr|Q5JGC9|Q5JGC9_THEKO,60.123,0.9760479041916168,0.9878048780487805
tr|F0LJ70|F0LJ70_THEBM,tr|Q5JFL0|Q5JFL0_THEKO,35.511,0.9943502824858758,0.9886685552407932
tr|F0LM05|F0LM05_THEBM,tr|Q5JDW1|Q5JDW1_THEKO,49.749,1.0,1.0
tr|F0LI30|F0LI30_THEBM,tr|Q5JFQ9|Q5JFQ9_THEKO,33.933,0.9584487534626038,0.937046004842615
tr|F0LH29|F0LH29_THEBM,tr|A0ACM8PXE4|A0ACM8PXE4_THEKO,62.59,0.9205298013245033,0.9455782312925171
tr|F0LLR3|F0LLR3_THEBM,tr|Q5JGI8|Q5JGI8_THEKO,74.38,0.9448818897637795,0.9307692307692308
tr|F0LMI6|F0LMI6_THEBM,tr|Q5JFM5|Q5JFM5_THEKO,66.418,1.0,0.9852941176470589
tr|F0LKM6|F0LKM6_THEBM,tr|Q5JEQ3|Q5JEQ3_THEKO,90.099,1.0,1.0
tr|F0LN58|F0LN58_THEBM,tr|Q5JG36|Q5JG36_THEKO,57.534,1.0,1.0
tr|F0LJJ7|F0LJJ7_THEBM,tr|Q5JE89|Q5JE89_THEKO,66.412,1.0,0.9849624060150376
tr|F0LJG1|F0LJG1_THEBM,tr|Q5JDX1|Q5JDX1_THEKO,63.971,1.0,1.0
tr|F0LIA9|F0LIA9_THEBM,tr|Q5JI41|Q5JI41_THEKO,49.724,1.0,1.0
tr|F0LLE4|F0LLE4_THEBM,tr|Q5JDN4|Q5JDN4_THEKO,65.873,1.0,1.0
tr|F0LM08|F0LM08_THEBM,tr|Q5JJ44|Q5JJ44_THEKO,62.5,0.9863013698630136,0.9862068965517241
tr|F0LJ24|F0LJ24_THEBM,tr|Q5JI52|Q5JI52_THEKO,75.439,0.95,0.991304347826087
tr|F0LHU1|F0LHU1_THEBM,tr|Q5JIH7|Q5JIH7_THEKO,55.195,0.9935483870967742,0.9746835443037974
tr|F0LMJ8|F0LMJ8_THEBM,sp|Q5JF39|ALBA_THEKO,98.901,1.0,1.0
tr|F0LHV8|F0LHV8_THEBM,tr|Q5JG68|Q5JG68_THEKO,50.769,0.9603960396039604,0.96
tr|F0LMK9|F0LMK9_THEBM,tr|Q5JF66|Q5JF66_THEKO,62.59,0.9928571428571429,1.0
tr|F0LI44|F0LI44_THEBM,tr|Q5JGZ2|Q5JGZ2_THEKO,40.708,0.9149797570850202,0.9565217391304348
tr|F0LJK2|F0LJK2_THEBM,tr|Q5JGE3|Q5JGE3_THEKO,46.919,0.81640625,0.9857142857142858
tr|F0LMH8|F0LMH8_THEBM,tr|Q5JFE0|Q5JFE0_THEKO,56.463,0.9735099337748344,0.9235668789808917
tr|F0LL65|F0LL65_THEBM,tr|Q5JE65|Q5JE65_THEKO,71.304,1.0,1.0
tr|F0LN88|F0LN88_THEBM,tr|Q5JIM1|Q5JIM1_THEKO,35.238,0.9802631578947368,0.9841772151898734
tr|F0LHB5|F0LHB5_THEBM,sp|Q5JDH7|SUI1_THEKO,88.776,1.0,1.0
tr|F0LJ04|F0LJ04_THEBM,sp|Q5JE51|RL44E_THEKO,94.681,1.0,1.0
tr|F0LH74|F0LH74_THEBM,tr|Q5JJ40|Q5JJ40_THEKO,28.98,0.906187624750499,0.9701492537313433
tr|F0LMR9|F0LMR9_THEBM,tr|Q5JIA6|Q5JIA6_THEKO,55.797,0.9784172661870504,0.9857142857142858
tr|F0LK87|F0LK87_THEBM,tr|Q5JEX4|Q5JEX4_THEKO,62.121,0.9166666666666666,0.9361702127659575
tr|F0LKQ7|F0LKQ7_THEBM,tr|Q5JH67|Q5JH67_THEKO,57.333,0.9868421052631579,0.9933774834437086
tr|F0LK68|F0LK68_THEBM,tr|Q5JEW8|Q5JEW8_THEKO,55.556,0.9941176470588236,0.9714285714285714
tr|F0LMU4|F0LMU4_THEBM,sp|Q5JGN3|Y1278_THEKO,80.357,1.0,1.0
tr|F0LIW1|F0LIW1_THEBM,tr|Q5JEA6|Q5JEA6_THEKO,41.86,0.9594594594594594,0.9720930232558139
tr|F0LLE2|F0LLE2_THEBM,tr|Q5JDN2|Q5JDN2_THEKO,70.588,0.9833333333333333,0.952
tr|F0LHN4|F0LHN4_THEBM,tr|Q5JJC4|Q5JJC4_THEKO,68.0,1.0,1.0
tr|F0LLG0|F0LLG0_THEBM,sp|Q5JIY8|RS24_THEKO,82.474,0.9797979797979798,0.9897959183673469
tr|F0LL30|F0LL30_THEBM,tr|Q5JHH9|Q5JHH9_THEKO,66.379,0.9508196721311475,1.0
tr|F0LJ89|F0LJ89_THEBM,tr|Q5JIT4|Q5JIT4_THEKO,65.926,0.9765625,0.9642857142857143
tr|F0LJL0|F0LJL0_THEBM,tr|Q5JJ68|Q5JJ68_THEKO,63.704,1.0,1.0
tr|F0LKY0|F0LKY0_THEBM,tr|Q5JEL3|Q5JEL3_THEKO,74.561,0.9827586206896551,0.9743589743589743
tr|F0LID9|F0LID9_THEBM,tr|Q5JHV2|Q5JHV2_THEKO,85.714,0.98,1.0
tr|F0LMP7|F0LMP7_THEBM,tr|Q5JJA0|Q5JJA0_THEKO,60.0,0.8588957055214724,0.9928571428571429
tr|F0LGY9|F0LGY9_THEBM,tr|Q5JEH0|Q5JEH0_THEKO,73.148,0.9230769230769231,0.9642857142857143
tr|F0LLS8|F0LLS8_THEBM,tr|Q5JGK4|Q5JGK4_THEKO,45.699,0.9893617021276596,1.0
tr|F0LHL2|F0LHL2_THEBM,sp|Q5JJF7|RL34_THEKO,93.258,1.0,0.9888888888888889
tr|F0LMD7|F0LMD7_THEBM,tr|Q5JI18|Q5JI18_THEKO,40.586,0.9518072289156626,0.9695652173913043
tr|F0LM35|F0LM35_THEBM,tr|Q5JGL6|Q5JGL6_THEKO,68.333,0.9836065573770492,0.975609756097561
tr|F0LKV8|F0LKV8_THEBM,tr|Q5JGE9|Q5JGE9_THEKO,86.316,1.0,1.0
tr|F0LHU8|F0LHU8_THEBM,tr|Q5JIW8|Q5JIW8_THEKO,52.564,1.0,1.0
tr|F0LMJ7|F0LMJ7_THEBM,tr|Q5JF40|Q5JF40_THEKO,43.721,0.9907834101382489,0.9945054945054945
tr|F0LMA2|F0LMA2_THEBM,tr|Q5JJ33|Q5JJ33_THEKO,91.15,0.904,0.904
tr|F0LIX1|F0LIX1_THEBM,sp|Q5JF34|TFS_THEKO,70.909,0.9908256880733946,1.0
tr|F0LH56|F0LH56_THEBM,tr|Q5JI43|Q5JI43_THEKO,30.556,0.9954337899543378,0.991304347826087
tr|F0LLG8|F0LLG8_THEBM,tr|Q5JIV2|Q5JIV2_THEKO,45.701,0.9950738916256158,0.9909502262443439
tr|F0LLM0|F0LLM0_THEBM,tr|Q5JDC4|Q5JDC4_THEKO,49.39,0.9534883720930233,1.0
tr|F0LLR0|F0LLR0_THEBM,tr|Q5JGJ1|Q5JGJ1_THEKO,74.561,1.0,1.0
tr|F0LJR5|F0LJR5_THEBM,tr|Q5JEU2|Q5JEU2_THEKO,41.729,0.9630996309963099,0.9810606060606061
tr|F0LIH3|F0LIH3_THEBM,tr|Q5JJD4|Q5JJD4_THEKO,75.926,1.0,0.9908256880733946
tr|F0LGX3|F0LGX3_THEBM,tr|Q5JEE9|Q5JEE9_THEKO,51.829,0.9877300613496932,0.9936708860759493
tr|F0LM64|F0LM64_THEBM,tr|Q5JHR0|Q5JHR0_THEKO,72.072,0.925,0.9173553719008265
tr|F0LKG3|F0LKG3_THEBM,tr|Q5JDA5|Q5JDA5_THEKO,67.568,0.9487179487179487,0.940677966101695
tr|F0LMV8|F0LMV8_THEBM,tr|Q5JEY3|Q5JEY3_THEKO,90.426,0.9306930693069307,0.8468468468468469
tr|F0LJJ8|F0LJJ8_THEBM,sp|Q5JE88|RPO11_THEKO,81.915,0.9894736842105263,1.0
tr|F0LIL2|F0LIL2_THEBM,tr|Q5JDU7|Q5JDU7_THEKO,62.602,0.9919354838709677,1.0
tr|F0LID3|F0LID3_THEBM,tr|Q5JIL4|Q5JIL4_THEKO,48.78,0.9534883720930233,0.8571428571428571
tr|F0LMM9|F0LMM9_THEBM,tr|Q5JG25|Q5JG25_THEKO,62.595,1.0,1.0
tr|F0LLC3|F0LLC3_THEBM,tr|Q5JEB8|Q5JEB8_THEKO,70.588,0.9807692307692307,0.9902912621359223
tr|F0LK64|F0LK64_THEBM,tr|Q5JEW4|Q5JEW4_THEKO,38.189,1.0,0.9881889763779528
tr|F0LLN2|F0LLN2_THEBM,tr|Q5JGH0|Q5JGH0_THEKO,49.007,0.94375,0.9805194805194806
tr|F0LHJ8|F0LHJ8_THEBM,tr|Q5JDL9|Q5JDL9_THEKO,57.143,1.0,1.0
tr|F0LJH3|F0LJH3_THEBM,sp|Q5JF03|FLUC_THEKO,73.504,0.9915254237288136,0.9512195121951219
tr|F0LKU0|F0LKU0_THEBM,tr|Q5JGD4|Q5JGD4_THEKO,35.249,0.9664179104477612,0.8989169675090253
tr|F0LH97|F0LH97_THEBM,tr|Q5JIS7|Q5JIS7_THEKO,66.393,0.9285714285714286,0.953125
tr|F0LMN7|F0LMN7_THEBM,tr|Q5JG30|Q5JG30_THEKO,58.4,1.0,0.9689922480620154
tr|F0LK22|F0LK22_THEBM,tr|Q5JHC2|Q5JHC2_THEKO,43.396,0.9906542056074766,0.9716981132075472
tr|F0LID5|F0LID5_THEBM,tr|Q5JHU8|Q5JHU8_THEKO,61.739,1.0,0.9745762711864406
tr|F0LIS2|F0LIS2_THEBM,tr|Q5JDD4|Q5JDD4_THEKO,84.043,1.0,1.0
tr|F0LKE2|F0LKE2_THEBM,sp|Q5JF42|NTPTH_THEKO,51.572,0.9005847953216374,0.8777777777777778
tr|F0LGX2|F0LGX2_THEBM,sp|Q9V2W9|FLAB3_THEKO,45.935,0.9174311926605505,0.9534883720930233
tr|F0LLD8|F0LLD8_THEBM,tr|Q5JJ07|Q5JJ07_THEKO,54.074,0.9121621621621622,0.8282208588957055
tr|F0LLS9|F0LLS9_THEBM,tr|Q5JG64|Q5JG64_THEKO,78.947,0.9895833333333334,0.979381443298969
tr|F0LMD3|F0LMD3_THEBM,tr|Q5JGP7|Q5JGP7_THEKO,79.592,0.98,0.98989898989899
tr|F0LHA9|F0LHA9_THEBM,sp|Q5JDH1|RL23_THEKO,90.698,1.0,1.0
tr|F0LJS0|F0LJS0_THEBM,tr|Q5JES0|Q5JES0_THEKO,71.963,0.9727272727272728,0.963963963963964
tr|F0LJC0|F0LJC0_THEBM,tr|Q5JJ77|Q5JJ77_THEKO,84.314,1.0,1.0
tr|F0LK34|F0LK34_THEBM,tr|Q5JHX2|Q5JHX2_THEKO,65.0,0.975609756097561,0.9830508474576272
tr|F0LMT5|F0LMT5_THEBM,sp|Q5JIE3|PFDA1_THEKO,68.707,0.9932432432432432,1.0
tr|F0LJT6|F0LJT6_THEBM,tr|Q5JH84|Q5JH84_THEKO,59.843,0.9844961240310077,0.9136690647482014
tr|F0LJB2|F0LJB2_THEBM,tr|Q5JJ53|Q5JJ53_THEKO,52.632,0.9851851851851852,0.9774436090225563
tr|F0LHK8|F0LHK8_THEBM,sp|Q5JJH0|RL15_THEKO,68.919,1.0,1.0
tr|F0LHV1|F0LHV1_THEBM,tr|Q5JDF3|Q5JDF3_THEKO,72.277,1.0,1.0
tr|F0LL91|F0LL91_THEBM,tr|Q5JD69|Q5JD69_THEKO,49.375,0.8695652173913043,0.9467455621301775
tr|F0LK84|F0LK84_THEBM,tr|Q5JEU5|Q5JEU5_THEKO,58.015,1.0,1.0
tr|F0LJK8|F0LJK8_THEBM,tr|Q5JJ70|Q5JJ70_THEKO,27.491,0.988909426987061,0.9833641404805915
tr|F0LJ72|F0LJ72_THEBM,tr|Q5JFK8|Q5JFK8_THEKO,77.0,1.0,1.0
tr|F0LIN8|F0LIN8_THEBM,tr|Q5JE07|Q5JE07_THEKO,55.725,1.0,0.9846153846153847
tr|F0LIZ0|F0LIZ0_THEBM,tr|Q5JDY6|Q5JDY6_THEKO,80.0,1.0,1.0
tr|F0LIL7|F0LIL7_THEBM,tr|Q5JIC4|Q5JIC4_THEKO,65.289,0.9918032786885246,0.9917355371900827
tr|F0LH32|F0LH32_THEBM,tr|Q5JFQ6|Q5JFQ6_THEKO,63.063,0.940677966101695,0.9098360655737705
tr|F0LKT5|F0LKT5_THEBM,sp|Q5JGD9|HJC_THEKO,56.489,0.9776119402985075,1.0
tr|F0LH98|F0LH98_THEBM,tr|Q5JIS6|Q5JIS6_THEKO,66.429,0.8496732026143791,0.8598726114649682
tr|F0LL86|F0LL86_THEBM,tr|Q5JD65|Q5JD65_THEKO,70.093,0.9716981132075472,0.963963963963964
tr|F0LK69|F0LK69_THEBM,tr|Q5JEW9|Q5JEW9_THEKO,31.186,0.9831649831649831,0.9609120521172638
tr|F0LH38|F0LH38_THEBM,tr|Q5JDX4|Q5JDX4_THEKO,61.345,0.9672131147540983,0.9015151515151515
tr|F0LN27|F0LN27_THEBM,tr|Q5JE72|Q5JE72_THEKO,57.143,0.9545454545454546,0.9423076923076923
tr|F0LJN0|F0LJN0_THEBM,sp|Q5JIR4|AATF_THEKO,74.51,1.0,1.0
tr|F0LLY0|F0LLY0_THEBM,tr|Q5JGM2|Q5JGM2_THEKO,54.198,0.916083916083916,0.9290780141843972
tr|F0LHQ8|F0LHQ8_THEBM,sp|Q5JDM6|RL37A_THEKO,91.25,0.9523809523809523,0.9302325581395349
tr|F0LKN1|F0LKN1_THEBM,tr|Q5JEP6|Q5JEP6_THEKO,53.279,0.953125,0.9457364341085271
tr|F0LJ20|F0LJ20_THEBM,tr|Q5JI57|Q5JI57_THEKO,38.618,0.9773755656108597,0.9498069498069498
tr|F0LKC9|F0LKC9_THEBM,tr|Q5JE84|Q5JE84_THEKO,84.444,1.0,1.0
tr|F0LMA8|F0LMA8_THEBM,tr|Q5JDJ3|Q5JDJ3_THEKO,48.611,0.9795918367346939,0.9662162162162162
tr|F0LLM5|F0LLM5_THEBM,tr|Q5JGH4|Q5JGH4_THEKO,46.753,0.9871794871794872,0.9617834394904459
tr|F0LI67|F0LI67_THEBM,sp|Q5JE35|RL30E_THEKO,68.317,1.0,0.9901960784313726
tr|F0LGY0|F0LGY0_THEBM,tr|Q5JEE2|Q5JEE2_THEKO,23.459,0.8604651162790697,0.8644578313253012
tr|F0LI52|F0LI52_THEBM,tr|Q5JGZ9|Q5JGZ9_THEKO,61.404,0.9421487603305785,0.9736842105263158
tr|F0LI59|F0LI59_THEBM,tr|Q5JH05|Q5JH05_THEKO,72.826,1.0,1.0
tr|F0LLT5|F0LLT5_THEBM,tr|Q5JJ24|Q5JJ24_THEKO,40.265,0.9453781512605042,0.9128630705394191
tr|F0LI91|F0LI91_THEBM,tr|Q5JHK8|Q5JHK8_THEKO,58.915,1.0,0.9626865671641791
tr|F0LHP1|F0LHP1_THEBM,tr|Q5JH59|Q5JH59_THEKO,45.81,0.8592233009708737,0.8271028037383178
tr|F0LHR2|F0LHR2_THEBM,sp|Q5JF85|PFDB_THEKO,78.632,1.0,1.0
tr|F0LN10|F0LN10_THEBM,tr|Q5JCY0|Q5JCY0_THEKO,66.667,0.9905660377358491,0.8467741935483871
tr|F0LLR2|F0LLR2_THEBM,tr|Q5JGI9|Q5JGI9_THEKO,75.532,0.9893617021276596,1.0
tr|F0LJY0|F0LJY0_THEBM,tr|Q5JHU6|Q5JHU6_THEKO,54.472,0.984,0.984
tr|F0LK39|F0LK39_THEBM,tr|Q5JDQ3|Q5JDQ3_THEKO,96.0,1.0,1.0
tr|F0LMB2|F0LMB2_THEBM,tr|Q5JDJ8|Q5JDJ8_THEKO,71.429,1.0,1.0
tr|F0LML3|F0LML3_THEBM,tr|Q5JG73|Q5JG73_THEKO,51.923,0.9285714285714286,1.0
tr|F0LLJ3|F0LLJ3_THEBM,sp|Q5JFE1|EF1B_THEKO,76.923,1.0,1.0
tr|F0LKY8|F0LKY8_THEBM,tr|Q5JDV3|Q5JDV3_THEKO,68.367,0.98989898989899,0.98
tr|F0LII9|F0LII9_THEBM,tr|Q5JIF5|Q5JIF5_THEKO,73.333,0.9782608695652174,0.967741935483871
tr|F0LIP3|F0LIP3_THEBM,tr|Q5JGS6|Q5JGS6_THEKO,41.011,0.8436018957345972,0.8627450980392157
tr|F0LJ27|F0LJ27_THEBM,tr|Q5JI49|Q5JI49_THEKO,72.043,0.96875,0.9587628865979382
tr|F0LJJ0|F0LJJ0_THEBM,sp|Q5JD44|CAS2_THEKO,78.824,1.0,1.0
tr|F0LHT4|F0LHT4_THEBM,tr|Q5JDE3|Q5JDE3_THEKO,62.857,0.9813084112149533,0.813953488372093
tr|F0LLX7|F0LLX7_THEBM,tr|Q5JE66|Q5JE66_THEKO,44.444,0.9053254437869822,0.9806451612903225
tr|F0LK32|F0LK32_THEBM,tr|Q5JF64|Q5JF64_THEKO,44.025,0.9695121951219512,0.9518072289156626
tr|F0LIP1|F0LIP1_THEBM,tr|Q5JGT9|Q5JGT9_THEKO,90.0,1.0,1.0
tr|F0LJI0|F0LJI0_THEBM,tr|Q5JD86|Q5JD86_THEKO,33.725,0.896,0.9659574468085106
tr|F0LGX6|F0LGX6_THEBM,tr|Q5JEE6|Q5JEE6_THEKO,50.968,0.9803921568627451,0.9627329192546584
tr|F0LHA4|F0LHA4_THEBM,tr|Q5JIR9|Q5JIR9_THEKO,54.348,0.9924812030075187,1.0
tr|F0LHI4|F0LHI4_THEBM,tr|Q5JFH1|Q5JFH1_THEKO,40.93,0.9907834101382489,0.9282511210762332
tr|F0LLS2|F0LLS2_THEBM,tr|Q5JGH8|Q5JGH8_THEKO,79.545,0.9361702127659575,0.9565217391304348
tr|F0LHD5|F0LHD5_THEBM,tr|Q5JHT5|Q5JHT5_THEKO,70.093,0.9553571428571429,0.9814814814814815
tr|F0LHK1|F0LHK1_THEBM,tr|Q5JDM2|Q5JDM2_THEKO,72.115,1.0,1.0
tr|F0LIQ7|F0LIQ7_THEBM,tr|Q5JIK7|Q5JIK7_THEKO,50.625,0.975609756097561,0.98125
tr|F0LJU9|F0LJU9_THEBM,tr|Q5JF71|Q5JF71_THEKO,51.825,0.9927536231884058,0.8881578947368421
tr|F0LN35|F0LN35_THEBM,tr|Q5JF58|Q5JF58_THEKO,44.503,0.9408866995073891,0.9837837837837838
tr|F0LKA7|F0LKA7_THEBM,sp|Q5JET9|Y1926_THEKO,62.264,0.9724770642201835,0.9380530973451328
tr|F0LJ03|F0LJ03_THEBM,tr|Q5JE52|Q5JE52_THEKO,41.04,0.8609625668449198,0.864321608040201
tr|F0LJ88|F0LJ88_THEBM,tr|Q5JIW6|Q5JIW6_THEKO,67.01,0.9509803921568627,0.9797979797979798
tr|F0LHR7|F0LHR7_THEBM,tr|Q5JF81|Q5JF81_THEKO,57.407,1.0,0.972972972972973
tr|F0LI89|F0LI89_THEBM,tr|Q5JHK5|Q5JHK5_THEKO,60.741,0.9710144927536232,0.9642857142857143
tr|F0LJ65|F0LJ65_THEBM,sp|Q5JHG1|Y2131_THEKO,83.951,0.9418604651162791,0.9759036144578314
tr|F0LIQ2|F0LIQ2_THEBM,sp|Q5JDG6|CUTA_THEKO,63.0,0.9615384615384616,0.9615384615384616
tr|F0LHR3|F0LHR3_THEBM,sp|Q5JF83|Y644_THEKO,64.706,0.9622641509433962,0.9444444444444444
tr|F0LHL4|F0LHL4_THEBM,sp|Q5JJE4|RL14E_THEKO,87.342,0.8666666666666667,0.9518072289156626
tr|F0LM58|F0LM58_THEBM,tr|Q5JHN6|Q5JHN6_THEKO,32.566,0.8914473684210527,0.8875739644970414
tr|F0LIH2|F0LIH2_THEBM,tr|Q5JJD5|Q5JJD5_THEKO,67.677,1.0,1.0
tr|F0LIT6|F0LIT6_THEBM,sp|Q5JGB7|NAC_THEKO,74.545,0.9646017699115044,0.990990990990991
tr|F0LKL9|F0LKL9_THEBM,tr|Q5JEQ4|Q5JEQ4_THEKO,51.181,1.0,1.0
tr|F0LMH0|F0LMH0_THEBM,tr|Q5JFG3|Q5JFG3_THEKO,73.118,0.9587628865979382,0.9489795918367347
tr|F0LLM2|F0LLM2_THEBM,tr|Q5JDA2|Q5JDA2_THEKO,62.609,1.0,1.0
tr|F0LK28|F0LK28_THEBM,tr|Q5JHI0|Q5JHI0_THEKO,28.233,0.8624031007751938,0.981941309255079
tr|F0LLR4|F0LLR4_THEBM,tr|Q5JGI7|Q5JGI7_THEKO,84.524,1.0,1.0
tr|F0LM33|F0LM33_THEBM,tr|Q5JGL7|Q5JGL7_THEKO,48.361,0.976,0.953125
tr|F0LHC9|F0LHC9_THEBM,tr|Q5JHU1|Q5JHU1_THEKO,75.862,1.0,1.0
tr|F0LHJ7|F0LHJ7_THEBM,tr|Q5JDL8|Q5JDL8_THEKO,75.0,0.9484536082474226,0.9479166666666666
tr|F0LLU1|F0LLU1_THEBM,tr|Q5JFP8|Q5JFP8_THEKO,76.744,1.0,1.0
tr|F0LIK2|F0LIK2_THEBM,sp|Q5JIE0|RUXX_THEKO,86.842,1.0,1.0
tr|F0LKF6|F0LKF6_THEBM,sp|Q5JG00|Y315_THEKO,79.747,0.9080459770114943,0.9753086419753086
tr|F0LK53|F0LK53_THEBM,tr|Q5JHH0|Q5JHH0_THEKO,75.269,0.9587628865979382,0.9489795918367347
tr|F0LMD2|F0LMD2_THEBM,tr|Q5JGT8|Q5JGT8_THEKO,61.594,0.9927007299270073,0.9928057553956835
tr|F0LJZ0|F0LJZ0_THEBM,tr|Q5JI25|Q5JI25_THEKO,70.732,1.0,1.0
tr|F0LLD3|F0LLD3_THEBM,tr|Q5JEA4|Q5JEA4_THEKO,44.681,0.9523809523809523,0.9395973154362416
tr|F0LMW7|F0LMW7_THEBM,sp|Q5JGR5|RL24E_THEKO,92.308,0.9420289855072463,0.9701492537313433
tr|F0LIJ9|F0LIJ9_THEBM,sp|Q5JHB2|Y768_THEKO,64.13,1.0,0.9787234042553191
tr|F0LHL6|F0LHL6_THEBM,tr|Q5JJE6|Q5JJE6_THEKO,90.411,0.9864864864864865,1.0
tr|F0LK85|F0LK85_THEBM,tr|Q5JEU6|Q5JEU6_THEKO,36.82,1.0,1.0
tr|F0LIB4|F0LIB4_THEBM,tr|Q5JIK8|Q5JIK8_THEKO,46.795,0.896551724137931,0.9506172839506173
tr|F0LI63|F0LI63_THEBM,sp|Q5JE31|RPO5_THEKO,91.463,1.0,1.0
tr|F0LM32|F0LM32_THEBM,tr|Q5JGL8|Q5JGL8_THEKO,65.934,0.9191919191919192,0.9680851063829787
tr|F0LHD1|F0LHD1_THEBM,tr|Q5JHT9|Q5JHT9_THEKO,50.769,0.9285714285714286,0.9481481481481482
tr|F0LK41|F0LK41_THEBM,tr|Q5JDQ5|Q5JDQ5_THEKO,60.577,1.0,0.9629629629629629
tr|F0LIE2|F0LIE2_THEBM,tr|Q5JHV5|Q5JHV5_THEKO,78.049,0.9425287356321839,0.9761904761904762
tr|F0LH87|F0LH87_THEBM,tr|Q5JIQ7|Q5JIQ7_THEKO,35.023,0.9422222222222222,0.9113924050632911
tr|F0LMT6|F0LMT6_THEBM,sp|Q5JGT3|RL18A_THEKO,84.416,0.9871794871794872,1.0
tr|F0LH49|F0LH49_THEBM,tr|Q5JE45|Q5JE45_THEKO,72.5,0.975609756097561,0.975609756097561
tr|F0LI23|F0LI23_THEBM,sp|Q9Y8I1|HARA_THEKO,95.522,1.0,1.0
tr|F0LJ05|F0LJ05_THEBM,sp|Q5JE50|RS27_THEKO,93.846,1.0,1.0
tr|F0LIP2|F0LIP2_THEBM,sp|Q5JGS5|SRP19_THEKO,61.616,0.9611650485436893,0.9166666666666666
tr|F0LJX4|F0LJX4_THEBM,tr|Q5JHB7|Q5JHB7_THEKO,66.279,0.8673469387755102,0.8514851485148515
tr|F0LHL7|F0LHL7_THEBM,tr|Q5JJE7|Q5JJE7_THEKO,78.205,0.9873417721518988,0.9873417721518988
tr|F0LI37|F0LI37_THEBM,tr|Q5JGD0|Q5JGD0_THEKO,69.307,1.0,1.0
tr|F0LMQ3|F0LMQ3_THEBM,tr|Q5JJA3|Q5JJA3_THEKO,47.287,0.8410596026490066,0.900709219858156
tr|F0LJ91|F0LJ91_THEBM,tr|Q5JIT5|Q5JIT5_THEKO,54.615,0.9848484848484849,0.9558823529411765
tr|F0LJM4|F0LJM4_THEBM,tr|Q5JJ88|Q5JJ88_THEKO,33.505,0.880184331797235,0.8744186046511628
tr|F0LK75|F0LK75_THEBM,tr|Q5JEX1|Q5JEX1_THEKO,65.909,1.0,1.0
tr|F0LIE9|F0LIE9_THEBM,tr|Q5JGU9|Q5JGU9_THEKO,92.308,1.0,1.0
tr|F0LMM6|F0LMM6_THEBM,tr|Q5JG18|Q5JG18_THEKO,60.87,0.968421052631579,0.8761904761904762
tr|F0LKV3|F0LKV3_THEBM,tr|Q5JGF2|Q5JGF2_THEKO,32.99,0.9228295819935691,0.931740614334471
tr|F0LLV0|F0LLV0_THEBM,tr|Q5JD08|Q5JD08_THEKO,81.579,1.0,1.0
tr|F0LJR4|F0LJR4_THEBM,tr|Q5JEU1|Q5JEU1_THEKO,58.974,0.9512195121951219,0.9915254237288136
tr|F0LK94|F0LK94_THEBM,tr|Q5JHJ2|Q5JHJ2_THEKO,73.333,0.974025974025974,0.9615384615384616
tr|F0LK05|F0LK05_THEBM,tr|Q5JGP1|Q5JGP1_THEKO,85.507,1.0,1.0
tr|F0LN26|F0LN26_THEBM,tr|Q5JE73|Q5JE73_THEKO,41.045,0.9305555555555556,0.9436619718309859
tr|F0LIG3|F0LIG3_THEBM,tr|Q5JJE1|Q5JJE1_THEKO,72.727,0.9871794871794872,0.9746835443037974
tr|F0LLL9|F0LLL9_THEBM,sp|Q9Y8I2|HARB_THEKO,92.537,1.0,1.0
tr|F0LIE5|F0LIE5_THEBM,tr|Q5JHX0|Q5JHX0_THEKO,81.333,1.0,0.9861111111111112
tr|F0LKN9|F0LKN9_THEBM,tr|Q5JEM9|Q5JEM9_THEKO,29.814,0.9248554913294798,0.9858156028368794
tr|F0LHB4|F0LHB4_THEBM,sp|Q5JDH6|RL29_THEKO,89.394,1.0,1.0
tr|F0LM40|F0LM40_THEBM,tr|Q5JII9|Q5JII9_THEKO,56.18,0.967391304347826,0.9175257731958762
tr|F0LMP5|F0LMP5_THEBM,tr|Q5JIC0|Q5JIC0_THEKO,48.305,0.9365079365079365,0.9516129032258065
tr|F0LME8|F0LME8_THEBM,tr|Q5JII0|Q5JII0_THEKO,73.973,0.9864864864864865,0.9733333333333334
tr|F0LK79|F0LK79_THEBM,tr|Q5JEX3|Q5JEX3_THEKO,30.032,0.9807692307692307,0.9480968858131488
tr|F0LLL5|F0LLL5_THEBM,sp|Q5JDC7|RS17E_THEKO,77.612,1.0,1.0
tr|F0LLB8|F0LLB8_THEBM,tr|Q5JEI5|Q5JEI5_THEKO,54.167,0.9056603773584906,0.8648648648648649
tr|F0LIH5|F0LIH5_THEBM,tr|Q5JE22|Q5JE22_THEKO,80.597,1.0,1.0
tr|F0LHM8|F0LHM8_THEBM,sp|Q5JJC9|RPO10_THEKO,80.0,1.0,1.0
tr|F0LJ08|F0LJ08_THEBM,sp|Q5JE48|NOP10_THEKO,88.136,0.9833333333333333,1.0
tr|F0LHC2|F0LHC2_THEBM,sp|Q5JJG2|RS14Z_THEKO,91.071,1.0,1.0
tr|F0LMI5|F0LMI5_THEBM,tr|Q5JFJ5|Q5JFJ5_THEKO,66.667,0.9893617021276596,0.9583333333333334
tr|F0LLN1|F0LLN1_THEBM,tr|Q5JGH1|Q5JGH1_THEKO,75.0,0.963855421686747,0.963855421686747
tr|F0LKG8|F0LKG8_THEBM,tr|Q5JGE7|Q5JGE7_THEKO,63.855,1.0,0.9651162790697675
tr|F0LLD4|F0LLD4_THEBM,tr|Q5JEA5|Q5JEA5_THEKO,57.018,0.8625954198473282,0.8837209302325582
tr|F0LH88|F0LH88_THEBM,tr|Q5JIQ5|Q5JIQ5_THEKO,57.471,0.8207547169811321,0.8613861386138614
tr|F0LHM9|F0LHM9_THEBM,sp|Q5JJD0|RPO6_THEKO,92.982,1.0,1.0
tr|F0LHD2|F0LHD2_THEBM,tr|Q5JHT8|Q5JHT8_THEKO,77.778,1.0,1.0
tr|F0LIR3|F0LIR3_THEBM,tr|Q5JEV9|Q5JEV9_THEKO,52.222,0.967741935483871,0.9278350515463918
tr|F0LH18|F0LH18_THEBM,tr|Q5JHQ2|Q5JHQ2_THEKO,36.816,0.8312236286919831,0.8640350877192983
tr|F0LLC6|F0LLC6_THEBM,tr|Q5JFQ2|Q5JFQ2_THEKO,39.752,0.8298969072164949,0.9085365853658537
tr|F0LMC2|F0LMC2_THEBM,tr|Q5JH25|Q5JH25_THEKO,43.925,1.0,0.8770491803278688
tr|F0LLI7|F0LLI7_THEBM,tr|Q5JFP3|Q5JFP3_THEKO,67.5,0.9876543209876543,1.0
tr|F0LHR1|F0LHR1_THEBM,tr|Q5JF86|Q5JF86_THEKO,63.291,0.9875,0.9634146341463414
tr|F0LLF8|F0LLF8_THEBM,sp|Q5JIY5|SPT4_THEKO,78.788,0.9836065573770492,0.9701492537313433
tr|F0LIW4|F0LIW4_THEBM,tr|Q5JHE6|Q5JHE6_THEKO,83.077,1.0,0.9848484848484849
tr|F0LHJ9|F0LHJ9_THEBM,tr|Q5JDM0|Q5JDM0_THEKO,67.901,1.0,1.0
tr|F0LLJ2|F0LLJ2_THEBM,sp|Q5JFE2|RS21_THEKO,85.455,0.9482758620689655,0.8870967741935484
tr|F0LI77|F0LI77_THEBM,tr|Q5JJB6|Q5JJB6_THEKO,66.667,1.0,1.0
tr|F0LN59|F0LN59_THEBM,tr|Q5JG37|Q5JG37_THEKO,53.0,0.9345794392523364,0.9259259259259259
tr|F0LIL0|F0LIL0_THEBM,tr|Q5JIB4|Q5JIB4_THEKO,55.952,0.9882352941176471,0.9767441860465116
tr|F0LIK3|F0LIK3_THEBM,sp|Q5JIE1|RL37_THEKO,78.689,0.9838709677419355,0.9682539682539683
tr|F0LIY5|F0LIY5_THEBM,tr|Q5JF10|Q5JF10_THEKO,90.566,1.0,1.0
tr|F0LLM7|F0LLM7_THEBM,tr|Q5JIX4|Q5JIX4_THEKO,31.128,0.9916666666666667,0.9619771863117871
tr|F0LMW6|F0LMW6_THEBM,sp|Q5JGR4|RS28_THEKO,94.643,0.8115942028985508,0.8
tr|F0LMP4|F0LMP4_THEBM,tr|Q5JIC1|Q5JIC1_THEKO,48.077,1.0,1.0
tr|F0LLS1|F0LLS1_THEBM,tr|Q5JGH9|Q5JGH9_THEKO,37.5,0.9032258064516129,0.9010989010989011
tr|F0LM27|F0LM27_THEBM,tr|Q5JGM5|Q5JGM5_THEKO,60.0,1.0,1.0
tr|F0LKQ9|F0LKQ9_THEBM,tr|Q5JE16|Q5JE16_THEKO,62.069,1.0,1.0
tr|F0LHK2|F0LHK2_THEBM,tr|Q5JDM3|Q5JDM3_THEKO,57.143,0.9680851063829787,1.0
tr|F0LLG1|F0LLG1_THEBM,sp|Q5JIY9|RS27A_THEKO,93.75,0.9411764705882353,0.8421052631578947
tr|F0LL20|F0LL20_THEBM,tr|Q5JHF6|Q5JHF6_THEKO,69.118,0.9855072463768116,0.9066666666666666
tr|F0LMZ4|F0LMZ4_THEBM,tr|Q5JHV8|Q5JHV8_THEKO,40.373,0.8837209302325582,0.9814814814814815
tr|F0LIM0|F0LIM0_THEBM,tr|Q5JI96|Q5JI96_THEKO,55.294,0.9333333333333333,0.9659090909090909
tr|F0LKF8|F0LKF8_THEBM,tr|Q5JG14|Q5JG14_THEKO,53.261,0.968421052631579,0.9191919191919192
tr|F0LML5|F0LML5_THEBM,tr|Q5JDY4|Q5JDY4_THEKO,50.633,1.0,1.0
tr|F0LHH3|F0LHH3_THEBM,tr|Q5JHB3|Q5JHB3_THEKO,58.209,0.881578947368421,0.8589743589743589
tr|F0LJW6|F0LJW6_THEBM,tr|Q5JDY5|Q5JDY5_THEKO,34.322,0.9555555555555556,0.9953917050691244
tr|F0LJP9|F0LJP9_THEBM,tr|Q5JIL9|Q5JIL9_THEKO,56.977,1.0,0.9347826086956522
tr|F0LIH4|F0LIH4_THEBM,sp|Q5JJD3|RL40_THEKO,89.796,0.9423076923076923,0.9607843137254902
tr|F0LM15|F0LM15_THEBM,tr|Q5JES2|Q5JES2_THEKO,35.915,0.9562043795620438,0.9659863945578231
tr|F0LJA1|F0LJA1_THEBM,tr|Q5JIU5|Q5JIU5_THEKO,48.387,0.9789473684210527,0.9789473684210527
tr|F0LLG9|F0LLG9_THEBM,tr|Q5JIV3|Q5JIV3_THEKO,36.735,1.0,1.0
tr|F0LMT9|F0LMT9_THEBM,sp|Q5JGT6|RL39_THEKO,92.157,1.0,1.0
tr|F0LH61|F0LH61_THEBM,tr|Q5JDR1|Q5JDR1_THEKO,34.444,0.8,0.8719211822660099
tr|F0LLW0|F0LLW0_THEBM,tr|Q5JIC7|Q5JIC7_THEKO,60.274,1.0,1.0
tr|F0LKI2|F0LKI2_THEBM,tr|Q5JF76|Q5JF76_THEKO,26.087,0.97953216374269,0.9726443768996961
tr|F0LLF2|F0LLF2_THEBM,sp|Q5JDK7|SECG_THEKO,69.643,1.0,1.0
tr|F0LIE0|F0LIE0_THEBM,tr|Q5JHV3|Q5JHV3_THEKO,82.955,1.0,1.0
tr|F0LHK0|F0LHK0_THEBM,tr|Q5JDM1|Q5JDM1_THEKO,59.459,0.9024390243902439,0.9736842105263158
tr|F0LHH8|F0LHH8_THEBM,sp|Q977X3|FER_THEKO,66.667,1.0,0.9523809523809523
tr|F0LJT5|F0LJT5_THEBM,tr|Q5JER4|Q5JER4_THEKO,45.045,1.0,0.9910714285714286
tr|F0LI14|F0LI14_THEBM,sp|Q5JH32|SECE_THEKO,74.138,0.9206349206349206,0.9508196721311475
tr|F0LKR1|F0LKR1_THEBM,tr|Q5JG60|Q5JG60_THEKO,32.105,0.8311111111111111,0.84688995215311
tr|F0LHQ9|F0LHQ9_THEBM,sp|Q5JDM8|RPO12_THEKO,83.673,1.0,1.0
tr|F0LJ99|F0LJ99_THEBM,tr|Q5JIU4|Q5JIU4_THEKO,50.0,0.9882352941176471,0.9882352941176471
tr|F0LLT0|F0LLT0_THEBM,tr|Q5JI05|Q5JI05_THEKO,80.392,1.0,1.0
tr|F0LHG7|F0LHG7_THEBM,sp|Q5JFH3|Z143_THEKO,74.468,1.0,1.0
tr|F0LGX5|F0LGX5_THEBM,tr|Q5JEE7|Q5JEE7_THEKO,32.778,0.9941520467836257,0.9885057471264368
tr|F0LMH7|F0LMH7_THEBM,tr|Q5JFD9|Q5JFD9_THEKO,72.222,0.9310344827586207,0.9152542372881356
tr|F0LGU0|F0LGU0_THEBM,tr|Q5JE37|Q5JE37_THEKO,70.175,0.9661016949152542,0.95
tr|F0LIL3|F0LIL3_THEBM,sp|Q5JDU6|Y1752_THEKO,69.014,0.9452054794520548,0.922077922077922
tr|F0LIL8|F0LIL8_THEBM,tr|Q5JIC5|Q5JIC5_THEKO,52.703,0.961038961038961,0.961038961038961
tr|F0LI56|F0LI56_THEBM,tr|Q5JH02|Q5JH02_THEKO,60.938,0.8311688311688312,0.8767123287671232
tr|F0LL81|F0LL81_THEBM,tr|Q5JD60|Q5JD60_THEKO,62.712,1.0,0.9516129032258065
tr|F0LKR5|F0LKR5_THEBM,sp|Q5JH72|TIP_THEKO,65.152,0.9411764705882353,1.0
tr|F0LLJ7|F0LLJ7_THEBM,tr|Q5JFH9|Q5JFH9_THEKO,35.461,0.9041095890410958,0.9019607843137255
tr|F0LMN6|F0LMN6_THEBM,tr|Q5JG29|Q5JG29_THEKO,59.375,0.9841269841269841,0.9552238805970149
tr|F0LJ90|F0LJ90_THEBM,tr|Q5JGS2|Q5JGS2_THEKO,28.241,1.0,1.0
tr|F0LMV6|F0LMV6_THEBM,tr|Q5JEY5|Q5JEY5_THEKO,29.379,0.9488636363636364,0.9725274725274725
tr|F0LJN5|F0LJN5_THEBM,tr|Q5JDS3|Q5JDS3_THEKO,56.311,1.0,1.0
tr|F0LL32|F0LL32_THEBM,tr|Q5JHH7|Q5JHH7_THEKO,43.478,0.9387755102040817,0.9108910891089109
tr|F0LM17|F0LM17_THEBM,tr|Q5JJ35|Q5JJ35_THEKO,41.758,0.9680851063829787,0.8921568627450981
tr|F0LK23|F0LK23_THEBM,tr|Q5JE25|Q5JE25_THEKO,38.053,0.9112903225806451,0.9180327868852459
tr|F0LII7|F0LII7_THEBM,tr|Q5JIF3|Q5JIF3_THEKO,40.625,0.9896907216494846,1.0
tr|F0LIX2|F0LIX2_THEBM,tr|Q5JF33|Q5JF33_THEKO,76.596,0.8245614035087719,0.8103448275862069
tr|F0LK44|F0LK44_THEBM,tr|Q5JDY0|Q5JDY0_THEKO,34.177,0.9874213836477987,0.95625
tr|F0LH36|F0LH36_THEBM,tr|Q5JI86|Q5JI86_THEKO,50.704,0.9857142857142858,1.0
tr|F0LKQ3|F0LKQ3_THEBM,tr|Q5JE28|Q5JE28_THEKO,50.0,0.8923076923076924,0.8656716417910447
tr|F0LIG7|F0LIG7_THEBM,tr|Q5JJD8|Q5JJD8_THEKO,37.383,0.981651376146789,0.963302752293578
tr|F0LIB3|F0LIB3_THEBM,tr|Q5JDF0|Q5JDF0_THEKO,59.322,0.9833333333333333,0.9830508474576272
tr|F0LL87|F0LL87_THEBM,tr|Q5JD66|Q5JD66_THEKO,57.143,1.0,1.0
tr|F0LKP7|F0LKP7_THEBM,tr|Q5JEK2|Q5JEK2_THEKO,35.075,0.8888888888888888,0.8741721854304636
tr|F0LL59|F0LL59_THEBM,tr|Q5JID6|Q5JID6_THEKO,29.268,0.9936305732484076,0.9590643274853801
tr|F0LJ86|F0LJ86_THEBM,tr|Q5JIW3|Q5JIW3_THEKO,55.072,0.9583333333333334,0.9857142857142858
tr|F0LHJ1|F0LHJ1_THEBM,tr|Q5JFG8|Q5JFG8_THEKO,28.369,0.8650306748466258,0.8461538461538461
tr|F0LKU8|F0LKU8_THEBM,tr|Q5JGF5|Q5JGF5_THEKO,26.642,0.9851851851851852,0.9766536964980544
tr|F0LN42|F0LN42_THEBM,tr|Q5JJ81|Q5JJ81_THEKO,39.024,0.8913043478260869,0.9375
tr|F0LMU8|F0LMU8_THEBM,tr|Q5JE77|Q5JE77_THEKO,31.579,0.9280575539568345,0.8636363636363636
tr|F0LJR8|F0LJR8_THEBM,sp|Q5JEV0|RS32_THEKO,97.297,1.0,1.0
tr|F0LKX0|F0LKX0_THEBM,tr|Q5JEV7|Q5JEV7_THEKO,34.615,0.8583333333333333,0.9405940594059405
tr|F0LJK9|F0LJK9_THEBM,tr|Q5JJ69|Q5JJ69_THEKO,57.534,0.8295454545454546,0.8021978021978022
tr|F0LGY7|F0LGY7_THEBM,tr|Q5JEF5|Q5JEF5_THEKO,52.83,0.9814814814814815,0.9636363636363636
tr|F0LHC7|F0LHC7_THEBM,tr|Q5JHU3|Q5JHU3_THEKO,44.86,0.9907407407407407,0.9809523809523809
tr|F0LJ94|F0LJ94_THEBM,tr|Q5JIT8|Q5JIT8_THEKO,31.633,0.9245283018867925,0.8846153846153846
tr|F0LLK6|F0LLK6_THEBM,tr|Q5JD93|Q5JD93_THEKO,44.776,0.9436619718309859,0.84
tr|F0LLY1|F0LLY1_THEBM,tr|Q5JGM3|Q5JGM3_THEKO,40.0,0.9397590361445783,0.9390243902439024
tr|F0LH39|F0LH39_THEBM,tr|Q5JE96|Q5JE96_THEKO,62.5,1.0,0.9795918367346939
tr|F0LIX0|F0LIX0_THEBM,tr|Q5JF20|Q5JF20_THEKO,40.0,0.9629629629629629,0.9139784946236559
tr|F0LHR4|F0LHR4_THEBM,tr|Q5JII6|Q5JII6_THEKO,36.19,0.9439252336448598,0.9074074074074074
tr|F0LLA1|F0LLA1_THEBM,tr|Q5JDV6|Q5JDV6_THEKO,50.0,0.984375,0.9696969696969697
