proteinid,pI_x,packing_density,cofactor_names,has_covalent,has_divalent,Disorderfraction,sigpeptides100,validpeptides100,sigpeptides50,validpeptides50,fragile100,fragile50,fracperturbed100,fracperturbed50,cofactors
O50146,7.792245292663574,0.732,[],False,False,0.0,0,26,0.0,22.0,False,False,0.0,0.0,neither
O50147,8.50081729888916,0.731,[],False,False,0.0,0,14,0.0,12.0,False,False,0.0,0.0,neither
O87198,5.815788459777832,0.733,"['Mg(2+)', 'Mn(2+)']",False,True,0.0026595744680851,5,31,0.0,33.0,True,False,0.16129032258064516,0.0,divalent
P34945,6.169440650939941,0.742,[],False,False,0.0,0,25,0.0,23.0,False,False,0.0,0.0,neither
P61488,5.710863685607911,0.734,[],False,False,0.0,10,41,0.0,41.0,True,False,0.24390243902439024,0.0,neither
Q72IB8,9.041707038879396,0.739,['FAD'],True,False,0.003257328990228,0,2,0.0,2.0,False,False,0.0,0.0,covalent
Q72IW9,5.710067939758301,0.732,['Mg(2+)'],False,True,0.0,42,74,52.0,68.0,True,True,0.5675675675675675,0.7647058823529411,divalent
Q72J02,7.003893852233887,0.739,['Zn(2+)'],False,True,0.0,0,9,0.0,7.0,False,False,0.0,0.0,divalent
Q72JC0,8.618085289001467,0.779,[],False,False,0.0,0,9,1.0,9.0,False,False,0.0,0.1111111111111111,neither
Q72LF3,9.330783271789551,0.747,"['[4Fe-4S] cluster', 'Mg(2+)']",True,True,0.0,0,2,0.0,2.0,False,False,0.0,0.0,both
Q72LF4,4.524065589904786,0.755,[],False,False,0.0,2,4,0.0,1.0,True,False,0.5,0.0,neither
Q72LL6,8.580177879333494,0.729,"[""pyridoxal 5'-phosphate""]",True,False,0.0,0,31,0.0,33.0,False,False,0.0,0.0,covalent
Q746I8,6.576862525939942,0.732,"['FMN', 'NADPH', 'Mg(2+)']",True,True,0.0,0,2,0.0,1.0,False,False,0.0,0.0,both
P61490,5.164072608947753,0.74,[],False,False,0.0276243093922651,113,208,1.0,181.0,True,False,0.5432692307692307,0.0055248618784530384,neither
P96134,6.849575996398925,0.729,[],False,False,0.0099667774086378,0,4,0.0,5.0,False,False,0.0,0.0,neither
P96495,5.192492103576659,0.711,"['Mg(2+)', 'Mn(2+)']",False,True,0.0029182879377431,23,55,2.0,41.0,True,True,0.41818181818181815,0.04878048780487805,divalent
Q72GI1,9.294358634948727,0.75,[],False,False,0.0,0,3,0.0,3.0,False,False,0.0,0.0,neither
Q72GZ0,6.550261878967285,0.722,[],False,False,0.0051150895140664,0,11,0.0,11.0,False,False,0.0,0.0,neither
Q72H00,5.472367286682128,0.738,"['Mg(2+)', 'Co(2+)']",False,True,0.0,1,18,0.0,17.0,False,False,0.05555555555555555,0.0,divalent
Q72H18,6.827465629577637,0.738,['[4Fe-4S] cluster'],True,False,0.0049261083743842,1,41,0.0,37.0,False,False,0.024390243902439025,0.0,covalent
Q72H90,7.037315177917479,0.731,[],False,False,0.0080321285140562,1,13,0.0,10.0,False,False,0.07692307692307693,0.0,neither
Q72H98,5.779923057556151,0.733,['Mg(2+)'],False,True,0.0,6,20,2.0,21.0,True,True,0.3,0.09523809523809523,divalent
Q72HC1,9.681426811218262,0.723,['[4Fe-4S] cluster'],True,False,0.0422535211267605,3,9,0.0,8.0,True,False,0.3333333333333333,0.0,covalent
Q72I42,6.37110538482666,0.752,['Mg(2+)'],False,True,0.0144927536231884,16,17,1.0,8.0,True,False,0.9411764705882353,0.125,divalent
Q72I58,5.921338462829589,0.728,['Mg(2+)'],False,True,0.0,0,46,0.0,43.0,False,False,0.0,0.0,divalent
Q72ID7,7.937363624572754,0.738,"['FMN', 'Mg(2+)']",True,True,0.0101010101010101,2,17,0.0,17.0,True,False,0.11764705882352941,0.0,both
Q72IH5,10.19852771759033,0.736,[],False,False,0.0029850746268656,0,1,0.0,1.0,False,False,0.0,0.0,neither
Q72IN0,6.353883171081542,0.728,[],False,False,0.0254545454545454,0,23,0.0,22.0,False,False,0.0,0.0,neither
Q72IV4,6.4061182022094725,0.73,"['K(+)', 'Mg(2+)']",True,True,0.0041493775933609,0,11,0.0,10.0,False,False,0.0,0.0,both
Q72J47,5.05943202972412,0.742,[],False,False,0.0044052863436123,12,16,0.0,13.0,True,False,0.75,0.0,neither
Q72JC8,6.185128211975097,0.756,['Mg(2+)'],False,True,0.0029673590504451,12,43,0.0,39.0,True,False,0.27906976744186046,0.0,divalent
Q72JJ7,8.835666084289553,0.732,['Zn(2+)'],False,True,0.031413612565445,1,15,0.0,15.0,False,False,0.06666666666666667,0.0,divalent
Q72JS1,6.00654010772705,0.736,"['Mg(2+)', 'Mn(2+)', 'Mn(2+)', 'Zn(2+)']",False,True,0.0,1,14,0.0,12.0,False,False,0.07142857142857142,0.0,divalent
Q72JT8,4.782285118103027,0.767,[],False,False,0.0,24,26,10.0,24.0,True,True,0.9230769230769231,0.4166666666666667,neither
Q72K04,5.988522148132325,0.725,[],False,False,0.0,0,9,0.0,7.0,False,False,0.0,0.0,neither
Q72L83,5.970163154602051,0.731,[],False,False,0.0,0,37,0.0,34.0,False,False,0.0,0.0,neither
Q72LP1,6.923694038391113,0.741,['Mg(2+)'],False,True,0.0,2,24,0.0,28.0,True,False,0.08333333333333333,0.0,divalent
Q8GBB2,7.266603660583496,0.741,[],False,False,0.0039215686274509,2,3,0.0,2.0,True,False,0.6666666666666666,0.0,neither
Q8VUS5,6.5174657821655275,0.74,"['Zn(2+)', 'Co(2+)']",False,True,0.0193905817174515,0,20,0.0,19.0,False,False,0.0,0.0,divalent
Q93R93,6.656607627868653,0.738,"[""pyridoxal 5'-phosphate""]",True,False,0.0,1,51,2.0,49.0,False,True,0.0196078431372549,0.04081632653061224,covalent
Q9ZND9,5.347946739196778,0.744,[],False,False,0.0,0,1,0.0,1.0,False,False,0.0,0.0,neither
Q9ZNE0,5.715012931823731,0.725,['[4Fe-4S] cluster'],True,False,0.0,3,33,0.0,33.0,True,False,0.09090909090909091,0.0,covalent
O66271,6.299033546447753,0.742,[],False,False,0.0021459227467811,1,19,4.0,20.0,False,True,0.05263157894736842,0.2,neither
P16609,5.982269859313964,0.721,"[""pyridoxal 5'-phosphate""]",True,False,0.0,0,37,0.0,37.0,False,False,0.0,0.0,covalent
P54903,6.116921424865722,0.737,[],False,False,0.0048426150121065,0,19,0.0,20.0,False,False,0.0,0.0,neither
P61492,5.268372154235839,0.772,[],False,False,0.0594059405940594,0,40,0.0,40.0,False,False,0.0,0.0,neither
P61494,5.373240089416504,0.733,"['Mg(2+)', 'Mn(2+)']",False,True,0.0,0,52,0.0,43.0,False,False,0.0,0.0,divalent
P61498,5.682216835021973,0.749,['Mg(2+)'],False,True,0.0,12,12,0.0,8.0,True,False,1.0,0.0,divalent
P61502,6.403389930725097,0.739,['Mn(2+)'],False,True,0.0,5,33,0.0,34.0,True,False,0.15151515151515152,0.0,divalent
P61526,5.56143398284912,0.743,[],False,False,0.0025,0,28,0.0,28.0,False,False,0.0,0.0,neither
P61537,6.747606849670411,0.746,[],False,False,0.0267857142857142,1,13,0.0,13.0,False,False,0.07692307692307693,0.0,neither
P61707,5.556830024719238,0.741,['Zn(2+)'],False,True,0.0204081632653061,0,59,0.0,46.0,False,False,0.0,0.0,divalent
P61747,7.006735801696778,0.731,[],False,False,0.0,0,11,1.0,11.0,False,False,0.0,0.09090909090909091,neither
P61781,8.687517738342287,0.732,[],False,False,0.0,1,9,0.0,9.0,False,False,0.1111111111111111,0.0,neither
P61941,11.013279151916509,0.773,[],False,False,0.0075757575757575,1,7,0.0,8.0,False,False,0.14285714285714285,0.0,neither
P62030,8.27182559967041,0.743,"[""pyridoxal 5'-phosphate""]",True,False,0.0,23,45,0.0,31.0,True,False,0.5111111111111111,0.0,covalent
P62055,5.931683158874511,0.74,[],False,False,0.0,4,28,0.0,33.0,True,False,0.14285714285714285,0.0,neither
P62238,10.577666282653803,0.764,[],False,False,0.034090909090909,2,7,2.0,7.0,True,True,0.2857142857142857,0.2857142857142857,neither
P62350,6.004266548156737,0.771,[],False,False,0.0186915887850467,9,24,7.0,23.0,True,True,0.375,0.30434782608695654,neither
P62420,5.727403831481935,0.729,[],False,False,0.0,0,30,1.0,34.0,False,False,0.0,0.029411764705882353,neither
P62453,5.451223182678221,0.728,[],False,False,0.0039682539682539,4,4,4.0,4.0,True,True,1.0,1.0,neither
P62460,5.120079231262206,0.744,['Zn(2+)'],False,True,0.0,29,54,0.0,38.0,True,False,0.5370370370370371,0.0,divalent
P62652,9.897395896911618,0.815,[],False,False,0.0,4,20,0.0,14.0,True,False,0.2,0.0,neither
P62654,10.354218864440917,0.77,[],False,False,0.0,14,20,4.0,15.0,True,True,0.7,0.26666666666666666,neither
P62655,11.103148078918457,0.77,[],False,False,0.0,5,18,0.0,13.0,True,False,0.2777777777777778,0.0,neither
P62656,11.43090534210205,0.802,['Zn(2+)'],False,True,0.0,0,2,0.0,2.0,False,False,0.0,0.0,divalent
P62663,10.722526741027831,0.755,[],False,False,0.0585774058577405,1,30,1.0,23.0,False,False,0.03333333333333333,0.043478260869565216,neither
P62664,10.472840690612792,0.74,['Zn(2+)'],False,True,0.0,15,39,0.0,30.0,True,False,0.38461538461538464,0.0,divalent
P62665,10.051088523864744,0.756,[],False,False,0.0185185185185185,0,25,3.0,22.0,False,True,0.0,0.13636363636363635,neither
P83453,6.113397407531737,0.734,[],False,False,0.0069444444444444,1,19,0.0,14.0,False,False,0.05263157894736842,0.0,neither
P96136,6.064572715759277,0.726,[],False,False,0.0,2,15,0.0,13.0,True,False,0.13333333333333333,0.0,neither
P96137,5.73712329864502,0.732,[],False,False,0.0,3,7,4.0,7.0,True,True,0.42857142857142855,0.5714285714285714,neither
Q60050,9.128739356994632,0.734,[],False,False,0.0243243243243243,0,6,0.0,4.0,False,False,0.0,0.0,neither
Q72G65,6.8208723068237305,0.724,['[4Fe-4S] cluster'],True,False,0.0058823529411764,1,7,0.0,5.0,False,False,0.14285714285714285,0.0,covalent
Q72G66,9.476610755920412,0.742,['FMN'],True,False,0.0643274853801169,1,4,0.0,3.0,False,False,0.25,0.0,covalent
Q72G72,6.333421134948731,0.728,[],False,False,0.0,0,18,0.0,20.0,False,False,0.0,0.0,neither
Q72GB7,8.704666328430175,0.747,[],False,False,0.0424757281553398,0,24,1.0,24.0,False,False,0.0,0.041666666666666664,neither
Q72GC9,9.179347038269045,0.749,['[4Fe-4S] cluster'],True,False,0.005524861878453,0,4,0.0,5.0,False,False,0.0,0.0,covalent
Q72GD6,7.514251136779786,0.751,['[4Fe-4S] cluster'],True,False,0.0109890109890109,0,5,0.0,3.0,False,False,0.0,0.0,covalent
Q72GE4,6.977918434143067,0.728,['Mg(2+)'],False,True,0.0,3,14,0.0,12.0,True,False,0.21428571428571427,0.0,divalent
Q72GF0,6.308355140686037,0.732,"['Co(2+)', 'Fe(2+)', 'Mn(2+)', 'Zn(2+)', 'a divalent metal cation']",True,True,0.0,3,19,0.0,17.0,True,False,0.15789473684210525,0.0,both
Q72GH8,5.960273170471192,0.734,"[""pyridoxal 5'-phosphate""]",True,False,0.0345911949685534,5,37,0.0,30.0,True,False,0.13513513513513514,0.0,covalent
Q72GI4,5.965729713439941,0.746,[],False,False,0.0,5,20,0.0,17.0,True,False,0.25,0.0,neither
Q72GJ4,5.9040025711059565,0.721,[],False,False,0.0117647058823529,0,6,0.0,4.0,False,False,0.0,0.0,neither
Q72GL2,6.067130470275878,0.793,[],False,False,0.0,3,9,0.0,9.0,True,False,0.3333333333333333,0.0,neither
Q72GM3,5.814651679992676,0.735,['Zn(2+)'],False,True,0.0,1,53,0.0,35.0,False,False,0.018867924528301886,0.0,divalent
Q72GN2,6.939779472351074,0.736,[],False,False,0.0254545454545454,1,7,0.0,7.0,False,False,0.14285714285714285,0.0,neither
Q72GN6,8.815487480163576,0.772,['Zn(2+)'],False,True,0.0342857142857142,0,1,0.0,1.0,False,False,0.0,0.0,divalent
Q72GQ0,8.142502021789554,0.747,['Mg(2+)'],False,True,0.0,0,14,0.0,14.0,False,False,0.0,0.0,divalent
Q72GT2,5.479017448425293,0.747,['Mg(2+)'],False,True,0.0386740331491712,15,20,7.0,17.0,True,True,0.75,0.4117647058823529,divalent
Q72GT4,6.96899471282959,0.724,['Mg(2+)'],False,True,0.0,23,40,0.0,35.0,True,False,0.575,0.0,divalent
Q72GU1,5.500275230407714,0.737,"['thiamine diphosphate', 'Mg(2+)']",True,True,0.0081743869209809,0,10,0.0,8.0,False,False,0.0,0.0,both
Q72GV1,8.660698890686035,0.731,['[4Fe-4S] cluster'],True,False,0.0030959752321981,1,7,0.0,6.0,False,False,0.14285714285714285,0.0,covalent
Q72GV2,6.236794853210449,0.736,[],False,False,0.0138248847926267,0,8,1.0,8.0,False,False,0.0,0.125,neither
Q72GV9,9.416655158996583,0.744,[],False,False,0.0,4,40,1.0,34.0,True,False,0.1,0.029411764705882353,neither
Q72GW4,5.432011604309081,0.728,[],False,False,0.0,131,212,32.0,185.0,True,True,0.6179245283018868,0.17297297297297298,neither
Q72GW9,8.80420551300049,0.739,['Mn(2+)'],False,True,0.1180952380952381,2,47,0.0,44.0,True,False,0.0425531914893617,0.0,divalent
Q72GX1,8.609897804260257,0.741,[],False,False,0.0299727520435967,0,4,0.0,4.0,False,False,0.0,0.0,neither
Q72GX5,7.772413825988769,0.737,[],False,False,0.0,0,1,0.0,2.0,False,False,0.0,0.0,neither
Q72GY6,6.046668434143067,0.734,[],False,False,0.0,17,26,5.0,24.0,True,True,0.6538461538461539,0.20833333333333334,neither
Q72GY7,6.394977760314942,0.718,['Mn(2+)'],False,True,0.0094517958412098,0,49,0.0,46.0,False,False,0.0,0.0,divalent
Q72H19,8.812457466125487,0.73,['Zn(2+)'],False,True,0.0,0,12,0.0,11.0,False,False,0.0,0.0,divalent
Q72H36,5.511870384216308,0.731,['Mn(2+)'],False,True,0.0,2,31,1.0,25.0,True,False,0.06451612903225806,0.04,divalent
Q72H57,5.7240503311157225,0.739,['dipyrromethane'],True,False,0.0033222591362126,0,31,0.0,30.0,False,False,0.0,0.0,covalent
Q72H70,5.133663749694824,0.75,['a divalent metal cation'],True,False,0.0,1,13,0.0,12.0,False,False,0.07692307692307693,0.0,covalent
Q72H85,5.00100154876709,0.721,['Mg(2+)'],False,True,0.0,19,53,0.0,37.0,True,False,0.3584905660377358,0.0,divalent
Q72H87,6.199451637268066,0.746,[],False,False,0.0504587155963302,0,13,0.0,9.0,False,False,0.0,0.0,neither
Q72H91,9.571508216857907,0.766,[],False,False,0.0594795539033457,0,2,0.0,2.0,False,False,0.0,0.0,neither
Q72HA0,5.567970466613769,0.738,['Mg(2+)'],False,True,0.0025477707006369,0,47,0.0,33.0,False,False,0.0,0.0,divalent
Q72HA1,5.719048500061036,0.755,['Mg(2+)'],False,True,0.0,0,23,0.0,22.0,False,False,0.0,0.0,divalent
Q72HA9,6.039790916442871,0.736,[],False,False,0.0,0,6,0.0,7.0,False,False,0.0,0.0,neither
Q72HF4,5.600482368469237,0.717,[],False,False,0.0,3,58,0.0,55.0,True,False,0.05172413793103448,0.0,neither
Q72HF6,5.611224937438965,0.736,[],False,False,0.0508982035928143,2,17,0.0,11.0,True,False,0.11764705882352941,0.0,neither
Q72HH0,5.748434257507324,0.752,[],False,False,0.0144927536231884,2,13,0.0,8.0,True,False,0.15384615384615385,0.0,neither
Q72HH1,6.090320777893066,0.736,['Zn(2+)'],False,True,0.0,2,39,1.0,37.0,True,False,0.05128205128205128,0.02702702702702703,divalent
Q72HM6,6.013133430480956,0.739,"['Mg(2+)', 'Zn(2+)']",False,True,0.0164041994750656,0,108,0.0,110.0,False,False,0.0,0.0,divalent
Q72HP1,9.27714557647705,0.735,[],False,False,0.0344827586206896,1,6,0.0,6.0,False,False,0.16666666666666666,0.0,neither
Q72HP3,8.686744117736819,0.742,[],False,False,0.0,4,18,0.0,16.0,True,False,0.2222222222222222,0.0,neither
Q72HP8,6.972461891174317,0.74,['a divalent metal cation'],True,False,0.0,2,10,0.0,11.0,True,False,0.2,0.0,covalent
Q72HR4,5.882915306091308,0.748,['Mg(2+)'],False,True,0.0144230769230769,28,40,4.0,30.0,True,True,0.7,0.13333333333333333,divalent
Q72HS0,6.262258720397949,0.743,[],False,False,0.0,0,24,0.0,21.0,False,False,0.0,0.0,neither
Q72HS7,9.159361839294434,0.752,['Zn(2+)'],False,True,0.0350877192982456,1,2,1.0,2.0,False,False,0.5,0.5,divalent
Q72HS8,6.496435356140137,0.752,[],False,False,0.0064102564102564,0,1,0.0,2.0,False,False,0.0,0.0,neither
Q72HY0,5.776967430114746,0.747,['Fe-coproporphyrin III'],True,False,0.0040160642570281,0,11,0.0,10.0,False,False,0.0,0.0,covalent
Q72I05,10.07416820526123,0.755,[],False,False,0.0097560975609756,14,40,0.0,35.0,True,False,0.35,0.0,neither
Q72I07,11.091479301452637,0.749,[],False,False,0.0,12,43,0.0,37.0,True,False,0.27906976744186046,0.0,neither
Q72I15,10.128192710876462,0.767,[],False,False,0.009090909090909,7,7,0.0,8.0,True,False,1.0,0.0,neither
Q72I23,11.18063907623291,0.784,[],False,False,0.0,1,20,1.0,21.0,False,False,0.05,0.047619047619047616,neither
Q72I25,5.197493934631347,0.748,[],False,False,0.0,5,23,0.0,21.0,True,False,0.21739130434782608,0.0,neither
Q72I26,5.507777976989746,0.738,"['Co(2+)', 'Zn(2+)', 'Mn(2+)', 'Fe(2+)']",False,True,0.0235294117647058,0,6,0.0,4.0,False,False,0.0,0.0,divalent
Q72I32,4.949903297424315,0.754,[],False,False,0.0507936507936507,54,77,16.0,62.0,True,True,0.7012987012987013,0.25806451612903225,neither
Q72I50,6.597210884094238,0.755,[],False,False,0.0389784946236559,1,2,,,False,False,0.5,,neither
Q72I53,5.588716697692871,0.727,"['Mg(2+)', 'K(+)']",True,True,0.0,4,67,5.0,67.0,True,True,0.05970149253731343,0.07462686567164178,both
Q72I55,5.7616777420043945,0.724,"['Mg(2+)', ""pyridoxal 5'-phosphate""]",True,True,0.0047619047619047,0,46,0.0,42.0,False,False,0.0,0.0,both
Q72IA8,9.293327140808106,0.741,[],False,False,0.0,1,4,0.0,2.0,False,False,0.25,0.0,neither
Q72IA9,5.030159950256347,0.729,"['Mg(2+)', 'Mn(2+)']",False,True,0.0,9,39,0.0,34.0,True,False,0.23076923076923078,0.0,divalent
Q72IB0,5.865352058410643,0.736,"['Mg(2+)', 'Mn(2+)', 'Ca(2+)']",False,True,0.0328125,0,20,0.0,16.0,False,False,0.0,0.0,divalent
Q72IE5,5.785891151428221,0.73,[],False,False,0.0278330019880715,3,43,1.0,42.0,True,False,0.06976744186046512,0.023809523809523808,neither
Q72IE8,6.728224754333497,0.725,['Mg(2+)'],False,True,0.006514657980456,1,5,0.0,6.0,False,False,0.2,0.0,divalent
Q72IG0,6.32512264251709,0.721,"['Mg(2+)', 'Mn(2+)']",False,True,0.0,1,118,0.0,106.0,False,False,0.00847457627118644,0.0,divalent
Q72IG5,7.771163368225097,0.733,[],False,False,0.0449438202247191,0,2,0.0,1.0,False,False,0.0,0.0,neither
Q72IH2,6.624891471862793,0.733,"[""pyridoxal 5'-phosphate""]",True,False,0.0024570024570024,0,47,0.0,39.0,False,False,0.0,0.0,covalent
Q72IH6,6.742661857604981,0.721,"['Mg(2+)', '[4Fe-4S] cluster']",True,True,0.0151187904967602,1,12,0.0,12.0,False,False,0.08333333333333333,0.0,both
Q72IH7,5.318333625793457,0.716,[],False,False,0.0013793103448275,0,43,0.0,41.0,False,False,0.0,0.0,neither
Q72IH9,5.614010047912598,0.736,[],False,False,0.013215859030837,4,12,0.0,8.0,True,False,0.3333333333333333,0.0,neither
Q72II0,4.958827018737792,0.773,[],False,False,0.0,10,23,0.0,24.0,True,False,0.43478260869565216,0.0,neither
Q72IJ9,9.16374568939209,0.75,['Zn(2+)'],False,True,0.1486486486486486,0,1,0.0,2.0,False,False,0.0,0.0,divalent
Q72IK9,5.617022514343262,0.738,[],False,False,0.009367681498829,4,81,0.0,77.0,True,False,0.04938271604938271,0.0,neither
Q72IP5,5.868932914733886,0.734,[],False,False,0.0,1,18,0.0,17.0,False,False,0.05555555555555555,0.0,neither
Q72IQ5,6.2586778640747065,0.733,['FAD'],True,False,0.0180586907449209,0,40,0.0,36.0,False,False,0.0,0.0,covalent
Q72IQ7,6.513430213928221,0.73,[],False,False,0.0052521008403361,1,22,0.0,23.0,False,False,0.045454545454545456,0.0,neither
Q72IS8,7.6548139572143565,0.752,['heme'],True,False,0.0694980694980695,0,3,0.0,3.0,False,False,0.0,0.0,covalent
Q72IT2,6.480690956115722,0.753,['heme'],True,False,0.0075187969924812,1,7,0.0,6.0,False,False,0.14285714285714285,0.0,covalent
Q72IV5,5.933160972595215,0.744,['Zn(2+)'],False,True,0.0393700787401574,0,1,0.0,1.0,False,False,0.0,0.0,divalent
Q72IW1,9.095022392272949,0.722,"['Co(2+)', 'Zn(2+)', 'NAD(+)']",True,True,0.0057471264367816,0,8,0.0,6.0,False,False,0.0,0.0,both
Q72IW2,9.612381172180177,0.749,['Mg(2+)'],False,True,0.0108695652173913,1,1,,,False,False,1.0,,divalent
Q72IW3,7.839822959899903,0.741,['FMNH2'],True,False,0.0,0,4,0.0,5.0,False,False,0.0,0.0,covalent
Q72IX3,5.27121410369873,0.738,"['NH4(+)', 'K(+)']",True,False,0.0,1,23,0.0,24.0,False,False,0.043478260869565216,0.0,covalent
Q72IZ1,6.176659202575683,0.729,[],False,False,0.0099378881987577,6,23,3.0,23.0,True,True,0.2608695652173913,0.13043478260869565,neither
Q72IZ2,5.165266227722166,0.742,[],False,False,0.0335570469798657,0,6,0.0,5.0,False,False,0.0,0.0,neither
Q72J23,5.321459770202637,0.729,['a divalent metal cation'],True,False,0.0060975609756097,0,7,0.0,5.0,False,False,0.0,0.0,covalent
Q72J35,6.390316963195801,0.742,['Mg(2+)'],False,True,0.0,2,15,1.0,16.0,True,False,0.13333333333333333,0.0625,divalent
Q72J39,5.961239433288575,0.731,['[4Fe-4S] cluster'],True,False,0.0623655913978494,4,14,0.0,9.0,True,False,0.2857142857142857,0.0,covalent
Q72J48,6.120900154113768,0.731,['Zn(2+)'],False,True,0.0161812297734627,0,24,0.0,19.0,False,False,0.0,0.0,divalent
Q72J91,6.186264991760253,0.731,['Fe(2+)'],False,True,0.0,0,8,0.0,8.0,False,False,0.0,0.0,divalent
Q72J92,6.482680320739747,0.739,[],False,False,0.0481444332998996,1,2,0.0,1.0,False,False,0.5,0.0,neither
Q72J95,6.157504463195799,0.721,['Mg(2+)'],False,True,0.0046296296296296,6,40,0.0,42.0,True,False,0.15,0.0,divalent
Q72JA8,5.734167671203613,0.72,"['[2Fe-2S] cluster', 'Mg(2+)']",True,True,0.0,0,50,0.0,46.0,False,False,0.0,0.0,both
Q72JB3,6.382871055603027,0.731,['[4Fe-4S] cluster'],True,False,0.0042372881355932,1,37,0.0,30.0,False,False,0.02702702702702703,0.0,covalent
Q72JC9,5.710067939758301,0.741,['Mn(2+)'],False,True,0.0346153846153846,20,54,2.0,42.0,True,True,0.37037037037037035,0.047619047619047616,divalent
Q72JE7,6.85906810760498,0.738,['a divalent metal cation'],True,False,0.0160427807486631,0,3,0.0,3.0,False,False,0.0,0.0,covalent
Q72JE9,6.129880714416504,0.744,[],False,False,0.0272727272727272,0,13,0.0,13.0,False,False,0.0,0.0,neither
Q72JF9,5.839888191223144,0.735,['Mn(2+)'],False,True,0.0,3,4,0.0,4.0,True,False,0.75,0.0,divalent
Q72JG1,5.494705009460449,0.729,['[4Fe-4S] cluster'],True,False,0.0023041474654377,3,7,1.0,4.0,True,False,0.42857142857142855,0.25,covalent
Q72JG7,5.788107872009278,0.729,['Zn(2+)'],False,True,0.0,0,27,0.0,26.0,False,False,0.0,0.0,divalent
Q72JI7,6.0629243850708,0.733,['Mg(2+)'],False,True,0.0034782608695652,0,3,0.0,3.0,False,False,0.0,0.0,divalent
Q72JJ8,5.369545555114747,0.735,['Mg(2+)'],False,True,0.0042075736325385,6,32,1.0,27.0,True,False,0.1875,0.037037037037037035,divalent
Q72JK8,5.515792274475095,0.73,['Mn(2+)'],False,True,0.0,3,11,0.0,8.0,True,False,0.2727272727272727,0.0,divalent
Q72JL7,8.710919761657713,0.739,[],False,False,0.0106382978723404,0,18,0.0,16.0,False,False,0.0,0.0,neither
Q72JM6,6.275672721862793,0.736,[],False,False,0.003731343283582,1,26,0.0,25.0,False,False,0.038461538461538464,0.0,neither
Q72JN8,6.242933464050293,0.733,"['Mg(2+)', 'Mn(2+)']",False,True,0.0,1,4,0.0,4.0,False,False,0.25,0.0,divalent
Q72JN9,8.616344642639163,0.763,['FAD'],True,False,0.0185185185185185,0,5,0.0,6.0,False,False,0.0,0.0,covalent
Q72JP1,5.747638511657715,0.715,['[4Fe-4S] cluster'],True,False,0.0236842105263157,1,14,0.0,15.0,False,False,0.07142857142857142,0.0,covalent
Q72JP7,7.764399528503419,0.738,['FAD'],True,False,0.0,0,2,0.0,2.0,False,False,0.0,0.0,covalent
Q72JP8,7.061585426330566,0.728,[],False,False,0.0,0,12,0.0,9.0,False,False,0.0,0.0,neither
Q72JP9,10.27066783905029,0.734,[],False,False,0.0,0,1,1.0,1.0,False,False,0.0,1.0,neither
Q72JQ1,8.706278038024902,0.736,[],False,False,0.0095923261390887,0,11,0.0,9.0,False,False,0.0,0.0,neither
Q72JR0,9.234789848327637,0.808,['Zn(2+)'],False,True,0.0140845070422535,6,12,0.0,11.0,True,False,0.5,0.0,divalent
Q72JR6,5.866886711120604,0.726,['Zn(2+)'],False,True,0.0,2,22,0.0,19.0,True,False,0.09090909090909091,0.0,divalent
Q72JR7,5.5710966110229485,0.756,[],False,False,0.0,5,57,0.0,54.0,True,False,0.08771929824561403,0.0,neither
Q72JR8,7.8658037185668945,0.729,[],False,False,0.0234741784037558,7,35,4.0,25.0,True,True,0.2,0.16,neither
Q72JR9,8.965698814392091,0.741,['Zn(2+)'],False,True,0.0,0,3,0.0,2.0,False,False,0.0,0.0,divalent
Q72JS7,6.050931358337402,0.728,['Mg(2+)'],False,True,0.0,6,26,2.0,20.0,True,True,0.23076923076923078,0.1,divalent
Q72JT0,6.4659128189086905,0.737,[],False,False,0.0,0,8,0.0,8.0,False,False,0.0,0.0,neither
Q72JT9,5.874730491638183,0.741,['Mg(2+)'],False,True,0.0101626016260162,0,21,0.0,22.0,False,False,0.0,0.0,divalent
Q72JU3,6.956774330139161,0.744,[],False,False,0.019108280254777,0,5,0.0,4.0,False,False,0.0,0.0,neither
Q72JU4,9.838213920593262,0.74,[],False,False,0.0576036866359447,2,19,0.0,18.0,True,False,0.10526315789473684,0.0,neither
Q72JV2,5.298383140563964,0.735,[],False,False,0.0,41,67,4.0,53.0,True,True,0.6119402985074627,0.07547169811320754,neither
Q72K16,5.728654289245606,0.726,[],False,False,0.0044943820224719,2,12,1.0,9.0,True,False,0.16666666666666666,0.1111111111111111,neither
Q72K27,6.48881893157959,0.731,[],False,False,0.0100334448160535,12,12,11.0,12.0,True,True,1.0,0.9166666666666666,neither
Q72K37,5.838183021545409,0.739,[],False,False,0.0,13,13,12.0,12.0,True,True,1.0,1.0,neither
Q72K55,5.623956871032715,0.734,[],False,False,0.0,40,52,10.0,44.0,True,True,0.7692307692307693,0.22727272727272727,neither
Q72K85,5.1716321945190415,0.744,['K(+)'],True,False,0.0600461893764434,3,7,0.0,6.0,True,False,0.42857142857142855,0.0,covalent
Q72K87,9.4307092666626,0.749,['Mg(2+)'],False,True,0.0,2,5,0.0,5.0,True,False,0.4,0.0,divalent
Q72K90,8.995676612854005,0.759,[],False,False,0.0492610837438423,2,5,1.0,2.0,True,False,0.4,0.5,neither
Q72K94,5.371989631652832,0.733,"[""pyridoxal 5'-phosphate""]",True,False,0.002415458937198,1,58,0.0,57.0,False,False,0.017241379310344827,0.0,covalent
Q72KB4,6.492740821838378,0.727,[],False,False,0.0245398773006134,3,3,0.0,3.0,True,False,1.0,0.0,neither
Q72KC6,4.41743564605713,0.824,[],False,False,0.0217391304347826,5,18,0.0,17.0,True,False,0.2777777777777778,0.0,neither
Q72KD9,6.759656715393067,0.739,[],False,False,0.0,0,6,0.0,8.0,False,False,0.0,0.0,neither
Q72KE2,5.998923683166503,0.735,"['Mg(2+)', 'Mn(2+)']",False,True,0.0,0,8,0.0,5.0,False,False,0.0,0.0,divalent
Q72KF8,5.904229927062987,0.722,[],False,False,0.0052356020942408,5,20,0.0,17.0,True,False,0.25,0.0,neither
Q72KG1,5.670223808288575,0.73,[],False,False,0.0034129692832764,0,29,0.0,21.0,False,False,0.0,0.0,neither
Q72KH6,5.765599632263183,0.733,[],False,False,0.0,0,32,0.0,27.0,False,False,0.0,0.0,neither
Q72KH8,5.9432783126831055,0.732,['Zn(2+)'],False,True,0.0,0,9,0.0,7.0,False,False,0.0,0.0,divalent
Q72KL2,6.603690528869629,0.733,['[4Fe-4S] cluster'],True,False,0.018018018018018,2,17,0.0,13.0,True,False,0.11764705882352941,0.0,covalent
Q72KL8,6.187572288513183,0.738,['Mg(2+)'],False,True,0.0048543689320388,0,1,,,False,False,0.0,,divalent
Q72KM5,6.827863502502441,0.754,['Zn(2+)'],False,True,0.0,0,3,0.0,3.0,False,False,0.0,0.0,divalent
Q72KN3,5.509653663635253,0.709,['[4Fe-4S] cluster'],True,False,0.0011086474501108,0,81,0.0,75.0,False,False,0.0,0.0,covalent
Q72KN9,6.789269828796387,0.746,[],False,False,0.0149253731343283,0,2,0.0,2.0,False,False,0.0,0.0,neither
Q72KP6,6.256972694396972,0.736,['[4Fe-4S] cluster'],True,False,0.0045977011494252,0,3,0.0,3.0,False,False,0.0,0.0,covalent
Q72KQ8,7.014806938171386,0.739,"['Mg(2+)', 'Mn(2+)']",False,True,0.0867678958785249,1,24,0.0,25.0,False,False,0.041666666666666664,0.0,divalent
Q72KQ9,6.206613349914551,0.744,[],False,False,0.0070422535211267,0,12,0.0,10.0,False,False,0.0,0.0,neither
Q72KR6,8.318242835998536,0.713,['[4Fe-4S] cluster'],True,False,0.0026881720430107,4,24,0.0,22.0,True,False,0.16666666666666666,0.0,covalent
Q72KS4,5.886155128479003,0.741,[],False,False,0.0364779874213836,23,60,4.0,50.0,True,True,0.38333333333333336,0.08,neither
Q72KU0,7.9074502944946286,0.733,[],False,False,0.009933774834437,1,10,0.0,7.0,False,False,0.1,0.0,neither
Q72KU1,5.862964820861816,0.721,['Zn(2+)'],False,True,0.0,2,9,0.0,9.0,True,False,0.2222222222222222,0.0,divalent
Q72KV2,5.655900382995605,0.726,[],False,False,0.0180327868852459,2,8,1.0,9.0,True,False,0.25,0.1111111111111111,neither
Q72L12,5.880243873596191,0.728,"['Zn(2+)', 'methylcob(III)alamin']",True,True,0.0405405405405405,0,11,0.0,9.0,False,False,0.0,0.0,both
Q72L14,5.961523628234863,0.75,[],False,False,0.0401002506265664,25,40,0.0,34.0,True,False,0.625,0.0,neither
Q72L15,5.429794883728026,0.757,[],False,False,0.0051546391752577,17,52,0.0,41.0,True,False,0.3269230769230769,0.0,neither
Q72L16,5.037662696838378,0.767,[],False,False,0.0,81,87,33.0,72.0,True,True,0.9310344827586207,0.4583333333333333,neither
Q72L22,5.744228172302246,0.751,['pyruvate'],True,False,0.0,2,4,1.0,5.0,True,False,0.5,0.2,covalent
Q72L31,6.73436336517334,0.728,[],False,False,0.002932551319648,0,16,0.0,19.0,False,False,0.0,0.0,neither
Q72L32,6.041893959045409,0.745,[],False,False,0.0,23,61,41.0,61.0,True,True,0.3770491803278688,0.6721311475409836,neither
Q72L53,9.295261192321778,0.74,[],False,False,0.0047393364928909,0,3,0.0,1.0,False,False,0.0,0.0,neither
Q72L59,9.191467094421387,0.746,['Mg(2+)'],False,True,0.0,0,3,0.0,3.0,False,False,0.0,0.0,divalent
Q72L62,6.318756675720215,0.732,['Zn(2+)'],False,True,0.0,0,19,0.0,20.0,False,False,0.0,0.0,divalent
Q72L85,5.787312126159668,0.733,[],False,False,0.0,0,40,0.0,40.0,False,False,0.0,0.0,neither
Q72L90,6.645694541931152,0.74,['Mg(2+)'],False,True,0.0332480818414322,0,61,0.0,59.0,False,False,0.0,0.0,divalent
Q72L91,5.564219093322753,0.738,[],False,False,0.0,1,38,0.0,34.0,False,False,0.02631578947368421,0.0,neither
Q72L95,5.056703758239746,0.776,[],False,False,0.1796690307328605,1,14,1.0,11.0,False,False,0.07142857142857142,0.09090909090909091,neither
Q72LC2,5.757983207702637,0.724,[],False,False,0.0,0,23,0.0,20.0,False,False,0.0,0.0,neither
Q72LE2,8.716915321350097,0.742,"[""pyridoxal 5'-phosphate""]",True,False,0.0,0,37,0.0,36.0,False,False,0.0,0.0,covalent
Q72LH1,6.749027824401856,0.722,[],False,False,0.0023419203747072,12,28,0.0,22.0,True,False,0.42857142857142855,0.0,neither
Q72LI2,10.885373878479005,0.787,[],False,False,0.1411042944785276,3,5,0.0,4.0,True,False,0.6,0.0,neither
Q72LI9,6.529231452941894,0.736,[],False,False,0.0,0,32,0.0,29.0,False,False,0.0,0.0,neither
Q72LJ1,9.056405830383298,0.729,[],False,False,0.0,0,5,0.0,6.0,False,False,0.0,0.0,neither
Q72LJ5,6.461820411682129,0.743,['K(+)'],True,False,0.0121703853955375,2,26,3.0,27.0,True,True,0.07692307692307693,0.1111111111111111,covalent
Q72LK3,5.182431602478027,0.737,[],False,False,0.0,0,5,0.0,7.0,False,False,0.0,0.0,neither
Q72LL0,5.377900886535645,0.733,[],False,False,0.0,0,25,0.0,22.0,False,False,0.0,0.0,neither
Q72LM0,6.196837043762207,0.75,['Mg(2+)'],False,True,0.0,1,16,0.0,16.0,False,False,0.0625,0.0,divalent
Q72LM3,6.112317466735839,0.751,['Zn(2+)'],False,True,0.0501618122977346,1,5,0.0,2.0,False,False,0.2,0.0,divalent
Q746Q1,9.18856601715088,0.72,['Mg(2+)'],False,True,0.0068181818181818,0,12,0.0,12.0,False,False,0.0,0.0,divalent
P16608,6.044849586486817,0.736,[],False,False,0.062730627306273,0,12,0.0,8.0,False,False,0.0,0.0,neither
P54893,7.092903709411621,0.761,[],False,False,0.0,4,8,0.0,9.0,True,False,0.5,0.0,neither
P61500,5.618500328063964,0.746,[],False,False,0.0235294117647058,19,38,0.0,30.0,True,False,0.5,0.0,neither
P61661,6.302443885803222,0.731,[],False,False,0.0,0,2,,,False,False,0.0,,neither
P61671,5.672554206848145,0.737,[],False,False,0.0123304562268803,0,3,0.0,3.0,False,False,0.0,0.0,neither
P61695,9.69096813201904,0.763,[],False,False,0.0416666666666666,0,11,0.0,11.0,False,False,0.0,0.0,neither
P61728,8.010406303405762,0.761,[],False,False,0.0,6,11,0.0,8.0,True,False,0.5454545454545454,0.0,neither
P61977,5.740419960021973,0.736,[],False,False,0.0,3,38,1.0,40.0,True,False,0.07894736842105263,0.025,neither
P61989,7.8150026321411135,0.736,[],False,False,0.0163934426229508,0,2,0.0,1.0,False,False,0.0,0.0,neither
P62356,5.534208106994628,0.726,[],False,False,0.0085106382978723,9,13,2.0,13.0,True,True,0.6923076923076923,0.15384615384615385,neither
P62360,5.949416923522949,0.74,[],False,False,0.0,0,19,0.0,16.0,False,False,0.0,0.0,neither
P62374,6.048544120788574,0.737,[],False,False,0.0,0,26,0.0,23.0,False,False,0.0,0.0,neither
P62381,9.50897388458252,0.748,[],False,False,0.0,0,6,0.0,4.0,False,False,0.0,0.0,neither
P62442,9.557969856262208,0.765,[],False,False,0.0204081632653061,5,22,0.0,22.0,True,False,0.22727272727272727,0.0,neither
P62476,9.892625236511227,0.744,[],False,False,0.0070175438596491,0,4,0.0,4.0,False,False,0.0,0.0,neither
P62653,11.131643104553223,0.752,[],False,False,0.019047619047619,0,15,1.0,13.0,False,False,0.0,0.07692307692307693,neither
P62657,10.456014442443848,0.784,[],False,False,0.0,4,17,0.0,14.0,True,False,0.23529411764705882,0.0,neither
P62658,10.34377498626709,0.776,[],False,False,0.019047619047619,12,17,3.0,14.0,True,True,0.7058823529411765,0.21428571428571427,neither
P62659,11.551009941101077,0.786,[],False,False,0.0,4,17,3.0,14.0,True,True,0.23529411764705882,0.21428571428571427,neither
P62660,10.101051521301269,0.773,[],False,False,0.032258064516129,4,10,0.0,9.0,True,False,0.4,0.0,neither
P62661,11.889662361145016,0.779,[],False,False,0.0188679245283018,2,7,0.0,7.0,True,False,0.2857142857142857,0.0,neither
P62662,5.457873344421387,0.746,[],False,False,0.04296875,1,46,0.0,39.0,False,False,0.021739130434782608,0.0,neither
P62666,6.320120811462403,0.756,[],False,False,0.0,19,65,5.0,60.0,True,True,0.2923076923076923,0.08333333333333333,neither
P62667,10.440090751647949,0.767,[],False,False,0.0,1,19,0.0,20.0,False,False,0.05263157894736842,0.0,neither
P62668,10.261706733703612,0.752,[],False,False,0.0,14,25,0.0,26.0,True,False,0.56,0.0,neither
P62669,10.508233833312984,0.757,[],False,False,0.0,8,27,0.0,25.0,True,False,0.2962962962962963,0.0,neither
P96076,6.465855979919433,0.732,[],False,False,0.0,2,23,3.0,20.0,True,True,0.08695652173913043,0.15,neither
Q72G68,6.00705165863037,0.729,[],False,False,0.0,3,32,0.0,33.0,True,False,0.09375,0.0,neither
Q72G73,5.250126838684081,0.737,[],False,False,0.0014326647564469,1,23,0.0,20.0,False,False,0.043478260869565216,0.0,neither
Q72G84,10.898525428771972,0.767,[],False,False,0.0,7,10,0.0,9.0,True,False,0.7,0.0,neither
Q72G88,5.855518913269043,0.728,"[""pyridoxal 5'-phosphate""]",True,False,0.0,0,53,0.0,51.0,False,False,0.0,0.0,covalent
Q72GA0,7.954512214660644,0.741,[],False,False,0.0066666666666666,0,1,0.0,1.0,False,False,0.0,0.0,neither
Q72GA4,7.982040214538574,0.733,"[""pyridoxal 5'-phosphate""]",True,False,0.0304709141274238,0,12,0.0,14.0,False,False,0.0,0.0,covalent
Q72GB9,7.863676261901856,0.74,[],False,False,0.0,0,3,1.0,3.0,False,False,0.0,0.3333333333333333,neither
Q72GC0,5.299519920349121,0.734,['Mg(2+)'],False,True,0.0,14,30,6.0,27.0,True,True,0.4666666666666667,0.2222222222222222,divalent
Q72GD0,5.765429115295409,0.762,[],False,False,0.0241545893719806,1,6,0.0,1.0,False,False,0.16666666666666666,0.0,neither
Q72GD1,5.3323160171508786,0.721,[],False,False,0.0488997555012225,1,17,1.0,18.0,False,False,0.058823529411764705,0.05555555555555555,neither
Q72GD3,7.119333839416504,0.723,"['FMN', '[4Fe-4S] cluster']",True,False,0.0,1,29,0.0,23.0,False,False,0.034482758620689655,0.0,covalent
Q72GD4,6.392931556701661,0.709,"['[2Fe-2S] cluster', '[4Fe-4S] cluster']",True,False,0.0089399744572158,1,50,1.0,44.0,False,False,0.02,0.022727272727272728,covalent
Q72GE2,6.042178153991699,0.733,[],False,False,0.0,0,47,0.0,44.0,False,False,0.0,0.0,neither
Q72GF2,6.163699913024902,0.721,"['Mg(2+)', 'thiamine diphosphate']",True,True,0.0061443932411674,0,53,0.0,46.0,False,False,0.0,0.0,both
Q72GF4,5.391599082946779,0.739,['Mg(2+)'],False,True,0.0024813895781637,0,24,1.0,19.0,False,False,0.0,0.05263157894736842,divalent
Q72GF9,6.212410926818847,0.731,[],False,False,0.0062893081761006,0,41,0.0,40.0,False,False,0.0,0.0,neither
Q72GG0,6.1200475692749015,0.727,[],False,False,0.0,0,18,0.0,16.0,False,False,0.0,0.0,neither
Q72GH1,6.767329978942871,0.721,[],False,False,0.0374665477252453,0,4,0.0,4.0,False,False,0.0,0.0,neither
Q72GH4,5.978575325012207,0.732,[],False,False,0.0099667774086378,12,20,0.0,12.0,True,False,0.6,0.0,neither
Q72GI8,6.7572126388549805,0.777,['Zn(2+)'],False,True,0.0065359477124183,3,10,0.0,5.0,True,False,0.3,0.0,divalent
Q72GJ6,5.343456459045409,0.754,[],False,False,0.0978835978835978,11,19,1.0,13.0,True,False,0.5789473684210527,0.07692307692307693,neither
Q72GJ7,4.858506202697753,0.738,[],False,False,0.009090909090909,0,25,0.0,29.0,False,False,0.0,0.0,neither
Q72GJ9,5.918098640441894,0.742,[],False,False,0.0224215246636771,1,1,,,False,False,1.0,,neither
Q72GM4,5.746274375915529,0.758,[],False,False,0.1847014925373134,25,59,5.0,50.0,True,True,0.423728813559322,0.1,neither
Q72GM5,8.886660575866703,0.762,[],False,False,0.1588235294117647,3,4,3.0,4.0,True,True,0.75,0.75,neither
Q72GN3,6.854464149475096,0.742,[],False,False,0.0,1,7,0.0,8.0,False,False,0.14285714285714285,0.0,neither
Q72GN5,7.887594032287597,0.729,"[""pyridoxal 5'-phosphate""]",True,False,0.0,1,20,1.0,22.0,False,False,0.05,0.045454545454545456,covalent
Q72GP6,5.687048149108887,0.766,['(R)-lipoate'],True,False,0.1142857142857142,2,35,0.0,36.0,True,False,0.05714285714285714,0.0,covalent
Q72GP7,6.321484947204591,0.719,"['Mg(2+)', 'thiamine diphosphate']",True,True,0.0,4,23,1.0,23.0,True,False,0.17391304347826086,0.043478260869565216,both
Q72GQ3,6.813483238220214,0.734,['Mg(2+)'],False,True,0.0578231292517006,2,17,1.0,17.0,True,False,0.11764705882352941,0.058823529411764705,divalent
Q72GQ8,9.336585426330569,0.738,[],False,False,0.0584958217270195,0,23,1.0,16.0,False,False,0.0,0.0625,neither
Q72GR8,6.7422071456909185,0.733,[],False,False,0.0026666666666666,0,25,0.0,16.0,False,False,0.0,0.0,neither
Q72GS1,7.90532283782959,0.765,[],False,False,0.0462427745664739,0,40,1.0,39.0,False,False,0.0,0.02564102564102564,neither
Q72GS2,5.075517463684081,0.797,[],False,False,0.184,30,64,10.0,56.0,True,True,0.46875,0.17857142857142858,neither
Q72GS8,5.956635475158691,0.733,[],False,False,0.0,2,41,0.0,44.0,True,False,0.04878048780487805,0.0,neither
Q72GS9,9.589430427551267,0.737,[],False,False,0.0064102564102564,0,5,0.0,5.0,False,False,0.0,0.0,neither
Q72GU2,5.8553483963012685,0.728,['thiamine diphosphate'],True,False,0.0,0,26,0.0,26.0,False,False,0.0,0.0,covalent
Q72GU4,5.67630558013916,0.768,['(R)-lipoate'],True,False,0.1662971175166297,4,46,0.0,34.0,True,False,0.08695652173913043,0.0,covalent
Q72GU5,6.418679618835449,0.744,['FAD'],True,False,0.0,0,23,0.0,17.0,False,False,0.0,0.0,covalent
Q72GV5,9.09631175994873,0.769,[],False,False,0.0,9,25,1.0,17.0,True,False,0.36,0.058823529411764705,neither
Q72GV7,5.191298484802245,0.753,[],False,False,0.1330798479087452,2,36,0.0,33.0,True,False,0.05555555555555555,0.0,neither
Q72GW1,5.415130424499511,0.75,[],False,False,0.0597826086956521,27,29,11.0,18.0,True,True,0.9310344827586207,0.6111111111111112,neither
Q72GW3,9.895075035095214,0.777,['Zn(2+)'],False,True,0.0185185185185185,0,4,0.0,3.0,False,False,0.0,0.0,divalent
Q72GW8,9.060983085632325,0.761,['Zn(2+)'],False,True,0.0408163265306122,0,17,0.0,14.0,False,False,0.0,0.0,divalent
Q72GX2,8.513968849182131,0.734,[],False,False,0.0434782608695652,0,23,0.0,20.0,False,False,0.0,0.0,neither
Q72GX7,8.921537971496583,0.733,[],False,False,0.0029154518950437,2,3,,,True,False,0.6666666666666666,,neither
Q72GY3,5.426270866394042,0.734,['Zn(2+)'],False,True,0.0,0,56,0.0,49.0,False,False,0.0,0.0,divalent
Q72GY8,7.886498069763183,0.731,"['Ca(2+)', 'Mg(2+)', 'Mn(2+)', ""pyridoxal 5'-phosphate""]",True,True,0.0,1,10,0.0,11.0,False,False,0.1,0.0,both
Q72GY9,6.731123542785644,0.722,[],False,False,0.007366482504604,0,13,0.0,13.0,False,False,0.0,0.0,neither
Q72GZ4,5.985737037658691,0.739,[],False,False,0.0064935064935064,3,10,0.0,12.0,True,False,0.3,0.0,neither
Q72GZ5,8.25474147796631,0.74,['FAD'],True,False,0.0235546038543897,0,50,0.0,37.0,False,False,0.0,0.0,covalent
Q72GZ6,5.802772331237793,0.764,['(R)-lipoate'],True,False,0.0812807881773399,8,29,0.0,32.0,True,False,0.27586206896551724,0.0,covalent
Q72GZ7,5.828008842468263,0.718,['thiamine diphosphate'],True,False,0.0290178571428571,0,84,1.0,86.0,False,False,0.0,0.011627906976744186,covalent
Q72GZ9,7.9748842239379885,0.763,[],False,False,0.0261780104712041,0,1,,,False,False,0.0,,neither
Q72H17,5.617590904235839,0.737,[],False,False,0.0,0,26,0.0,20.0,False,False,0.0,0.0,neither
Q72H23,5.716547584533691,0.752,['Cu cation'],True,False,0.0474777448071216,1,12,0.0,12.0,False,False,0.08333333333333333,0.0,covalent
Q72H31,7.925243568420411,0.748,[],False,False,0.0,0,1,0.0,1.0,False,False,0.0,0.0,neither
Q72H32,9.351155281066896,0.745,[],False,False,0.0,3,34,0.0,35.0,True,False,0.08823529411764706,0.0,neither
Q72H33,5.158388710021971,0.748,['Fe(2+)'],False,True,0.0,16,27,7.0,20.0,True,True,0.5925925925925926,0.35,divalent
Q72H39,8.98555507659912,0.737,['FAD'],True,False,0.0101351351351351,0,21,0.0,16.0,False,False,0.0,0.0,covalent
Q72H43,5.623786354064941,0.734,[],False,False,0.0037453183520599,0,10,0.0,6.0,False,False,0.0,0.0,neither
Q72H55,6.178932762145995,0.723,['Mg(2+)'],False,True,0.0,0,12,0.0,12.0,False,False,0.0,0.0,divalent
Q72H58,4.489791679382324,0.766,[],False,False,0.0,22,78,3.0,74.0,True,True,0.28205128205128205,0.04054054054054054,neither
Q72H59,6.390032768249512,0.732,"[""pyridoxal 5'-phosphate""]",True,False,0.0,3,14,0.0,14.0,True,False,0.21428571428571427,0.0,covalent
Q72H71,8.947260856628418,0.735,[],False,False,0.0,0,14,0.0,12.0,False,False,0.0,0.0,neither
Q72H75,7.684313392639161,0.738,[],False,False,0.0021321961620469,1,35,0.0,27.0,False,False,0.02857142857142857,0.0,neither
Q72H76,5.115759468078613,0.738,[],False,False,0.024024024024024,0,22,0.0,24.0,False,False,0.0,0.0,neither
Q72H84,5.665563011169434,0.72,"['K(+)', 'Mg(2+)']",True,True,0.0042194092827004,3,38,0.0,35.0,True,False,0.07894736842105263,0.0,both
Q72H86,5.043460273742675,0.73,[],False,False,0.0,0,45,0.0,39.0,False,False,0.0,0.0,neither
Q72H88,9.170514869689942,0.73,['FAD'],True,False,0.0016750418760469,0,10,0.0,9.0,False,False,0.0,0.0,covalent
Q72H89,8.903873634338382,0.735,[],False,False,0.0441767068273092,1,1,1.0,1.0,False,False,1.0,1.0,neither
Q72H95,5.036241722106933,0.736,['Mg(2+)'],False,True,0.0,12,31,0.0,27.0,True,False,0.3870967741935484,0.0,divalent
Q72HA7,5.618500328063964,0.757,[],False,False,0.166351606805293,3,5,0.0,5.0,True,False,0.6,0.0,neither
Q72HB8,5.2662691116333,0.756,[],False,False,0.0028248587570621,11,25,0.0,15.0,True,False,0.44,0.0,neither
Q72HD3,8.005893516540528,0.756,[],False,False,0.0,0,7,0.0,4.0,False,False,0.0,0.0,neither
Q72HD8,5.622535896301269,0.749,['FAD'],True,False,0.043076923076923,0,13,0.0,9.0,False,False,0.0,0.0,covalent
Q72HE6,6.041893959045409,0.729,['Mg(2+)'],False,True,0.0,0,13,0.0,12.0,False,False,0.0,0.0,divalent
Q72HE7,5.78594799041748,0.723,[],False,False,0.0153846153846153,0,48,10.0,47.0,False,True,0.0,0.2127659574468085,neither
Q72HE9,5.949814796447753,0.751,[],False,False,0.0213523131672597,12,28,0.0,21.0,True,False,0.42857142857142855,0.0,neither
Q72HJ4,6.189789009094238,0.721,['Mg(2+)'],False,True,0.0,2,23,0.0,22.0,True,False,0.08695652173913043,0.0,divalent
Q72HJ6,5.691197395324706,0.725,['Mg(2+)'],False,True,0.0,3,24,0.0,25.0,True,False,0.125,0.0,divalent
Q72HK2,5.687957572937012,0.739,['Mg(2+)'],False,True,0.0068965517241379,7,11,0.0,12.0,True,False,0.6363636363636364,0.0,divalent
Q72HK9,7.989711952209473,0.749,[],False,False,0.0296296296296296,3,6,0.0,4.0,True,False,0.5,0.0,neither
Q72HM0,9.25219631195068,0.754,[],False,False,0.0606060606060606,4,9,0.0,7.0,True,False,0.4444444444444444,0.0,neither
Q72HM1,5.890759086608886,0.787,[],False,False,0.0296167247386759,0,2,0.0,2.0,False,False,0.0,0.0,neither
Q72HM2,5.526705360412596,0.729,[],False,False,0.0057971014492753,4,30,2.0,27.0,True,True,0.13333333333333333,0.07407407407407407,neither
Q72HM5,5.7100111007690435,0.728,[],False,False,0.0,1,99,0.0,97.0,False,False,0.010101010101010102,0.0,neither
Q72HQ0,6.32876033782959,0.758,[],False,False,0.0063694267515923,1,13,0.0,10.0,False,False,0.07692307692307693,0.0,neither
Q72HR0,8.505265617370608,0.722,['Mn(2+)'],False,True,0.0,0,10,0.0,11.0,False,False,0.0,0.0,divalent
Q72HR2,10.099697685241695,0.758,[],False,False,0.0,6,15,1.0,13.0,True,False,0.4,0.07692307692307693,neither
Q72HR3,11.567513847351076,0.784,[],False,False,0.0117647058823529,7,11,2.0,10.0,True,True,0.6363636363636364,0.2,neither
Q72HR8,4.983608818054199,0.749,[],False,False,0.0176991150442477,5,21,0.0,18.0,True,False,0.23809523809523808,0.0,neither
Q72HS4,6.08446636199951,0.724,[],False,False,0.0,1,24,0.0,27.0,False,False,0.041666666666666664,0.0,neither
Q72HU7,5.249728965759277,0.744,[],False,False,0.0,8,12,0.0,6.0,True,False,0.6666666666666666,0.0,neither
Q72HU9,5.354767417907715,0.747,[],False,False,0.009090909090909,7,28,0.0,26.0,True,False,0.25,0.0,neither
Q72HV9,6.189447975158691,0.725,"[""pyridoxal 5'-phosphate""]",True,False,0.0,0,48,0.0,43.0,False,False,0.0,0.0,covalent
Q72HX4,6.317108345031738,0.729,[],False,False,0.0200501253132832,0,1,0.0,1.0,False,False,0.0,0.0,neither
Q72HX5,6.1502290725707995,0.796,[],False,False,0.0106382978723404,0,2,0.0,1.0,False,False,0.0,0.0,neither
Q72I01,5.320266151428222,0.72,[],False,False,0.0144717800289435,32,115,3.0,111.0,True,True,0.2782608695652174,0.02702702702702703,neither
Q72I04,10.361826133728025,0.754,[],False,False,0.0048543689320388,17,35,1.0,32.0,True,False,0.4857142857142857,0.03125,neither
Q72I06,10.16958141326904,0.76,[],False,False,0.0,21,26,2.0,15.0,True,True,0.8076923076923077,0.13333333333333333,neither
Q72I09,10.42603664398193,0.76,[],False,False,0.0088495575221238,20,27,5.0,21.0,True,True,0.7407407407407407,0.23809523809523808,neither
Q72I11,10.404439735412598,0.757,[],False,False,0.0,5,11,1.0,8.0,True,False,0.45454545454545453,0.125,neither
Q72I12,10.705120277404784,0.785,[],False,False,0.0,2,10,0.0,10.0,True,False,0.2,0.0,neither
Q72I14,9.806173133850098,0.747,[],False,False,0.0,2,13,0.0,8.0,True,False,0.15384615384615385,0.0,neither
Q72I16,9.725136375427244,0.748,[],False,False,0.0054945054945054,22,59,0.0,53.0,True,False,0.3728813559322034,0.0,neither
Q72I19,10.188406181335449,0.755,[],False,False,0.0,3,26,2.0,26.0,True,True,0.11538461538461539,0.07692307692307693,neither
Q72I20,10.999998664855958,0.756,[],False,False,0.0,7,17,4.0,14.0,True,True,0.4117647058823529,0.2857142857142857,neither
Q72I22,10.200461769104006,0.765,[],False,False,0.0,2,10,2.0,7.0,True,True,0.2,0.2857142857142857,neither
Q72I33,11.354897117614744,0.761,[],False,False,0.0,1,12,0.0,9.0,False,False,0.08333333333333333,0.0,neither
Q72I38,6.650923728942872,0.793,[],False,False,0.16796875,0,1,0.0,1.0,False,False,0.0,0.0,neither
Q72I39,7.858583259582519,0.766,[],False,False,0.0,0,8,0.0,8.0,False,False,0.0,0.0,neither
Q72I52,5.767020606994628,0.732,[],False,False,0.0,0,7,0.0,8.0,False,False,0.0,0.0,neither
Q72I77,9.647709846496582,0.736,[],False,False,0.0,0,13,0.0,11.0,False,False,0.0,0.0,neither
Q72I89,9.673819541931152,0.746,[],False,False,0.0,0,5,0.0,2.0,False,False,0.0,0.0,neither
Q72I96,5.4286012649536115,0.773,[],False,False,0.0,17,21,0.0,16.0,True,False,0.8095238095238095,0.0,neither
Q72I97,5.717570686340332,0.773,[],False,False,0.0,0,5,0.0,6.0,False,False,0.0,0.0,neither
Q72I98,5.364089012145995,0.738,[],False,False,0.0,1,12,0.0,13.0,False,False,0.08333333333333333,0.0,neither
Q72IA7,5.216876029968262,0.76,[],False,False,0.058252427184466,28,43,6.0,35.0,True,True,0.6511627906976745,0.17142857142857143,neither
Q72IB3,7.236990547180176,0.733,"[""pyridoxal 5'-phosphate""]",True,False,0.0,0,17,0.0,15.0,False,False,0.0,0.0,covalent
Q72IB9,5.566606330871582,0.727,[],False,False,0.0,27,42,0.0,41.0,True,False,0.6428571428571429,0.0,neither
Q72IC1,6.695144462585449,0.738,[],False,False,0.0023584905660377,0,54,0.0,50.0,False,False,0.0,0.0,neither
Q72IC9,5.569675636291502,0.721,[],False,False,0.0,1,11,0.0,10.0,False,False,0.09090909090909091,0.0,neither
Q72ID1,9.360180854797363,0.727,[],False,False,0.0,2,2,1.0,1.0,True,False,1.0,1.0,neither
Q72ID5,6.375368309020996,0.762,[],False,False,0.0045454545454545,0,12,3.0,10.0,False,True,0.0,0.3,neither
Q72ID6,5.2791147232055655,0.778,[],False,False,0.0202020202020202,0,19,0.0,16.0,False,False,0.0,0.0,neither
Q72ID8,5.99096622467041,0.756,[],False,False,0.0060975609756097,0,8,0.0,8.0,False,False,0.0,0.0,neither
Q72IE6,6.301250267028809,0.755,['Fe cation'],True,False,0.0,0,16,0.0,14.0,False,False,0.0,0.0,covalent
Q72IE7,5.511301994323729,0.739,[],False,False,0.0,9,11,5.0,10.0,True,True,0.8181818181818182,0.5,neither
Q72IG9,7.857036018371582,0.733,[],False,False,0.0,3,34,0.0,32.0,True,False,0.08823529411764706,0.0,neither
Q72IH1,5.398590278625488,0.746,[],False,False,0.0018939393939393,1,11,0.0,8.0,False,False,0.09090909090909091,0.0,neither
Q72II1,6.272489738464355,0.734,[],False,False,0.0,2,5,1.0,4.0,True,False,0.4,0.25,neither
Q72II3,6.490524101257324,0.745,[],False,False,0.0,0,31,0.0,31.0,False,False,0.0,0.0,neither
Q72II9,9.61212329864502,0.745,[],False,False,0.0,0,1,0.0,1.0,False,False,0.0,0.0,neither
Q72IJ6,5.796008491516113,0.726,['Mg(2+)'],False,True,0.0163111668757841,2,4,0.0,3.0,True,False,0.5,0.0,divalent
Q72IK0,5.796576881408691,0.734,['Mn(2+)'],False,True,0.0333333333333333,6,40,0.0,23.0,True,False,0.15,0.0,divalent
Q72IK5,5.330269813537597,0.731,[],False,False,0.0178861788617886,0,39,0.0,28.0,False,False,0.0,0.0,neither
Q72IK6,4.877547264099121,0.807,[],False,False,0.0282485875706214,14,27,1.0,24.0,True,False,0.5185185185185185,0.041666666666666664,neither
Q72IM6,5.3408418655395495,0.742,[],False,False,0.027027027027027,8,26,5.0,23.0,True,True,0.3076923076923077,0.21739130434782608,neither
Q72IN1,10.2276029586792,0.753,[],False,False,0.0,9,15,2.0,13.0,True,True,0.6,0.15384615384615385,neither
Q72IP2,6.167167091369628,0.749,['FAD'],True,False,0.0,0,28,0.0,23.0,False,False,0.0,0.0,covalent
Q72IP3,8.801304435729982,0.737,"['[2Fe-2S] cluster', '[3Fe-4S] cluster', '[4Fe-4S] cluster']",True,False,0.0043103448275862,1,11,1.0,11.0,False,False,0.09090909090909091,0.09090909090909091,covalent
Q72IP7,5.944415092468262,0.729,[],False,False,0.037037037037037,0,9,0.0,8.0,False,False,0.0,0.0,neither
Q72IQ1,5.330554008483887,0.734,['Mn(2+)'],False,True,0.0030674846625766,8,24,8.0,22.0,True,True,0.3333333333333333,0.36363636363636365,divalent
Q72IQ9,5.471685218811035,0.738,['Mg(2+)'],False,True,0.0,2,10,1.0,6.0,True,False,0.2,0.16666666666666666,divalent
Q72IR2,6.128630256652832,0.733,[],False,False,0.0,7,20,3.0,17.0,True,True,0.35,0.17647058823529413,neither
Q72IS0,6.190414237976075,0.731,[],False,False,0.0216763005780346,0,8,0.0,4.0,False,False,0.0,0.0,neither
Q72IV3,5.161855888366698,0.737,[],False,False,0.0,0,5,0.0,4.0,False,False,0.0,0.0,neither
Q72IV6,7.86689968109131,0.739,[],False,False,0.0788863109048723,7,21,2.0,20.0,True,True,0.3333333333333333,0.1,neither
Q72IY4,6.9998582839965815,0.746,[],False,False,0.066079295154185,2,3,0.0,2.0,True,False,0.6666666666666666,0.0,neither
Q72IZ3,9.431676292419432,0.724,[],False,False,0.0,1,1,0.0,1.0,False,False,1.0,0.0,neither
Q72J03,6.176659202575683,0.742,[],False,False,0.0,0,23,0.0,17.0,False,False,0.0,0.0,neither
Q72J06,6.447383308410643,0.734,[],False,False,0.0128205128205128,0,12,0.0,13.0,False,False,0.0,0.0,neither
Q72J16,6.192971992492676,0.731,['Mg(2+)'],False,True,0.0044843049327354,11,46,0.0,34.0,True,False,0.2391304347826087,0.0,divalent
Q72J24,6.7447080612182635,0.738,[],False,False,0.0,0,16,0.0,8.0,False,False,0.0,0.0,neither
Q72J46,6.837582969665529,0.744,[],False,False,0.0,15,22,0.0,17.0,True,False,0.6818181818181818,0.0,neither
Q72J52,6.369343376159668,0.764,[],False,False,0.1666666666666666,4,28,0.0,21.0,True,False,0.14285714285714285,0.0,neither
Q72J56,5.706259727478028,0.741,[],False,False,0.0403225806451612,0,2,0.0,2.0,False,False,0.0,0.0,neither
Q72J60,6.0736101150512685,0.72,[],False,False,0.0079491255961844,35,47,0.0,31.0,True,False,0.7446808510638298,0.0,neither
Q72J67,6.516044807434082,0.737,[],False,False,0.0015337423312883,2,5,0.0,3.0,True,False,0.4,0.0,neither
Q72J69,5.76855525970459,0.788,[],False,False,0.0,1,31,0.0,29.0,False,False,0.03225806451612903,0.0,neither
Q72J70,8.48444232940674,0.732,[],False,False,0.0030959752321981,3,25,3.0,25.0,True,True,0.12,0.12,neither
Q72J71,4.635811042785644,0.766,[],False,False,0.0,13,39,0.0,39.0,True,False,0.3333333333333333,0.0,neither
Q72J72,5.105698966979979,0.723,[],False,False,0.0,34,96,1.0,73.0,True,False,0.3541666666666667,0.0136986301369863,neither
Q72J73,5.258936882019043,0.728,[],False,False,0.0209205020920502,0,89,0.0,75.0,False,False,0.0,0.0,neither
Q72J74,9.789540290832516,0.776,[],False,False,0.0627802690582959,0,20,0.0,15.0,False,False,0.0,0.0,neither
Q72J77,9.107787132263184,0.729,[],False,False,0.0454545454545454,0,2,,,False,False,0.0,,neither
Q72J82,5.599857139587402,0.719,[],False,False,0.0,0,9,0.0,6.0,False,False,0.0,0.0,neither
Q72J93,6.2355443954467775,0.723,[],False,False,0.0207336523125996,1,7,0.0,8.0,False,False,0.14285714285714285,0.0,neither
Q72JA0,5.42087116241455,0.733,[],False,False,0.0262172284644194,0,32,0.0,30.0,False,False,0.0,0.0,neither
Q72JB2,4.773361396789551,0.753,[],False,False,0.0,19,25,3.0,18.0,True,True,0.76,0.16666666666666666,neither
Q72JB4,6.2816976547241214,0.742,[],False,False,0.0,0,18,0.0,15.0,False,False,0.0,0.0,neither
Q72JC6,6.272205543518066,0.725,"['Mg(2+)', 'thiamine diphosphate']",True,True,0.0106761565836298,0,10,0.0,8.0,False,False,0.0,0.0,both
Q72JC7,9.028297615051269,0.755,[],False,False,0.0294117647058823,0,6,0.0,5.0,False,False,0.0,0.0,neither
Q72JD1,5.669769096374512,0.737,[],False,False,0.0095419847328244,3,29,1.0,27.0,True,False,0.10344827586206896,0.037037037037037035,neither
Q72JF0,5.431102180480956,0.739,['Mg(2+)'],False,True,0.0135869565217391,30,40,3.0,29.0,True,True,0.75,0.10344827586206896,divalent
Q72JG4,6.096232032775878,0.713,"[""pyridoxal 5'-phosphate""]",True,False,0.0012210012210012,0,26,0.0,22.0,False,False,0.0,0.0,covalent
Q72JH2,6.383837318420409,0.738,[],False,False,0.0,0,7,1.0,6.0,False,False,0.0,0.16666666666666666,neither
Q72JI0,5.6645399093627935,0.729,"[""pyridoxal 5'-phosphate""]",True,False,0.0,0,22,4.0,22.0,False,True,0.0,0.18181818181818182,covalent
Q72JL2,4.853731727600096,0.751,[],False,False,0.0,19,38,0.0,21.0,True,False,0.5,0.0,neither
Q72JL3,4.649281883239747,0.778,[],False,False,0.1272727272727272,10,24,2.0,21.0,True,True,0.4166666666666667,0.09523809523809523,neither
Q72JL4,6.1248788833618155,0.726,[],False,False,0.0,16,23,1.0,23.0,True,False,0.6956521739130435,0.043478260869565216,neither
Q72JL6,5.202779960632324,0.745,[],False,False,0.0,2,6,1.0,5.0,True,False,0.3333333333333333,0.2,neither
Q72JP4,5.021122550964355,0.727,[],False,False,0.0852272727272727,15,49,13.0,54.0,True,True,0.30612244897959184,0.24074074074074073,neither
Q72JP5,5.6916521072387685,0.744,[],False,False,0.0462287104622871,0,2,0.0,2.0,False,False,0.0,0.0,neither
Q72JQ8,5.9092317581176745,0.76,[],False,False,0.0,0,1,,,False,False,0.0,,neither
Q72JR1,6.0875356674194325,0.737,[],False,False,0.0,0,16,0.0,15.0,False,False,0.0,0.0,neither
Q72JS0,5.85244960784912,0.742,[],False,False,0.0,1,2,0.0,1.0,False,False,0.5,0.0,neither
Q72JS4,5.413709449768065,0.736,['Mg(2+)'],False,True,0.0047058823529411,1,1,0.0,1.0,False,False,1.0,0.0,divalent
Q72JS5,7.132804679870605,0.721,[],False,False,0.0,0,4,0.0,5.0,False,False,0.0,0.0,neither
Q72JS8,5.999548912048339,0.73,[],False,False,0.013189448441247,1,1,0.0,1.0,False,False,1.0,0.0,neither
Q72JT2,6.07304172515869,0.774,[],False,False,0.0061538461538461,1,2,0.0,2.0,False,False,0.5,0.0,neither
Q72JU6,10.148758125305177,0.76,[],False,False,0.0,0,2,0.0,2.0,False,False,0.0,0.0,neither
Q72JU7,5.05425968170166,0.744,[],False,False,0.0,9,13,4.0,11.0,True,True,0.6923076923076923,0.36363636363636365,neither
Q72JU8,5.844378471374512,0.754,[],False,False,0.0,0,4,0.0,4.0,False,False,0.0,0.0,neither
Q72JU9,10.877895545959472,0.775,[],False,False,0.0205479452054794,12,20,1.0,16.0,True,False,0.6,0.0625,neither
Q72JV1,5.223014640808104,0.745,['[4Fe-4S] cluster'],True,False,0.0,0,13,0.0,8.0,False,False,0.0,0.0,covalent
Q72JX2,4.97991428375244,0.767,[],False,False,0.0527859237536656,7,8,2.0,3.0,True,True,0.875,0.6666666666666666,neither
Q72JZ5,5.831305503845214,0.73,[],False,False,0.0,1,28,0.0,24.0,False,False,0.03571428571428571,0.0,neither
Q72JZ7,5.94680233001709,0.743,[],False,False,0.0279720279720279,12,20,17.0,20.0,True,True,0.6,0.85,neither
Q72JZ8,6.610795402526856,0.729,['[4Fe-4S] cluster'],True,False,0.0064516129032258,2,6,1.0,3.0,True,False,0.3333333333333333,0.3333333333333333,covalent
Q72JZ9,6.980476188659668,0.72,['FAD'],True,False,0.0,0,8,0.0,10.0,False,False,0.0,0.0,covalent
Q72K32,5.7058618545532225,0.735,[],False,False,0.0,16,50,0.0,43.0,True,False,0.32,0.0,neither
Q72K49,5.183682060241698,0.74,['thiamine diphosphate'],True,False,0.0,0,14,0.0,12.0,False,False,0.0,0.0,covalent
Q72K73,9.704699897766112,0.74,[],False,False,0.0087719298245614,1,1,0.0,1.0,False,False,1.0,0.0,neither
Q72K74,5.258084297180175,0.746,[],False,False,0.0,0,3,0.0,3.0,False,False,0.0,0.0,neither
Q72K76,5.935775566101075,0.73,[],False,False,0.04,0,29,0.0,22.0,False,False,0.0,0.0,neither
Q72K80,6.22872371673584,0.727,['Mg(2+)'],False,True,0.0,3,44,0.0,42.0,True,False,0.06818181818181818,0.0,divalent
Q72K83,5.829827690124512,0.732,"[""pyridoxal 5'-phosphate""]",True,False,0.0046838407494145,1,36,0.0,34.0,False,False,0.027777777777777776,0.0,covalent
Q72K86,6.265328025817872,0.746,[],False,False,0.002004008016032,0,35,0.0,36.0,False,False,0.0,0.0,neither
Q72K93,9.180507469177249,0.75,[],False,False,0.0913978494623656,2,12,0.0,10.0,True,False,0.16666666666666666,0.0,neither
Q72K98,7.141160011291503,0.736,[],False,False,0.0,1,79,0.0,64.0,False,False,0.012658227848101266,0.0,neither
Q72KA1,9.743638801574708,0.751,[],False,False,0.0,1,3,0.0,1.0,False,False,0.3333333333333333,0.0,neither
Q72KA9,5.458896446228027,0.744,[],False,False,0.0146627565982404,3,23,0.0,18.0,True,False,0.13043478260869565,0.0,neither
Q72KB0,6.215366554260252,0.736,['Zn(2+)'],False,True,0.0083333333333333,0,16,0.0,14.0,False,False,0.0,0.0,divalent
Q72KB2,6.569359779357909,0.737,[],False,False,0.0,2,7,1.0,8.0,True,False,0.2857142857142857,0.125,neither
Q72KB3,5.563480186462402,0.732,[],False,False,0.0090791180285343,0,11,0.0,14.0,False,False,0.0,0.0,neither
Q72KD2,5.6051431655883786,0.754,[],False,False,0.0245901639344262,2,7,0.0,6.0,True,False,0.2857142857142857,0.0,neither
Q72KD8,6.165461921691894,0.769,[],False,False,0.0,7,55,0.0,48.0,True,False,0.12727272727272726,0.0,neither
Q72KE0,6.989740943908691,0.758,[],False,False,0.0,7,18,0.0,17.0,True,False,0.3888888888888889,0.0,neither
Q72KE6,9.184504508972168,0.738,[],False,False,0.0050251256281407,1,4,0.0,2.0,False,False,0.25,0.0,neither
Q72KE8,5.2700204849243155,0.739,[],False,False,0.0017513134851138,0,30,0.0,23.0,False,False,0.0,0.0,neither
Q72KF7,5.6337900161743155,0.73,[],False,False,0.0,33,39,0.0,32.0,True,False,0.8461538461538461,0.0,neither
Q72KG3,5.046018028259277,0.751,[],False,False,0.0891719745222929,13,16,4.0,14.0,True,True,0.8125,0.2857142857142857,neither
Q72KG4,5.741386222839356,0.759,[],False,False,0.0025839793281653,8,35,0.0,26.0,True,False,0.22857142857142856,0.0,neither
Q72KG9,9.06059627532959,0.743,[],False,False,0.0341463414634146,0,3,0.0,3.0,False,False,0.0,0.0,neither
Q72KJ5,5.346525764465332,0.743,[],False,False,0.0,0,10,0.0,8.0,False,False,0.0,0.0,neither
Q72KL4,9.06136989593506,0.728,[],False,False,0.0057306590257879,0,17,0.0,14.0,False,False,0.0,0.0,neither
Q72KM2,9.750665855407714,0.77,[],False,False,0.1219512195121951,0,1,0.0,2.0,False,False,0.0,0.0,neither
Q72KM9,5.59781093597412,0.767,[],False,False,0.0526315789473684,3,14,2.0,12.0,True,True,0.21428571428571427,0.16666666666666666,neither
Q72KP4,7.933237648010254,0.735,[],False,False,0.0,0,3,0.0,2.0,False,False,0.0,0.0,neither
Q72KR7,9.365660667419434,0.73,[],False,False,0.0,0,1,0.0,1.0,False,False,0.0,0.0,neither
Q72KS8,9.499625968933106,0.736,[],False,False,0.0692520775623268,0,2,0.0,2.0,False,False,0.0,0.0,neither
Q72KT2,6.296703147888183,0.728,['FAD'],True,False,0.0,0,18,0.0,16.0,False,False,0.0,0.0,covalent
Q72KT9,6.45607967376709,0.742,[],False,False,0.0,1,3,0.0,2.0,False,False,0.3333333333333333,0.0,neither
Q72KV4,6.664792442321779,0.741,['[4Fe-4S] cluster'],True,False,0.0272727272727272,0,4,0.0,4.0,False,False,0.0,0.0,covalent
Q72KV7,6.503142356872559,0.729,"[""pyridoxal 5'-phosphate""]",True,False,0.0,2,16,0.0,15.0,True,False,0.125,0.0,covalent
Q72KW6,5.841707038879394,0.744,[],False,False,0.0045662100456621,1,4,0.0,4.0,False,False,0.25,0.0,neither
Q72L00,6.853782081604003,0.739,[],False,False,0.0425531914893617,0,11,0.0,11.0,False,False,0.0,0.0,neither
Q72L05,7.388466453552247,0.719,['Mg(2+)'],False,True,0.0011655011655011,0,22,0.0,21.0,False,False,0.0,0.0,divalent
Q72L08,4.909661293029784,0.764,[],False,False,0.0,13,45,1.0,41.0,True,False,0.28888888888888886,0.024390243902439025,neither
Q72L13,6.955012321472168,0.726,[],False,False,0.0019762845849802,0,23,0.0,23.0,False,False,0.0,0.0,neither
Q72L20,9.269796180725098,0.752,[],False,False,0.0406976744186046,2,5,0.0,5.0,True,False,0.4,0.0,neither
Q72L33,10.169839286804198,0.728,['FAD'],True,False,0.0153172866520787,0,2,0.0,1.0,False,False,0.0,0.0,covalent
Q72L37,5.963001441955567,0.731,[],False,False,0.0,1,12,1.0,13.0,False,False,0.08333333333333333,0.07692307692307693,neither
Q72L50,7.001051902770995,0.718,"[""pyridoxal 5'-phosphate""]",True,False,0.0,39,42,26.0,33.0,True,True,0.9285714285714286,0.7878787878787878,covalent
Q72L58,5.444061470031738,0.717,[],False,False,0.0,0,31,0.0,27.0,False,False,0.0,0.0,neither
Q72L65,9.291779899597168,0.736,[],False,False,0.04,3,9,1.0,8.0,True,False,0.3333333333333333,0.125,neither
Q72L68,8.732710075378417,0.739,"[""pyridoxal 5'-phosphate""]",True,False,0.0,0,1,0.0,2.0,False,False,0.0,0.0,covalent
Q72L69,5.806637382507325,0.725,[],False,False,0.0072727272727272,1,37,0.0,35.0,False,False,0.02702702702702703,0.0,neither
Q72L73,7.852523231506348,0.745,[],False,False,0.0177777777777777,0,4,0.0,4.0,False,False,0.0,0.0,neither
Q72L76,11.525931739807133,0.79,[],False,False,0.0,3,18,1.0,16.0,True,False,0.16666666666666666,0.0625,neither
Q72L77,10.999998664855958,0.787,[],False,False,0.0,0,3,0.0,3.0,False,False,0.0,0.0,neither
Q72L79,5.59184284210205,0.726,[],False,False,0.0054744525547445,1,46,0.0,40.0,False,False,0.021739130434782608,0.0,neither
Q72L87,6.437834358215332,0.734,[],False,False,0.0236406619385342,3,3,1.0,6.0,True,False,1.0,0.16666666666666666,neither
Q72L89,5.142928504943847,0.733,[],False,False,0.0226628895184136,12,18,0.0,9.0,True,False,0.6666666666666666,0.0,neither
Q72LA0,9.042158317565915,0.742,[],False,False,0.0170068027210884,0,7,0.0,6.0,False,False,0.0,0.0,neither
Q72LA9,5.420530128479004,0.743,[],False,False,0.0,44,62,1.0,43.0,True,False,0.7096774193548387,0.023255813953488372,neither
Q72LB0,4.075094413757324,0.744,['(R)-lipoate'],True,False,0.0,0,4,0.0,4.0,False,False,0.0,0.0,covalent
Q72LB1,5.882744789123534,0.731,[],False,False,0.0,1,17,0.0,19.0,False,False,0.058823529411764705,0.0,neither
Q72LB5,6.343595314025879,0.727,"['Mg(2+)', 'Mn(2+)', 'Mn(2+)']",False,True,0.0017361111111111,65,69,9.0,52.0,True,True,0.9420289855072463,0.17307692307692307,divalent
Q72LC1,6.589196586608887,0.761,[],False,False,0.0,0,7,0.0,7.0,False,False,0.0,0.0,neither
Q72LC9,5.993978691101074,0.724,[],False,False,0.0,0,36,6.0,43.0,False,True,0.0,0.13953488372093023,neither
Q72LD2,6.2002473831176745,0.721,['[4Fe-4S] cluster'],True,False,0.0,0,3,0.0,2.0,False,False,0.0,0.0,covalent
Q72LD6,6.296589469909668,0.737,[],False,False,0.0,0,3,0.0,2.0,False,False,0.0,0.0,neither
Q72LE4,5.220172691345213,0.729,[],False,False,0.0,12,35,19.0,29.0,True,True,0.34285714285714286,0.6551724137931034,neither
Q72LG3,6.414757728576659,0.742,['FAD'],True,False,0.0059701492537313,0,12,0.0,11.0,False,False,0.0,0.0,covalent
Q72LH0,6.861398506164551,0.742,[],False,False,0.0,3,6,0.0,5.0,True,False,0.5,0.0,neither
Q72LH2,6.2458890914917,0.73,"[""pyridoxal 5'-phosphate""]",True,False,0.0160427807486631,0,22,0.0,21.0,False,False,0.0,0.0,covalent
Q72LI4,7.755021095275879,0.737,[],False,False,0.0395348837209302,1,3,0.0,3.0,False,False,0.3333333333333333,0.0,neither
Q72LJ9,7.1553129196167,0.735,"[""pyridoxal 5'-phosphate""]",True,False,0.0028818443804034,1,32,0.0,32.0,False,False,0.03125,0.0,covalent
Q72LL1,5.985680198669433,0.727,[],False,False,0.0,0,17,0.0,9.0,False,False,0.0,0.0,neither
Q72LL2,6.866514015197754,0.742,[],False,False,0.0,0,11,1.0,9.0,False,False,0.0,0.1111111111111111,neither
Q72LL3,4.255615043640137,0.763,[],False,False,0.0,11,13,0.0,8.0,True,False,0.8461538461538461,0.0,neither
Q72LL4,6.149603843688964,0.731,[],False,False,0.0,1,43,0.0,42.0,False,False,0.023255813953488372,0.0,neither
Q745X2,6.342685890197754,0.745,['Mg(2+)'],False,True,0.0151515151515151,0,2,0.0,2.0,False,False,0.0,0.0,divalent
Q746B8,5.932876777648925,0.729,[],False,False,0.0,6,7,3.0,5.0,True,True,0.8571428571428571,0.6,neither
Q746F3,6.295111656188964,0.716,['a divalent metal cation'],True,False,0.0099378881987577,0,4,0.0,5.0,False,False,0.0,0.0,covalent
Q746G0,6.652458381652833,0.736,[],False,False,0.0,0,1,0.0,1.0,False,False,0.0,0.0,neither
Q746H1,6.512804985046387,0.743,[],False,False,0.0341614906832298,4,10,1.0,7.0,True,False,0.4,0.14285714285714285,neither
Q746H2,9.468100929260256,0.758,[],False,False,0.037037037037037,0,3,0.0,3.0,False,False,0.0,0.0,neither
Q746I4,5.936855506896973,0.737,['Zn(2+)'],False,True,0.0028653295128939,5,9,2.0,9.0,True,True,0.5555555555555556,0.2222222222222222,divalent
Q746J7,6.3564977645874015,0.755,[],False,False,0.031578947368421,1,1,,,False,False,1.0,,neither
Q746L1,5.842104911804199,0.723,[],False,False,0.0069605568445475,0,9,0.0,10.0,False,False,0.0,0.0,neither
Q746L7,5.384551048278809,0.732,[],False,False,0.0129449838187702,0,2,0.0,2.0,False,False,0.0,0.0,neither
Q746N0,6.842414283752441,0.737,[],False,False,0.0729166666666666,0,6,0.0,6.0,False,False,0.0,0.0,neither
Q746N1,6.215366554260252,0.739,[],False,False,0.0238805970149253,0,6,0.0,7.0,False,False,0.0,0.0,neither
Q746P7,6.26845417022705,0.735,[],False,False,0.0,1,10,0.0,10.0,False,False,0.1,0.0,neither
Q9ACJ8,9.568542671203613,0.764,[],False,False,0.0116959064327485,0,4,0.0,5.0,False,False,0.0,0.0,neither
P62041,5.066309547424315,0.748,[],False,False,0.0204918032786885,24,25,7.0,15.0,True,True,0.96,0.4666666666666667,neither
Q72G60,8.643808174133301,0.729,[],False,False,0.0410557184750733,2,3,1.0,2.0,True,False,0.6666666666666666,0.5,neither
Q72G62,5.761905097961425,0.732,['Mg(2+)'],False,True,0.006060606060606,1,11,0.0,13.0,False,False,0.09090909090909091,0.0,divalent
Q72G63,4.6899217605590815,0.782,[],False,False,0.0,1,1,0.0,2.0,False,False,1.0,0.0,neither
Q72G67,6.727485847473145,0.769,[],False,False,0.0095238095238095,1,1,,,False,False,1.0,,neither
Q72G70,5.631232261657714,0.747,[],False,False,0.0313901345291479,0,1,,,False,False,0.0,,neither
Q72G71,7.937879371643066,0.733,[],False,False,0.0,1,1,0.0,2.0,False,False,1.0,0.0,neither
Q72G74,6.755450630187989,0.775,[],False,False,0.059322033898305,1,3,0.0,3.0,False,False,0.3333333333333333,0.0,neither
Q72G78,7.737457847595215,0.771,[],False,False,0.0,0,7,0.0,7.0,False,False,0.0,0.0,neither
Q72G79,5.504879188537596,0.728,[],False,False,0.0,2,44,0.0,49.0,True,False,0.045454545454545456,0.0,neither
Q72G82,6.3924768447875975,0.73,[],False,False,0.0,0,10,0.0,12.0,False,False,0.0,0.0,neither
Q72G89,5.111326026916504,0.744,[],False,False,0.0,0,4,0.0,2.0,False,False,0.0,0.0,neither
Q72G90,5.150601768493652,0.755,[],False,False,0.0,0,1,0.0,1.0,False,False,0.0,0.0,neither
Q72G92,6.3879297256469725,0.741,[],False,False,0.0704845814977973,1,2,0.0,1.0,False,False,0.5,0.0,neither
Q72G93,5.0400499343872065,0.744,[],False,False,0.0035211267605633,13,16,0.0,8.0,True,False,0.8125,0.0,neither
Q72G94,6.77022876739502,0.732,[],False,False,0.0,1,1,0.0,1.0,False,False,1.0,0.0,neither
Q72G97,8.865579414367676,0.736,[],False,False,0.0117416829745596,0,1,0.0,2.0,False,False,0.0,0.0,neither
Q72G99,5.770260429382325,0.769,[],False,False,0.043103448275862,0,13,0.0,13.0,False,False,0.0,0.0,neither
Q72GA1,5.328791999816894,0.757,[],False,False,0.0089686098654708,7,12,4.0,8.0,True,True,0.5833333333333334,0.5,neither
Q72GA3,4.65490894317627,0.755,[],False,False,0.0,4,9,0.0,4.0,True,False,0.4444444444444444,0.0,neither
Q72GA8,9.952129554748534,0.742,[],False,False,0.0136986301369863,1,1,0.0,1.0,False,False,1.0,0.0,neither
Q72GB0,8.807428932189943,0.73,[],False,False,0.0,0,14,0.0,12.0,False,False,0.0,0.0,neither
Q72GB2,9.321113014221194,0.749,[],False,False,0.1331058020477815,5,13,0.0,11.0,True,False,0.38461538461538464,0.0,neither
Q72GB6,8.247069740295409,0.761,[],False,False,0.0,0,1,0.0,1.0,False,False,0.0,0.0,neither
Q72GC1,8.994258308410647,0.725,[],False,False,0.0,0,2,0.0,3.0,False,False,0.0,0.0,neither
Q72GC5,6.281925010681152,0.774,[],False,False,0.0424528301886792,1,1,0.0,1.0,False,False,1.0,0.0,neither
Q72GC6,6.007335853576659,0.732,[],False,False,0.0040485829959514,0,1,0.0,1.0,False,False,0.0,0.0,neither
Q72GD2,4.999296379089355,0.757,"['[2Fe-2S] cluster', '[2Fe-2S] cluster']",True,False,0.0441988950276243,11,20,4.0,15.0,True,True,0.55,0.26666666666666666,covalent
Q72GE3,9.083675956726076,0.745,[],False,False,0.0229885057471264,1,1,0.0,1.0,False,False,1.0,0.0,neither
Q72GE5,9.148337745666506,0.761,[],False,False,0.0097560975609756,0,9,0.0,8.0,False,False,0.0,0.0,neither
Q72GE7,6.161596870422362,0.741,[],False,False,0.0035211267605633,0,7,4.0,8.0,False,True,0.0,0.5,neither
Q72GE8,6.282095527648925,0.754,[],False,False,0.0,1,2,1.0,2.0,False,False,0.5,0.5,neither
Q72GF3,9.36869068145752,0.74,[],False,False,0.0367504835589942,13,25,9.0,25.0,True,True,0.52,0.36,neither
Q72GF8,9.323369407653807,0.728,[],False,False,0.0138408304498269,0,10,0.0,9.0,False,False,0.0,0.0,neither
Q72GG1,5.199312782287596,0.737,[],False,False,0.0219780219780219,0,3,1.0,1.0,False,False,0.0,1.0,neither
Q72GG2,5.210453224182127,0.741,[],False,False,0.0030864197530864,3,25,0.0,23.0,True,False,0.12,0.0,neither
Q72GG9,5.62486629486084,0.727,[],False,False,0.0193661971830985,0,25,0.0,24.0,False,False,0.0,0.0,neither
Q72GH0,7.23431911468506,0.741,[],False,False,0.0238726790450928,0,2,0.0,1.0,False,False,0.0,0.0,neither
Q72GH2,10.247846031188963,0.759,[],False,False,0.0255102040816326,1,1,0.0,1.0,False,False,1.0,0.0,neither
Q72GH3,6.8020017623901365,0.756,[],False,False,0.1423728813559322,2,13,0.0,13.0,True,False,0.15384615384615385,0.0,neither
Q72GH6,5.527330589294433,0.739,"['Ca(2+)', 'Mn(2+)']",False,True,0.0033112582781456,14,63,5.0,59.0,True,True,0.2222222222222222,0.0847457627118644,divalent
Q72GI0,4.868111991882324,0.797,[],False,False,0.0,2,4,0.0,3.0,True,False,0.5,0.0,neither
Q72GI5,6.06786937713623,0.76,[],False,False,0.1258503401360544,1,1,,,False,False,1.0,,neither
Q72GI6,5.935661888122559,0.744,[],False,False,0.0,0,23,0.0,22.0,False,False,0.0,0.0,neither
Q72GI7,4.773759269714356,0.743,[],False,False,0.0042553191489361,0,13,0.0,11.0,False,False,0.0,0.0,neither
Q72GI9,10.42603664398193,0.759,[],False,False,0.0454545454545454,1,2,0.0,2.0,False,False,0.5,0.0,neither
Q72GJ0,6.338707160949707,0.746,[],False,False,0.0285714285714285,5,15,6.0,13.0,True,True,0.3333333333333333,0.46153846153846156,neither
Q72GJ1,5.183397865295409,0.75,[],False,False,0.0,5,14,0.0,16.0,True,False,0.35714285714285715,0.0,neither
Q72GJ2,6.161085319519042,0.715,[],False,False,0.0363036303630363,0,1,,,False,False,0.0,,neither
Q72GJ3,5.296280097961425,0.831,[],False,False,0.0389610389610389,4,10,1.0,12.0,True,False,0.4,0.08333333333333333,neither
Q72GJ5,5.017428016662596,0.753,[],False,False,0.0340136054421768,0,1,0.0,2.0,False,False,0.0,0.0,neither
Q72GK0,6.827465629577637,0.752,['Zn(2+)'],False,True,0.0382653061224489,3,16,0.0,17.0,True,False,0.1875,0.0,divalent
Q72GK4,5.871888542175292,0.745,[],False,False,0.0437956204379562,1,9,1.0,11.0,False,False,0.1111111111111111,0.09090909090909091,neither
Q72GL3,4.755059242248534,0.75,[],False,False,0.0555555555555555,0,6,0.0,6.0,False,False,0.0,0.0,neither
Q72GL4,5.848243522644043,0.721,['[4Fe-4S] cluster'],True,False,0.0049342105263157,1,18,0.0,18.0,False,False,0.05555555555555555,0.0,covalent
Q72GL5,7.036746788024902,0.732,[],False,False,0.0,3,24,0.0,26.0,True,False,0.125,0.0,neither
Q72GL9,7.0451021194458,0.725,['FMN'],True,False,0.0,12,16,0.0,19.0,True,False,0.75,0.0,covalent
Q72GM0,5.503117179870604,0.725,[],False,False,0.0342052313883299,1,17,0.0,13.0,False,False,0.058823529411764705,0.0,neither
Q72GM1,8.27002048492432,0.774,[],False,False,0.0921658986175115,0,4,0.0,3.0,False,False,0.0,0.0,neither
Q72GM6,7.779416084289552,0.751,[],False,False,0.031055900621118,0,9,0.0,10.0,False,False,0.0,0.0,neither
Q72GN0,8.922376060485842,0.754,[],False,False,0.0060975609756097,3,4,0.0,3.0,True,False,0.75,0.0,neither
Q72GN7,9.592202568054198,0.783,[],False,False,0.0352941176470588,37,63,17.0,57.0,True,True,0.5873015873015873,0.2982456140350877,neither
Q72GN8,6.973996543884279,0.769,[],False,False,0.0318471337579617,3,5,1.0,4.0,True,False,0.6,0.25,neither
Q72GN9,4.3397367477417,0.744,"['[3Fe-4S] cluster', '[4Fe-4S] cluster']",True,False,0.0,3,4,2.0,5.0,True,True,0.75,0.4,covalent
Q72GP1,7.957735633850097,0.742,[],False,False,0.0,0,2,0.0,3.0,False,False,0.0,0.0,neither
Q72GP3,9.943813133239749,0.808,[],False,False,0.03,0,4,0.0,3.0,False,False,0.0,0.0,neither
Q72GQ1,5.723368263244629,0.75,[],False,False,0.0497237569060773,1,23,0.0,25.0,False,False,0.043478260869565216,0.0,neither
Q72GQ4,7.831442070007324,0.738,[],False,False,0.039426523297491,2,10,0.0,10.0,True,False,0.2,0.0,neither
Q72GR1,6.157163429260252,0.72,[],False,False,0.029126213592233,0,7,1.0,6.0,False,False,0.0,0.16666666666666666,neither
Q72GR2,6.4983110427856445,0.711,[],False,False,0.0014925373134328,0,19,0.0,21.0,False,False,0.0,0.0,neither
Q72GS6,5.109677696228027,0.731,[],False,False,0.0057471264367816,22,43,3.0,38.0,True,True,0.5116279069767442,0.07894736842105263,neither
Q72GS7,9.029522514343263,0.762,[],False,False,0.0869565217391304,2,10,0.0,12.0,True,False,0.2,0.0,neither
Q72GT0,6.380768013000488,0.736,[],False,False,0.0,0,13,0.0,7.0,False,False,0.0,0.0,neither
Q72GT5,6.420271110534667,0.741,[],False,False,0.0,0,1,0.0,1.0,False,False,0.0,0.0,neither
Q72GT6,5.849266624450683,0.732,[],False,False,0.0,4,26,0.0,27.0,True,False,0.15384615384615385,0.0,neither
Q72GT9,4.63592472076416,0.769,[],False,False,0.0384615384615384,1,2,1.0,2.0,False,False,0.5,0.5,neither
Q72GU3,4.538843727111817,0.773,[],False,False,0.0,7,9,3.0,9.0,True,True,0.7777777777777778,0.3333333333333333,neither
Q72GU9,6.5649263381958,0.742,[],False,False,0.0,2,34,0.0,29.0,True,False,0.058823529411764705,0.0,neither
Q72GW5,6.233384513854981,0.722,[],False,False,0.0,0,10,0.0,9.0,False,False,0.0,0.0,neither
Q72GW6,4.212928962707521,0.784,[],False,False,0.0117647058823529,0,8,0.0,8.0,False,False,0.0,0.0,neither
Q72GY0,6.2855627059936525,0.755,[],False,False,0.0032679738562091,7,18,0.0,16.0,True,False,0.3888888888888889,0.0,neither
Q72GY4,9.33091220855713,0.739,[],False,False,0.0,2,6,0.0,5.0,True,False,0.3333333333333333,0.0,neither
Q72GY5,6.609431266784668,0.722,[],False,False,0.0013422818791946,3,15,0.0,18.0,True,False,0.2,0.0,neither
Q72GZ2,4.31842212677002,0.775,[],False,False,0.0344827586206896,6,13,0.0,10.0,True,False,0.46153846153846156,0.0,neither
Q72GZ8,6.371673774719238,0.746,[],False,False,0.0,0,26,0.0,19.0,False,False,0.0,0.0,neither
Q72H01,5.047439002990722,0.737,[],False,False,0.0,0,4,0.0,2.0,False,False,0.0,0.0,neither
Q72H02,6.605566215515138,0.746,[],False,False,0.0,3,13,0.0,14.0,True,False,0.23076923076923078,0.0,neither
Q72H03,5.803511238098144,0.76,[],False,False,0.0,8,39,0.0,35.0,True,False,0.20512820512820512,0.0,neither
Q72H04,9.232597923278806,0.744,[],False,False,0.0042016806722689,1,1,1.0,1.0,False,False,1.0,1.0,neither
Q72H05,4.805986976623536,0.736,[],False,False,0.0,0,24,0.0,22.0,False,False,0.0,0.0,neither
Q72H06,5.10200443267822,0.763,[],False,False,0.0128205128205128,4,8,3.0,8.0,True,True,0.5,0.375,neither
Q72H07,5.816811561584472,0.737,[],False,False,0.0033112582781456,0,17,0.0,14.0,False,False,0.0,0.0,neither
Q72H16,6.98718318939209,0.762,[],False,False,0.0,1,20,1.0,15.0,False,False,0.05,0.06666666666666667,neither
Q72H27,5.043517112731934,0.746,[],False,False,0.0062305295950155,1,7,0.0,6.0,False,False,0.14285714285714285,0.0,neither
Q72H37,4.0500284194946286,0.814,[],False,False,0.0117647058823529,5,34,0.0,35.0,True,False,0.14705882352941177,0.0,neither
Q72H40,5.476118659973144,0.741,[],False,False,0.0,0,15,0.0,16.0,False,False,0.0,0.0,neither
Q72H44,4.534523963928222,0.787,[],False,False,0.1363636363636363,8,22,0.0,21.0,True,False,0.36363636363636365,0.0,neither
Q72H45,8.68655071258545,0.744,[],False,False,0.109090909090909,0,3,0.0,4.0,False,False,0.0,0.0,neither
Q72H46,6.745958518981935,0.773,[],False,False,0.1,2,5,0.0,5.0,True,False,0.4,0.0,neither
Q72H50,5.99096622467041,0.735,[],False,False,0.0,0,11,0.0,8.0,False,False,0.0,0.0,neither
Q72H52,9.32330493927002,0.76,[],False,False,0.0695652173913043,0,9,0.0,9.0,False,False,0.0,0.0,neither
Q72H53,9.212225914001465,0.738,[],False,False,0.0060975609756097,2,2,,,True,False,1.0,,neither
Q72H54,5.593604850769043,0.729,"[""pyridoxal 5'-phosphate""]",True,False,0.0106382978723404,1,14,0.0,13.0,False,False,0.07142857142857142,0.0,covalent
Q72H61,7.034814262390136,0.769,[],False,False,0.0,0,3,0.0,3.0,False,False,0.0,0.0,neither
Q72H62,5.466683387756347,0.739,[],False,False,0.0,3,34,0.0,32.0,True,False,0.08823529411764706,0.0,neither
Q72H64,5.213238334655761,0.755,[],False,False,0.0921052631578947,14,50,7.0,51.0,True,True,0.28,0.13725490196078433,neither
Q72H65,6.00654010772705,0.725,['Mg(2+)'],False,True,0.0,38,53,25.0,50.0,True,True,0.7169811320754716,0.5,divalent
Q72H68,9.3699800491333,0.74,[],False,False,0.0652680652680652,11,18,4.0,16.0,True,True,0.6111111111111112,0.25,neither
Q72H69,6.576407814025879,0.76,[],False,False,0.0,16,25,10.0,27.0,True,True,0.64,0.37037037037037035,neither
Q72H73,5.522499275207519,0.742,[],False,False,0.0348706411698537,19,48,0.0,35.0,True,False,0.3958333333333333,0.0,neither
Q72H74,7.112513160705566,0.737,[],False,False,0.0110803324099723,1,18,0.0,18.0,False,False,0.05555555555555555,0.0,neither
Q72H77,7.084718894958496,0.753,[],False,False,0.0238095238095238,1,15,0.0,15.0,False,False,0.06666666666666667,0.0,neither
Q72H79,5.457702827453613,0.804,[],False,False,0.0045454545454545,3,24,0.0,19.0,True,False,0.125,0.0,neither
Q72H83,6.717595863342285,0.743,[],False,False,0.0579268292682926,2,5,1.0,3.0,True,False,0.4,0.3333333333333333,neither
Q72H94,5.556318473815917,0.802,[],False,False,0.2163461538461538,0,2,0.0,1.0,False,False,0.0,0.0,neither
Q72H96,4.074241828918457,0.763,[],False,False,0.0853658536585365,0,8,0.0,8.0,False,False,0.0,0.0,neither
Q72HA2,7.096370887756348,0.734,[],False,False,0.0707964601769911,0,1,,,False,False,0.0,,neither
Q72HA3,6.759372520446779,0.743,"['Mg(2+)', '[4Fe-4S] cluster', 'thiamine diphosphate']",True,True,0.0,0,11,0.0,9.0,False,False,0.0,0.0,both
Q72HA4,6.653993034362794,0.72,[],False,False,0.0,0,14,0.0,12.0,False,False,0.0,0.0,neither
Q72HA6,8.6603120803833,0.784,[],False,False,0.0,0,9,0.0,9.0,False,False,0.0,0.0,neither
Q72HA8,4.49325885772705,0.735,[],False,False,0.0,5,5,0.0,1.0,True,False,1.0,0.0,neither
Q72HB0,6.616592979431153,0.733,[],False,False,0.0,1,3,0.0,4.0,False,False,0.3333333333333333,0.0,neither
Q72HB1,5.014017677307128,0.746,"['Mg(2+)', 'Mn(2+)']",False,True,0.0128205128205128,1,1,,,False,False,1.0,,divalent
Q72HB2,5.223924064636229,0.779,[],False,False,0.0,1,7,0.0,7.0,False,False,0.14285714285714285,0.0,neither
Q72HB4,6.745162773132326,0.777,[],False,False,0.0175438596491228,0,2,0.0,2.0,False,False,0.0,0.0,neither
Q72HC0,5.597754096984862,0.737,['FAD'],True,False,0.0,1,12,0.0,11.0,False,False,0.08333333333333333,0.0,covalent
Q72HC2,9.389449501037596,0.731,[],False,False,0.0150753768844221,0,6,0.0,10.0,False,False,0.0,0.0,neither
Q72HC4,5.642827415466309,0.734,[],False,False,0.0,0,18,0.0,18.0,False,False,0.0,0.0,neither
Q72HC5,4.701005363464354,0.788,[],False,False,0.0617283950617283,2,8,0.0,7.0,True,False,0.25,0.0,neither
Q72HC7,6.108566093444824,0.767,['[2Fe-2S] cluster'],True,False,0.0285714285714285,4,7,0.0,6.0,True,False,0.5714285714285714,0.0,covalent
Q72HD0,4.9452425003051745,0.762,[],False,False,0.0105820105820105,4,23,1.0,26.0,True,False,0.17391304347826086,0.038461538461538464,neither
Q72HD6,5.485610771179199,0.758,[],False,False,0.1402877697841726,0,2,0.0,2.0,False,False,0.0,0.0,neither
Q72HD7,9.386161613464353,0.754,[],False,False,0.0909090909090909,0,2,0.0,1.0,False,False,0.0,0.0,neither
Q72HE1,7.088413429260252,0.735,['FAD'],True,False,0.0,0,6,0.0,7.0,False,False,0.0,0.0,covalent
Q72HE3,4.602276039123535,0.786,[],False,False,0.0,1,4,0.0,3.0,False,False,0.25,0.0,neither
Q72HE4,4.0500284194946286,0.767,[],False,False,0.0096153846153846,0,7,0.0,7.0,False,False,0.0,0.0,neither
Q72HE5,4.0500284194946286,0.813,[],False,False,0.0,0,4,0.0,4.0,False,False,0.0,0.0,neither
Q72HE8,6.021034049987793,0.725,[],False,False,0.0,13,22,1.0,16.0,True,False,0.5909090909090909,0.0625,neither
Q72HF1,6.519341468811036,0.746,[],False,False,0.0214285714285714,0,3,1.0,5.0,False,False,0.0,0.2,neither
Q72HF5,4.568513679504395,0.768,[],False,False,0.1160337552742616,55,216,1.0,212.0,True,False,0.25462962962962965,0.0047169811320754715,neither
Q72HF7,4.276133918762207,0.796,[],False,False,0.2823529411764706,8,38,3.0,35.0,True,True,0.21052631578947367,0.08571428571428572,neither
Q72HF8,5.719787406921387,0.732,"['Co(2+)', 'Mg(2+)', 'Zn(2+)']",False,True,0.0,0,19,0.0,21.0,False,False,0.0,0.0,divalent
Q72HG1,7.793341255187989,0.748,[],False,False,0.0098280098280098,0,4,0.0,5.0,False,False,0.0,0.0,neither
Q72HG7,5.325211143493653,0.745,[],False,False,0.0034843205574912,9,15,3.0,11.0,True,True,0.6,0.2727272727272727,neither
Q72HG8,4.938023948669432,0.747,[],False,False,0.0,9,16,0.0,12.0,True,False,0.5625,0.0,neither
Q72HH2,9.889595222473144,0.742,[],False,False,0.0384615384615384,0,3,0.0,3.0,False,False,0.0,0.0,neither
Q72HH3,9.358053398132324,0.731,[],False,False,0.010126582278481,0,41,0.0,36.0,False,False,0.0,0.0,neither
Q72HH4,9.820936393737792,0.735,[],False,False,0.0260416666666666,0,2,0.0,2.0,False,False,0.0,0.0,neither
Q72HH6,5.759631538391113,0.746,[],False,False,0.0,1,9,0.0,10.0,False,False,0.1111111111111111,0.0,neither
Q72HH7,5.138608741760252,0.73,[],False,False,0.0,0,11,0.0,9.0,False,False,0.0,0.0,neither
Q72HI0,6.752836036682129,0.759,['FMN'],True,False,0.0,2,5,0.0,4.0,True,False,0.4,0.0,covalent
Q72HI5,6.527071571350096,0.742,[],False,False,0.0,0,4,0.0,4.0,False,False,0.0,0.0,neither
Q72HI6,5.635154151916503,0.732,['Zn(2+)'],False,True,0.0,4,59,0.0,51.0,True,False,0.06779661016949153,0.0,divalent
Q72HJ3,6.847700309753418,0.742,[],False,False,0.0,1,2,0.0,1.0,False,False,0.5,0.0,neither
Q72HJ5,6.045588493347168,0.73,[],False,False,0.0,0,5,0.0,5.0,False,False,0.0,0.0,neither
Q72HJ7,5.760086250305175,0.754,['[2Fe-2S] cluster'],True,False,0.0,0,11,0.0,12.0,False,False,0.0,0.0,covalent
Q72HJ8,6.085148429870604,0.714,[],False,False,0.0023201856148491,18,83,0.0,77.0,True,False,0.21686746987951808,0.0,neither
Q72HJ9,5.253821372985839,0.718,[],False,False,0.047008547008547,0,92,2.0,96.0,False,True,0.0,0.020833333333333332,neither
Q72HK0,5.042380332946778,0.731,[],False,False,0.0,17,89,0.0,72.0,True,False,0.19101123595505617,0.0,neither
Q72HK3,6.108111381530762,0.732,['FAD'],True,False,0.0,0,23,0.0,23.0,False,False,0.0,0.0,covalent
Q72HK6,6.745844841003419,0.762,[],False,False,0.0,0,3,0.0,3.0,False,False,0.0,0.0,neither
Q72HL3,5.672554206848145,0.74,[],False,False,0.0421940928270042,1,12,1.0,9.0,False,False,0.08333333333333333,0.1111111111111111,neither
Q72HL4,5.147305107116698,0.719,[],False,False,0.0,3,24,0.0,25.0,True,False,0.125,0.0,neither
Q72HL5,4.56709270477295,0.758,[],False,False,0.1075268817204301,0,4,0.0,4.0,False,False,0.0,0.0,neither
Q72HL6,5.771226692199707,0.736,['Mg(2+)'],False,True,0.0276497695852534,0,9,0.0,8.0,False,False,0.0,0.0,divalent
Q72HL8,5.926112937927246,0.739,[],False,False,0.0153256704980842,0,6,0.0,6.0,False,False,0.0,0.0,neither
Q72HL9,6.754200172424317,0.738,[],False,False,0.0,0,6,0.0,6.0,False,False,0.0,0.0,neither
Q72HM4,8.82386837005615,0.751,[],False,False,0.0187793427230046,0,9,0.0,6.0,False,False,0.0,0.0,neither
Q72HM7,6.720039939880372,0.747,[],False,False,0.015,0,14,0.0,12.0,False,False,0.0,0.0,neither
Q72HM8,5.780036735534667,0.772,[],False,False,0.1265822784810126,1,1,0.0,1.0,False,False,1.0,0.0,neither
Q72HM9,4.690660667419433,0.728,[],False,False,0.0139860139860139,1,11,0.0,10.0,False,False,0.09090909090909091,0.0,neither
Q72HN0,8.646386909484864,0.735,[],False,False,0.0319767441860465,3,4,2.0,4.0,True,True,0.75,0.5,neither
Q72HN4,6.7484025955200195,0.758,[],False,False,0.032,0,12,0.0,7.0,False,False,0.0,0.0,neither
Q72HN5,6.285449028015138,0.763,[],False,False,0.0125,1,6,0.0,6.0,False,False,0.16666666666666666,0.0,neither
Q72HN8,9.589688301086426,0.742,[],False,False,0.0051546391752577,2,11,0.0,9.0,True,False,0.18181818181818182,0.0,neither
Q72HP0,6.019669914245605,0.729,[],False,False,0.0,3,55,0.0,55.0,True,False,0.05454545454545454,0.0,neither
Q72HP2,6.388554954528809,0.746,[],False,False,0.0,0,1,0.0,1.0,False,False,0.0,0.0,neither
Q72HP7,5.509653663635253,0.746,[],False,False,0.0,0,18,0.0,15.0,False,False,0.0,0.0,neither
Q72HQ1,8.041995811462403,0.757,[],False,False,0.018348623853211,3,5,0.0,4.0,True,False,0.6,0.0,neither
Q72HQ6,6.469777870178221,0.725,[],False,False,0.0490998363338788,6,28,1.0,21.0,True,False,0.21428571428571427,0.047619047619047616,neither
Q72HQ7,5.9956270217895495,0.742,[],False,False,0.0236220472440944,4,13,1.0,14.0,True,False,0.3076923076923077,0.07142857142857142,neither
Q72HQ8,9.165486335754396,0.744,[],False,False,0.0531496062992126,1,1,0.0,1.0,False,False,1.0,0.0,neither
Q72HQ9,9.04260959625244,0.735,[],False,False,0.0266940451745379,0,6,0.0,7.0,False,False,0.0,0.0,neither
Q72HR6,5.93225154876709,0.747,[],False,False,0.0165745856353591,0,15,0.0,12.0,False,False,0.0,0.0,neither
Q72HS1,6.157788658142089,0.735,[],False,False,0.0190217391304347,10,20,1.0,12.0,True,False,0.5,0.08333333333333333,neither
Q72HS2,6.043997001647949,0.739,['Zn(2+)'],False,True,0.0262295081967213,46,50,0.0,31.0,True,False,0.92,0.0,divalent
Q72HS3,6.22610912322998,0.75,[],False,False,0.032258064516129,0,2,0.0,2.0,False,False,0.0,0.0,neither
Q72HS6,6.15983486175537,0.759,[],False,False,0.048780487804878,6,13,0.0,11.0,True,False,0.46153846153846156,0.0,neither
Q72HS9,8.86396770477295,0.749,[],False,False,0.0490405117270788,1,2,0.0,3.0,False,False,0.5,0.0,neither
Q72HU1,4.844182777404785,0.789,[],False,False,0.0,0,10,0.0,7.0,False,False,0.0,0.0,neither
Q72HU6,5.693414115905762,0.726,[],False,False,0.0,1,29,0.0,26.0,False,False,0.034482758620689655,0.0,neither
Q72HU8,10.349319267272946,0.796,[],False,False,0.2676056338028169,5,12,0.0,12.0,True,False,0.4166666666666667,0.0,neither
Q72HV2,6.717823219299317,0.735,[],False,False,0.0,0,4,0.0,3.0,False,False,0.0,0.0,neither
Q72HV5,5.054202842712402,0.746,[],False,False,0.0057142857142857,0,4,0.0,4.0,False,False,0.0,0.0,neither
Q72HV6,5.916222953796387,0.73,[],False,False,0.0,1,29,0.0,29.0,False,False,0.034482758620689655,0.0,neither
Q72HV7,6.730498313903809,0.769,[],False,False,0.0147058823529411,0,8,0.0,8.0,False,False,0.0,0.0,neither
Q72HV8,5.135994148254394,0.751,[],False,False,0.0,0,27,0.0,27.0,False,False,0.0,0.0,neither
Q72HW2,8.54156131744385,0.722,[],False,False,0.0519480519480519,1,7,0.0,8.0,False,False,0.14285714285714285,0.0,neither
Q72HW3,5.648909187316894,0.743,[],False,False,0.0,0,5,0.0,5.0,False,False,0.0,0.0,neither
Q72HW7,4.481663703918457,0.791,[],False,False,0.0,5,9,0.0,8.0,True,False,0.5555555555555556,0.0,neither
Q72HX6,6.563960075378417,0.766,[],False,False,0.0,3,12,2.0,10.0,True,True,0.25,0.2,neither
Q72HX7,9.1542688369751,0.742,[],False,False,0.0426409903713892,1,7,0.0,2.0,False,False,0.14285714285714285,0.0,neither
Q72HX8,5.173848915100096,0.762,[],False,False,0.0636856368563685,8,35,0.0,32.0,True,False,0.22857142857142856,0.0,neither
Q72HY1,6.651321601867676,0.756,[],False,False,0.0,3,12,3.0,11.0,True,True,0.25,0.2727272727272727,neither
Q72HY3,5.34550266265869,0.746,[],False,False,0.0,0,1,0.0,1.0,False,False,0.0,0.0,neither
Q72HZ1,9.122099113464357,0.735,[],False,False,0.0130434782608695,1,2,,,False,False,0.5,,neither
Q72HZ2,6.881690025329591,0.741,[],False,False,0.0,0,10,0.0,9.0,False,False,0.0,0.0,neither
Q72HZ7,9.622244834899902,0.751,[],False,False,0.0,6,8,4.0,7.0,True,True,0.75,0.5714285714285714,neither
Q72HZ8,5.7494005203247065,0.732,[],False,False,0.0,0,34,0.0,33.0,False,False,0.0,0.0,neither
Q72I34,5.5493272781372065,0.821,[],False,False,0.0125786163522012,1,2,1.0,1.0,False,False,0.5,1.0,neither
Q72I37,6.165461921691894,0.758,[],False,False,0.0220750551876379,5,8,1.0,7.0,True,False,0.625,0.14285714285714285,neither
Q72I40,5.3342485427856445,0.761,[],False,False,0.1496598639455782,0,1,0.0,1.0,False,False,0.0,0.0,neither
Q72I41,5.555011177062987,0.733,['Mg(2+)'],False,True,0.0064102564102564,3,14,0.0,10.0,True,False,0.21428571428571427,0.0,divalent
Q72I44,9.264445304870604,0.739,[],False,False,0.0427135678391959,0,14,0.0,15.0,False,False,0.0,0.0,neither
Q72I47,6.739422035217285,0.748,['Mg(2+)'],False,True,0.0,0,1,,,False,False,0.0,,divalent
Q72I48,5.841707038879394,0.764,[],False,False,0.0,1,1,,,False,False,1.0,,neither
Q72I49,6.578226661682129,0.716,[],False,False,0.0,0,10,0.0,10.0,False,False,0.0,0.0,neither
Q72I51,5.566720008850097,0.748,[],False,False,0.0138248847926267,2,4,1.0,4.0,True,False,0.5,0.25,neither
Q72I56,9.894946098327637,0.753,[],False,False,0.0979381443298969,2,4,0.0,4.0,True,False,0.5,0.0,neither
Q72I57,9.291779899597168,0.738,[],False,False,0.0,0,20,0.0,21.0,False,False,0.0,0.0,neither
Q72I59,5.685513496398925,0.729,[],False,False,0.0,16,20,16.0,19.0,True,True,0.8,0.8421052631578947,neither
Q72I60,5.92571506500244,0.759,[],False,False,0.1507936507936507,6,8,0.0,4.0,True,False,0.75,0.0,neither
Q72I61,9.26953830718994,0.701,[],False,False,0.0305466237942122,0,42,0.0,40.0,False,False,0.0,0.0,neither
Q72I66,8.969695854187016,0.74,[],False,False,0.0285714285714285,2,8,0.0,7.0,True,False,0.25,0.0,neither
Q72I68,9.430257987976074,0.737,[],False,False,0.0363636363636363,0,96,0.0,103.0,False,False,0.0,0.0,neither
Q72I71,5.5166448593139625,0.775,[],False,False,0.0,9,42,3.0,41.0,True,True,0.21428571428571427,0.07317073170731707,neither
Q72I72,5.152306938171385,0.769,[],False,False,0.012396694214876,3,25,2.0,26.0,True,True,0.12,0.07692307692307693,neither
Q72I73,5.140029716491698,0.736,['Zn(2+)'],False,True,0.0096618357487922,1,4,1.0,3.0,False,False,0.25,0.3333333333333333,divalent
Q72I74,5.6161699295043945,0.738,[],False,False,0.0,7,13,0.0,12.0,True,False,0.5384615384615384,0.0,neither
Q72I76,8.547234535217285,0.732,"[""pyridoxal 5'-phosphate""]",True,False,0.0,0,16,1.0,15.0,False,False,0.0,0.06666666666666667,covalent
Q72I78,8.624467658996583,0.73,['[4Fe-4S] cluster'],True,False,0.0229357798165137,0,5,1.0,5.0,False,False,0.0,0.2,covalent
Q72I79,6.28976879119873,0.755,[],False,False,0.0,2,30,1.0,26.0,True,False,0.06666666666666667,0.038461538461538464,neither
Q72I81,5.203177833557128,0.759,[],False,False,0.0492957746478873,0,9,0.0,10.0,False,False,0.0,0.0,neither
Q72I82,6.761532402038575,0.739,[],False,False,0.0,31,56,1.0,47.0,True,False,0.5535714285714286,0.02127659574468085,neither
Q72I83,6.323531150817872,0.74,[],False,False,0.0114285714285714,5,38,1.0,35.0,True,False,0.13157894736842105,0.02857142857142857,neither
Q72I86,5.576155281066893,0.815,[],False,False,0.2307692307692307,1,10,1.0,10.0,False,False,0.1,0.1,neither
Q72I90,5.770260429382325,0.734,[],False,False,0.0,3,16,0.0,14.0,True,False,0.1875,0.0,neither
Q72I91,5.974653434753418,0.722,[],False,False,0.0258899676375404,3,65,0.0,59.0,True,False,0.046153846153846156,0.0,neither
Q72I92,5.213124656677246,0.811,[],False,False,0.0568181818181818,5,29,0.0,27.0,True,False,0.1724137931034483,0.0,neither
Q72I93,4.690319633483886,0.75,[],False,False,0.0,1,9,0.0,8.0,False,False,0.1111111111111111,0.0,neither
Q72I94,5.386824607849121,0.764,[],False,False,0.0,0,12,0.0,12.0,False,False,0.0,0.0,neither
Q72I95,5.415073585510252,0.754,[],False,False,0.0551181102362204,3,10,0.0,9.0,True,False,0.3,0.0,neither
Q72IA0,6.823089027404785,0.745,[],False,False,0.0455341506129597,1,1,,,False,False,1.0,,neither
Q72IA1,6.213149833679199,0.746,[],False,False,0.0275590551181102,0,15,0.0,14.0,False,False,0.0,0.0,neither
Q72IA3,5.275704383850097,0.743,[],False,False,0.0090497737556561,0,1,0.0,1.0,False,False,0.0,0.0,neither
Q72IA5,10.024785423278807,0.788,[],False,False,0.1846153846153846,0,6,0.0,4.0,False,False,0.0,0.0,neither
Q72IB5,8.35731067657471,0.766,[],False,False,0.2727272727272727,0,4,0.0,5.0,False,False,0.0,0.0,neither
Q72IB7,6.567143058776855,0.746,[],False,False,0.009090909090909,0,5,0.0,1.0,False,False,0.0,0.0,neither
Q72IC0,5.0862031936645495,0.728,[],False,False,0.0023866348448687,0,37,0.0,33.0,False,False,0.0,0.0,neither
Q72IC2,9.632753181457517,0.752,[],False,False,0.0114285714285714,0,1,0.0,1.0,False,False,0.0,0.0,neither
Q72IC3,8.846303367614745,0.753,[],False,False,0.0045454545454545,0,16,0.0,15.0,False,False,0.0,0.0,neither
Q72IC4,10.546979331970212,0.83,[],False,False,0.0294117647058823,1,2,1.0,2.0,False,False,0.5,0.5,neither
Q72IC7,5.502207756042479,0.737,[],False,False,0.017391304347826,9,51,2.0,52.0,True,True,0.17647058823529413,0.038461538461538464,neither
Q72IC8,5.866375160217284,0.739,[],False,False,0.0185589519650655,2,5,1.0,3.0,True,False,0.4,0.3333333333333333,neither
Q72ID4,6.252652931213379,0.73,[],False,False,0.0,0,13,0.0,12.0,False,False,0.0,0.0,neither
Q72IE0,6.195870780944825,0.729,[],False,False,0.0,2,7,0.0,6.0,True,False,0.2857142857142857,0.0,neither
Q72IE3,4.698220252990722,0.768,[],False,False,0.0,2,23,0.0,22.0,True,False,0.08695652173913043,0.0,neither
Q72IE4,4.996113395690917,0.742,[],False,False,0.0160427807486631,4,4,,,True,False,1.0,,neither
Q72IF1,5.452416801452636,0.736,[],False,False,0.0,0,4,0.0,4.0,False,False,0.0,0.0,neither
Q72IF2,7.776450538635254,0.754,[],False,False,0.0145985401459854,8,11,0.0,9.0,True,False,0.7272727272727273,0.0,neither
Q72IF3,5.173621559143065,0.736,[],False,False,0.0502793296089385,0,8,0.0,8.0,False,False,0.0,0.0,neither
Q72IG1,5.569959831237792,0.738,[],False,False,0.005008347245409,0,13,1.0,13.0,False,False,0.0,0.07692307692307693,neither
Q72IG4,5.745876502990723,0.729,['Zn(2+)'],False,True,0.0,1,38,1.0,38.0,False,False,0.02631578947368421,0.02631578947368421,divalent
Q72IG7,6.554411125183106,0.747,[],False,False,0.0,0,7,0.0,8.0,False,False,0.0,0.0,neither
Q72IG8,7.967341423034668,0.738,[],False,False,0.0076335877862595,0,10,0.0,11.0,False,False,0.0,0.0,neither
Q72IH0,5.2923582077026365,0.73,[],False,False,0.0,0,4,0.0,3.0,False,False,0.0,0.0,neither
Q72IH8,5.4778238296508786,0.734,[],False,False,0.0,1,31,1.0,21.0,False,False,0.03225806451612903,0.047619047619047616,neither
Q72II2,4.871522331237792,0.743,[],False,False,0.0,3,4,0.0,1.0,True,False,0.75,0.0,neither
Q72II5,10.097118949890136,0.744,[],False,False,0.0518134715025906,0,6,0.0,6.0,False,False,0.0,0.0,neither
Q72II6,9.797018623352049,0.759,[],False,False,0.0160427807486631,0,10,0.0,10.0,False,False,0.0,0.0,neither
Q72II7,5.6249799728393555,0.746,[],False,False,0.0,0,3,0.0,3.0,False,False,0.0,0.0,neither
Q72II8,5.751844596862793,0.772,[],False,False,0.0578512396694214,0,3,0.0,3.0,False,False,0.0,0.0,neither
Q72IJ4,5.62850399017334,0.739,[],False,False,0.039647577092511,1,7,0.0,7.0,False,False,0.14285714285714285,0.0,neither
Q72IJ8,5.315377998352051,0.725,[],False,False,0.0,5,6,0.0,3.0,True,False,0.8333333333333334,0.0,neither
Q72IK3,7.88192081451416,0.731,[],False,False,0.0025974025974025,1,2,0.0,1.0,False,False,0.5,0.0,neither
Q72IK7,8.919217109680176,0.764,[],False,False,0.025,0,1,0.0,1.0,False,False,0.0,0.0,neither
Q72IK8,4.880730247497559,0.773,[],False,False,0.0384615384615384,1,4,0.0,3.0,False,False,0.25,0.0,neither
Q72IL0,5.142473793029784,0.758,[],False,False,0.0077519379844961,13,24,0.0,21.0,True,False,0.5416666666666666,0.0,neither
Q72IL1,5.155660438537596,0.733,[],False,False,0.0456852791878172,0,41,0.0,42.0,False,False,0.0,0.0,neither
Q72IL2,5.863135337829589,0.785,[],False,False,0.0291970802919708,2,14,0.0,18.0,True,False,0.14285714285714285,0.0,neither
Q72IL3,5.934354591369629,0.728,[],False,False,0.0043859649122807,0,25,0.0,27.0,False,False,0.0,0.0,neither
Q72IL4,4.883856391906738,0.754,[],False,False,0.0,0,60,0.0,58.0,False,False,0.0,0.0,neither
Q72IL6,5.572290229797362,0.783,[],False,False,0.072992700729927,0,13,0.0,7.0,False,False,0.0,0.0,neither
Q72IL7,5.026124382019043,0.737,[],False,False,0.0,23,29,1.0,29.0,True,False,0.7931034482758621,0.034482758620689655,neither
Q72IL9,5.24393138885498,0.763,[],False,False,0.0955414012738853,0,5,0.0,5.0,False,False,0.0,0.0,neither
Q72IM3,5.0298189163208,0.761,[],False,False,0.0,0,12,0.0,16.0,False,False,0.0,0.0,neither
Q72IM7,6.668430137634279,0.762,[],False,False,0.083743842364532,0,1,0.0,1.0,False,False,0.0,0.0,neither
Q72IM9,5.660447502136231,0.77,[],False,False,0.0134228187919463,0,4,0.0,3.0,False,False,0.0,0.0,neither
Q72IN4,5.668461799621583,0.738,[],False,False,0.0,2,4,0.0,1.0,True,False,0.5,0.0,neither
Q72IN5,6.2002473831176745,0.75,[],False,False,0.0079365079365079,0,15,0.0,18.0,False,False,0.0,0.0,neither
Q72IN7,6.691165733337402,0.738,[],False,False,0.003257328990228,0,1,,,False,False,0.0,,neither
Q72IN9,5.6353246688842775,0.76,['pyruvate'],True,False,0.1411042944785276,1,5,0.0,5.0,False,False,0.2,0.0,covalent
Q72IP4,5.827326774597168,0.733,[],False,False,0.0,5,26,2.0,28.0,True,True,0.19230769230769232,0.07142857142857142,neither
Q72IP6,5.482655143737793,0.759,[],False,False,0.0505050505050505,4,5,0.0,5.0,True,False,0.8,0.0,neither
Q72IP8,6.268113136291503,0.735,[],False,False,0.0,2,22,0.0,18.0,True,False,0.09090909090909091,0.0,neither
Q72IP9,6.484499168395996,0.724,[],False,False,0.0225225225225225,14,16,0.0,9.0,True,False,0.875,0.0,neither
Q72IQ0,5.971243095397949,0.733,[],False,False,0.008695652173913,1,6,0.0,5.0,False,False,0.16666666666666666,0.0,neither
Q72IQ8,5.32526798248291,0.722,[],False,False,0.0032894736842105,0,18,0.0,19.0,False,False,0.0,0.0,neither
Q72IR0,5.90417308807373,0.75,[],False,False,0.0,0,6,3.0,7.0,False,True,0.0,0.42857142857142855,neither
Q72IR3,4.690944862365721,0.763,[],False,False,0.2670157068062827,11,19,0.0,11.0,True,False,0.5789473684210527,0.0,neither
Q72IR4,6.010803031921386,0.739,[],False,False,0.0344827586206896,1,5,0.0,5.0,False,False,0.2,0.0,neither
Q72IR6,5.820392417907715,0.773,[],False,False,0.0,0,4,0.0,3.0,False,False,0.0,0.0,neither
Q72IR8,6.151650047302245,0.723,[],False,False,0.0,20,30,11.0,27.0,True,True,0.6666666666666666,0.4074074074074074,neither
Q72IR9,7.125074577331543,0.727,['Mg(2+)'],False,True,0.0033898305084745,0,19,0.0,17.0,False,False,0.0,0.0,divalent
Q72IS1,6.988206291198731,0.738,[],False,False,0.025,0,5,0.0,4.0,False,False,0.0,0.0,neither
Q72IS2,5.861771202087401,0.746,[],False,False,0.0,1,2,0.0,2.0,False,False,0.5,0.0,neither
Q72IS4,9.637910652160643,0.772,[],False,False,0.0405405405405405,0,7,0.0,7.0,False,False,0.0,0.0,neither
Q72IS6,6.8390607833862305,0.75,[],False,False,0.125,1,14,0.0,14.0,False,False,0.07142857142857142,0.0,neither
Q72IS7,8.890593147277833,0.752,[],False,False,0.0,4,9,0.0,9.0,True,False,0.4444444444444444,0.0,neither
Q72IS9,8.28581523895264,0.777,[],False,False,0.0,1,3,0.0,2.0,False,False,0.3333333333333333,0.0,neither
Q72IT3,7.845947456359864,0.762,[],False,False,0.1666666666666666,0,2,0.0,2.0,False,False,0.0,0.0,neither
Q72IT4,5.257231712341309,0.725,[],False,False,0.0528169014084507,0,4,0.0,4.0,False,False,0.0,0.0,neither
Q72IT5,8.906710243225099,0.736,[],False,False,0.0514018691588785,0,20,0.0,18.0,False,False,0.0,0.0,neither
Q72IT6,9.17283573150635,0.736,['Mo-molybdopterin'],True,False,0.0883720930232558,1,3,0.0,4.0,False,False,0.3333333333333333,0.0,covalent
Q72IT7,5.2778642654418935,0.776,[],False,False,0.0054054054054054,2,2,,,True,False,1.0,,neither
Q72IV2,6.0387678146362305,0.742,[],False,False,0.0,0,7,0.0,6.0,False,False,0.0,0.0,neither
Q72IW4,5.373808479309083,0.75,[],False,False,0.1321003963011889,4,23,0.0,20.0,True,False,0.17391304347826086,0.0,neither
Q72IW5,4.996340751647948,0.833,[],False,False,0.3698630136986301,7,16,1.0,14.0,True,False,0.4375,0.07142857142857142,neither
Q72IW8,4.699641227722167,0.734,[],False,False,0.0291777188328912,2,9,0.0,8.0,True,False,0.2222222222222222,0.0,neither
Q72IX4,6.302102851867676,0.767,[],False,False,0.0212765957446808,0,3,0.0,2.0,False,False,0.0,0.0,neither
Q72IX5,9.272826194763184,0.748,[],False,False,0.0805555555555555,0,2,0.0,1.0,False,False,0.0,0.0,neither
Q72IX6,8.80214252471924,0.741,[],False,False,0.0,1,1,,,False,False,1.0,,neither
Q72IX9,7.040611839294433,0.754,[],False,False,0.0160427807486631,3,3,0.0,4.0,True,False,1.0,0.0,neither
Q72IY0,7.709947776794434,0.734,[],False,False,0.0021645021645021,0,3,0.0,2.0,False,False,0.0,0.0,neither
Q72IY1,5.635779380798339,0.732,[],False,False,0.0,0,1,0.0,2.0,False,False,0.0,0.0,neither
Q72IY7,5.432409477233886,0.754,[],False,False,0.0346534653465346,2,11,0.0,8.0,True,False,0.18181818181818182,0.0,neither
Q72IY9,4.795073890686036,0.738,[],False,False,0.0283687943262411,0,1,1.0,1.0,False,False,0.0,1.0,neither
Q72IZ0,5.193572044372558,0.755,[],False,False,0.0,1,5,0.0,6.0,False,False,0.2,0.0,neither
Q72IZ4,5.609235572814941,0.749,[],False,False,0.0232558139534883,16,23,1.0,17.0,True,False,0.6956521739130435,0.058823529411764705,neither
Q72IZ5,6.5656652450561515,0.732,['Zn(2+)'],False,True,0.0,0,9,0.0,8.0,False,False,0.0,0.0,divalent
Q72IZ6,7.709152030944825,0.733,[],False,False,0.0071428571428571,0,2,0.0,2.0,False,False,0.0,0.0,neither
Q72IZ7,10.238755989074708,0.797,[],False,False,0.0309278350515463,35,42,26.0,34.0,True,True,0.8333333333333334,0.7647058823529411,neither
Q72J00,4.801667213439941,0.736,[],False,False,0.0,2,11,0.0,11.0,True,False,0.18181818181818182,0.0,neither
Q72J01,5.233984565734862,0.727,[],False,False,0.0,5,11,1.0,9.0,True,False,0.45454545454545453,0.1111111111111111,neither
Q72J10,9.007603263854982,0.729,[],False,False,0.0285714285714285,0,12,0.0,11.0,False,False,0.0,0.0,neither
Q72J11,7.084207344055175,0.736,[],False,False,0.0084388185654008,0,1,,,False,False,0.0,,neither
Q72J15,9.35057506561279,0.731,[],False,False,0.0284237726098191,0,35,0.0,30.0,False,False,0.0,0.0,neither
Q72J17,8.653994178771974,0.733,[],False,False,0.0742753623188405,0,25,0.0,25.0,False,False,0.0,0.0,neither
Q72J19,4.977413368225096,0.773,[],False,False,0.0933333333333333,0,1,0.0,1.0,False,False,0.0,0.0,neither
Q72J20,8.976980781555177,0.731,['Mo-molybdopterin'],True,False,0.0643564356435643,1,9,0.0,10.0,False,False,0.1111111111111111,0.0,covalent
Q72J25,6.7926233291625975,0.753,[],False,False,0.0767326732673267,0,4,0.0,2.0,False,False,0.0,0.0,neither
Q72J28,9.240269660949709,0.74,[],False,False,0.0214067278287461,0,14,0.0,17.0,False,False,0.0,0.0,neither
Q72J30,9.363468742370609,0.739,[],False,False,0.0257879656160458,0,25,0.0,26.0,False,False,0.0,0.0,neither
Q72J33,8.956544303894042,0.737,[],False,False,0.0053191489361702,1,11,0.0,9.0,False,False,0.09090909090909091,0.0,neither
Q72J36,9.700573921203612,0.743,[],False,False,0.014336917562724,0,5,0.0,5.0,False,False,0.0,0.0,neither
Q72J38,8.588365364074708,0.776,[],False,False,0.0,0,1,0.0,1.0,False,False,0.0,0.0,neither
Q72J42,6.429422187805175,0.74,[],False,False,0.0,1,1,0.0,1.0,False,False,1.0,0.0,neither
Q72J45,9.126676368713383,0.731,[],False,False,0.0422163588390501,16,21,15.0,21.0,True,True,0.7619047619047619,0.7142857142857143,neither
Q72J50,7.607012367248536,0.756,[],False,False,0.0501138952164009,1,35,0.0,33.0,False,False,0.02857142857142857,0.0,neither
Q72J57,5.643395805358887,0.761,[],False,False,0.0,9,12,4.0,7.0,True,True,0.75,0.5714285714285714,neither
Q72J58,8.463296699523926,0.753,[],False,False,0.0087719298245614,0,2,0.0,2.0,False,False,0.0,0.0,neither
Q72J61,9.771295738220214,0.737,[],False,False,0.0153846153846153,2,3,0.0,1.0,True,False,0.6666666666666666,0.0,neither
Q72J62,6.193938255310059,0.728,[],False,False,0.0,0,11,0.0,10.0,False,False,0.0,0.0,neither
Q72J63,5.919746971130371,0.753,[],False,False,0.0256410256410256,1,1,1.0,1.0,False,False,1.0,1.0,neither
Q72J64,5.441219520568848,0.777,[],False,False,0.0,0,5,0.0,5.0,False,False,0.0,0.0,neither
Q72J65,9.241494560241698,0.725,[],False,False,0.0,0,1,1.0,1.0,False,False,0.0,1.0,neither
Q72J66,5.777592658996581,0.842,[],False,False,0.0,1,13,0.0,12.0,False,False,0.07692307692307693,0.0,neither
Q72J75,8.375619697570801,0.736,[],False,False,0.0,0,5,1.0,6.0,False,False,0.0,0.16666666666666666,neither
Q72J78,5.285367012023924,0.731,[],False,False,0.0024813895781637,0,48,0.0,47.0,False,False,0.0,0.0,neither
Q72J79,5.26859951019287,0.735,[],False,False,0.0,0,29,0.0,28.0,False,False,0.0,0.0,neither
Q72J81,5.947939109802246,0.745,[],False,False,0.0,0,11,0.0,8.0,False,False,0.0,0.0,neither
Q72J89,6.187913322448731,0.764,[],False,False,0.0,0,2,0.0,2.0,False,False,0.0,0.0,neither
Q72J96,6.159266471862792,0.748,[],False,False,0.0,0,5,0.0,5.0,False,False,0.0,0.0,neither
Q72J97,5.479528999328613,0.729,[],False,False,0.0019455252918287,0,32,0.0,36.0,False,False,0.0,0.0,neither
Q72J99,10.31038036346435,0.775,[],False,False,0.0099009900990099,0,4,0.0,1.0,False,False,0.0,0.0,neither
Q72JA1,9.977723503112792,0.794,[],False,False,0.0410958904109589,0,2,0.0,2.0,False,False,0.0,0.0,neither
Q72JA3,6.586468315124511,0.738,[],False,False,0.0354223433242506,0,1,,,False,False,0.0,,neither
Q72JA9,7.864772224426269,0.739,[],False,False,0.0,4,14,0.0,11.0,True,False,0.2857142857142857,0.0,neither
Q72JB0,5.266666984558105,0.744,[],False,False,0.0,0,8,0.0,7.0,False,False,0.0,0.0,neither
Q72JB1,5.2833776473999015,0.742,[],False,False,0.0,0,17,1.0,17.0,False,False,0.0,0.058823529411764705,neither
Q72JB8,5.593206977844238,0.742,[],False,False,0.0055555555555555,0,2,0.0,2.0,False,False,0.0,0.0,neither
Q72JC5,9.16045780181885,0.738,[],False,False,0.00920245398773,0,13,0.0,13.0,False,False,0.0,0.0,neither
Q72JD0,7.989776420593261,0.747,[],False,False,0.0,1,2,1.0,2.0,False,False,0.5,0.5,neither
Q72JD6,6.538439369201661,0.747,[],False,False,0.0,0,6,0.0,6.0,False,False,0.0,0.0,neither
Q72JD8,4.479446983337403,0.742,[],False,False,0.0714285714285714,0,32,1.0,33.0,False,False,0.0,0.030303030303030304,neither
Q72JE2,5.168051338195799,0.811,[],False,False,0.0,1,4,0.0,3.0,False,False,0.25,0.0,neither
Q72JF6,5.110984992980956,0.754,[],False,False,0.062111801242236,3,6,0.0,4.0,True,False,0.5,0.0,neither
Q72JF7,6.012962913513182,0.74,[],False,False,0.0,0,3,0.0,4.0,False,False,0.0,0.0,neither
Q72JG2,4.79990520477295,0.731,[],False,False,0.0089686098654708,6,25,0.0,26.0,True,False,0.24,0.0,neither
Q72JG5,9.033584022521977,0.744,[],False,False,0.0157480314960629,6,7,5.0,8.0,True,True,0.8571428571428571,0.625,neither
Q72JG9,5.9835203170776365,0.732,[],False,False,0.0105105105105105,0,5,0.0,7.0,False,False,0.0,0.0,neither
Q72JH4,8.071651268005368,0.783,[],False,False,0.0437956204379562,0,1,0.0,1.0,False,False,0.0,0.0,neither
Q72JH7,6.6824125289917,0.734,[],False,False,0.0040983606557377,1,3,0.0,2.0,False,False,0.3333333333333333,0.0,neither
Q72JH9,9.148273277282716,0.726,[],False,False,0.0196078431372549,10,22,1.0,24.0,True,False,0.45454545454545453,0.041666666666666664,neither
Q72JI4,5.754686546325684,0.736,"['Co(2+)', 'Mg(2+)', 'Zn(2+)']",False,True,0.0,33,60,20.0,56.0,True,True,0.55,0.35714285714285715,divalent
Q72JI9,6.118967628479003,0.738,[],False,False,0.0,0,18,0.0,18.0,False,False,0.0,0.0,neither
Q72JJ0,5.039765739440917,0.85,[],False,False,0.1764705882352941,0,6,0.0,7.0,False,False,0.0,0.0,neither
Q72JJ1,6.996845817565918,0.742,['FAD'],True,False,0.0,21,39,3.0,37.0,True,True,0.5384615384615384,0.08108108108108109,covalent
Q72JJ2,4.94876651763916,0.747,[],False,False,0.0,0,31,0.0,30.0,False,False,0.0,0.0,neither
Q72JJ3,5.766111183166504,0.734,['FAD'],True,False,0.0,0,32,0.0,29.0,False,False,0.0,0.0,covalent
Q72JJ4,6.095208930969237,0.758,[],False,False,0.0747663551401869,0,3,0.0,2.0,False,False,0.0,0.0,neither
Q72JJ5,5.728142738342286,0.748,[],False,False,0.0,1,1,,,False,False,1.0,,neither
Q72JK5,7.891913414001465,0.741,[],False,False,0.0561224489795918,9,12,0.0,10.0,True,False,0.75,0.0,neither
Q72JK6,4.975821876525878,0.757,[],False,False,0.0,0,20,0.0,17.0,False,False,0.0,0.0,neither
Q72JK7,5.445993995666503,0.729,[],False,False,0.0,2,20,1.0,18.0,True,False,0.1,0.05555555555555555,neither
Q72JL5,5.167255592346189,0.768,[],False,False,0.0982142857142857,0,19,0.0,19.0,False,False,0.0,0.0,neither
Q72JM3,6.739706230163575,0.731,[],False,False,0.0,1,11,0.0,7.0,False,False,0.09090909090909091,0.0,neither
Q72JM7,6.482737159729004,0.727,[],False,False,0.0054644808743169,0,1,1.0,1.0,False,False,0.0,1.0,neither
Q72JM9,9.44979190826416,0.749,[],False,False,0.1052631578947368,3,5,1.0,6.0,True,False,0.6,0.16666666666666666,neither
Q72JN4,7.823061180114747,0.757,[],False,False,0.0483091787439613,0,7,0.0,5.0,False,False,0.0,0.0,neither
Q72JN6,6.3297834396362305,0.727,[],False,False,0.002016129032258,2,11,0.0,6.0,True,False,0.18181818181818182,0.0,neither
Q72JN7,4.590339851379395,0.74,[],False,False,0.0886075949367088,7,16,1.0,17.0,True,False,0.4375,0.058823529411764705,neither
Q72JP2,5.83090763092041,0.752,[],False,False,0.0,0,25,0.0,25.0,False,False,0.0,0.0,neither
Q72JQ4,5.9507242202758786,0.73,[],False,False,0.0296803652968036,2,17,0.0,12.0,True,False,0.11764705882352941,0.0,neither
Q72JR3,9.567769050598145,0.774,[],False,False,0.0510948905109489,0,1,,,False,False,0.0,,neither
Q72JR5,5.753436088562012,0.731,[],False,False,0.0,0,11,0.0,11.0,False,False,0.0,0.0,neither
Q72JS6,5.477028083801269,0.751,[],False,False,0.0166666666666666,0,2,0.0,3.0,False,False,0.0,0.0,neither
Q72JT1,5.947882270812988,0.758,[],False,False,0.0369515011547344,0,1,,,False,False,0.0,,neither
Q72JT4,6.207693290710449,0.75,[],False,False,0.0543806646525679,4,11,0.0,8.0,True,False,0.36363636363636365,0.0,neither
Q72JT7,5.70358829498291,0.753,[],False,False,0.0166666666666666,0,3,0.0,2.0,False,False,0.0,0.0,neither
Q72JU1,5.493454551696778,0.728,[],False,False,0.0018148820326678,0,5,0.0,7.0,False,False,0.0,0.0,neither
Q72JU2,6.2901098251342775,0.752,['adenosylcob(III)alamin'],True,False,0.0211267605633802,1,15,2.0,14.0,False,True,0.06666666666666667,0.14285714285714285,covalent
Q72JW6,9.94284610748291,0.75,[],False,False,0.1125,0,4,0.0,5.0,False,False,0.0,0.0,neither
Q72JX5,6.555661582946779,0.749,[],False,False,0.1291666666666666,0,1,0.0,1.0,False,False,0.0,0.0,neither
Q72JY3,9.508071327209477,0.735,[],False,False,0.0,0,4,0.0,2.0,False,False,0.0,0.0,neither
Q72JY4,5.516303825378416,0.725,[],False,False,0.0021052631578947,2,20,0.0,18.0,True,False,0.1,0.0,neither
Q72JY8,5.822381782531737,0.733,[],False,False,0.0,0,18,0.0,15.0,False,False,0.0,0.0,neither
Q72JZ6,5.542336082458495,0.718,[],False,False,0.0031152647975077,3,26,0.0,21.0,True,False,0.11538461538461539,0.0,neither
Q72K01,8.887305259704593,0.783,[],False,False,0.0353982300884955,0,1,0.0,1.0,False,False,0.0,0.0,neither
Q72K10,6.882599449157715,0.749,[],False,False,0.0061919504643962,0,4,0.0,4.0,False,False,0.0,0.0,neither
Q72K12,4.864417457580566,0.737,[],False,False,0.0,1,8,0.0,5.0,False,False,0.125,0.0,neither
Q72K13,4.939558601379393,0.745,[],False,False,0.0647058823529411,0,5,0.0,3.0,False,False,0.0,0.0,neither
Q72K14,6.36303424835205,0.724,[],False,False,0.0029940119760479,1,26,0.0,23.0,False,False,0.038461538461538464,0.0,neither
Q72K21,9.278692817687986,0.73,[],False,False,0.023076923076923,3,5,3.0,6.0,True,True,0.6,0.5,neither
Q72K22,6.024330711364747,0.721,['Fe(2+)'],False,True,0.0,0,15,0.0,14.0,False,False,0.0,0.0,divalent
Q72K23,5.970902061462403,0.761,[],False,False,0.0,1,1,2.0,2.0,False,True,1.0,1.0,neither
Q72K24,6.022966575622559,0.73,[],False,False,0.002079002079002,3,7,1.0,5.0,True,False,0.42857142857142855,0.2,neither
Q72K25,6.216332817077636,0.723,[],False,False,0.0019417475728155,0,5,0.0,4.0,False,False,0.0,0.0,neither
Q72K29,7.824995231628419,0.744,[],False,False,0.0154440154440154,1,1,1.0,1.0,False,False,1.0,1.0,neither
Q72K30,5.611736488342285,0.72,[],False,False,0.0,1,6,2.0,6.0,False,True,0.16666666666666666,0.3333333333333333,neither
Q72K33,5.944074058532714,0.737,[],False,False,0.0,0,13,2.0,11.0,False,True,0.0,0.18181818181818182,neither
Q72K50,5.886837196350096,0.72,['thiamine diphosphate'],True,False,0.0,0,17,0.0,14.0,False,False,0.0,0.0,covalent
Q72K52,9.220735740661617,0.793,[],False,False,0.0736196319018405,0,17,0.0,16.0,False,False,0.0,0.0,neither
Q72K54,5.082565498352049,0.765,['pyruvate'],True,False,0.0150375939849624,17,21,8.0,16.0,True,True,0.8095238095238095,0.5,covalent
Q72K65,5.154807853698729,0.746,[],False,False,0.0,2,2,,,True,False,1.0,,neither
Q72K70,4.676564598083496,0.764,[],False,False,0.0108695652173913,0,11,0.0,10.0,False,False,0.0,0.0,neither
Q72K77,5.202723121643066,0.748,[],False,False,0.0,0,3,0.0,2.0,False,False,0.0,0.0,neither
Q72K88,9.876959419250486,0.737,[],False,False,0.0324324324324324,0,1,0.0,1.0,False,False,0.0,0.0,neither
Q72K92,5.3369768142700185,0.733,[],False,False,0.0,4,12,0.0,10.0,True,False,0.3333333333333333,0.0,neither
Q72KA2,9.063561820983884,0.743,[],False,False,0.0416666666666666,1,1,0.0,1.0,False,False,1.0,0.0,neither
Q72KA5,5.245636558532714,0.792,[],False,False,0.0,0,8,0.0,8.0,False,False,0.0,0.0,neither
Q72KA6,5.28837947845459,0.798,[],False,False,0.0853658536585365,0,2,0.0,1.0,False,False,0.0,0.0,neither
Q72KA8,5.430704307556151,0.755,[],False,False,0.0,0,16,0.0,14.0,False,False,0.0,0.0,neither
Q72KB1,5.607530403137207,0.734,['FAD'],True,False,0.0034662045060658,0,20,0.0,21.0,False,False,0.0,0.0,covalent
Q72KB5,5.823234367370605,0.725,[],False,False,0.0806451612903225,0,20,0.0,16.0,False,False,0.0,0.0,neither
Q72KB6,5.972209358215332,0.738,[],False,False,0.0,7,11,0.0,10.0,True,False,0.6363636363636364,0.0,neither
Q72KB8,6.942621421813963,0.729,['FAD'],True,False,0.0,0,21,0.0,20.0,False,False,0.0,0.0,covalent
Q72KC0,6.8642972946167,0.739,[],False,False,0.0446650124069478,0,8,0.0,9.0,False,False,0.0,0.0,neither
Q72KC7,6.076281547546387,0.728,['a divalent metal cation'],True,False,0.0,0,20,0.0,19.0,False,False,0.0,0.0,covalent
Q72KC8,6.469834709167479,0.742,[],False,False,0.0,4,11,1.0,12.0,True,False,0.36363636363636365,0.08333333333333333,neither
Q72KC9,7.946131324768066,0.731,[],False,False,0.005420054200542,0,4,0.0,4.0,False,False,0.0,0.0,neither
Q72KD1,7.906547737121582,0.755,[],False,False,0.0635593220338983,0,18,0.0,18.0,False,False,0.0,0.0,neither
Q72KD3,6.114193153381346,0.729,[],False,False,0.0,0,13,0.0,12.0,False,False,0.0,0.0,neither
Q72KD4,5.980337333679199,0.769,[],False,False,0.0,3,7,1.0,6.0,True,False,0.42857142857142855,0.16666666666666666,neither
Q72KD5,5.465262413024903,0.752,['Mg(2+)'],False,True,0.0,0,4,0.0,3.0,False,False,0.0,0.0,divalent
Q72KD6,6.08941135406494,0.731,"[""pyridoxal 5'-phosphate""]",True,False,0.0,6,20,0.0,19.0,True,False,0.3,0.0,covalent
Q72KE7,9.155235862731931,0.76,[],False,False,0.0,1,32,0.0,30.0,False,False,0.03125,0.0,neither
Q72KF5,5.601505470275878,0.73,[],False,False,0.0,4,16,0.0,9.0,True,False,0.25,0.0,neither
Q72KF6,5.315093803405762,0.736,[],False,False,0.003690036900369,0,3,1.0,3.0,False,False,0.0,0.3333333333333333,neither
Q72KG2,9.981075859069826,0.769,[],False,False,0.1082474226804123,1,1,0.0,1.0,False,False,1.0,0.0,neither
Q72KG6,6.365250968933105,0.746,[],False,False,0.0,1,1,0.0,1.0,False,False,1.0,0.0,neither
Q72KG7,5.24290828704834,0.771,[],False,False,0.1892655367231638,1,3,1.0,4.0,False,False,0.3333333333333333,0.25,neither
Q72KG8,8.922247123718265,0.76,[],False,False,0.0,9,14,0.0,7.0,True,False,0.6428571428571429,0.0,neither
Q72KH0,9.58291912078857,0.741,[],False,False,0.0138408304498269,0,3,0.0,3.0,False,False,0.0,0.0,neither
Q72KI2,5.111269187927246,0.745,[],False,False,0.0278293135435992,1,1,,,False,False,1.0,,neither
Q72KI3,5.986305427551269,0.755,[],False,False,0.0,0,9,0.0,8.0,False,False,0.0,0.0,neither
Q72KI4,9.29171543121338,0.761,[],False,False,0.0,0,1,0.0,1.0,False,False,0.0,0.0,neither
Q72KI9,5.3460710525512685,0.736,[],False,False,0.0,0,19,0.0,16.0,False,False,0.0,0.0,neither
Q72KJ3,7.750928688049316,0.75,[],False,False,0.0133333333333333,3,3,,,True,False,1.0,,neither
Q72KJ6,6.461365699768066,0.764,[],False,False,0.0677966101694915,1,1,,,False,False,1.0,,neither
Q72KJ9,6.305967903137208,0.732,[],False,False,0.0077821011673151,2,5,0.0,5.0,True,False,0.4,0.0,neither
Q72KK0,6.435901832580566,0.736,[],False,False,0.005813953488372,0,4,0.0,4.0,False,False,0.0,0.0,neither
Q72KK1,10.01021556854248,0.824,[],False,False,0.6470588235294118,0,2,,,False,False,0.0,,neither
Q72KK5,5.58797779083252,0.733,['FAD'],True,False,0.0,0,2,0.0,2.0,False,False,0.0,0.0,covalent
Q72KK6,6.48984203338623,0.73,[],False,False,0.0,0,17,0.0,16.0,False,False,0.0,0.0,neither
Q72KK8,7.869607353210449,0.745,[],False,False,0.0,1,2,0.0,1.0,False,False,0.5,0.0,neither
Q72KL0,8.094344139099121,0.744,[],False,False,0.0116731517509727,2,10,0.0,6.0,True,False,0.2,0.0,neither
Q72KL3,8.856747245788572,0.741,[],False,False,0.0458333333333333,0,6,0.0,7.0,False,False,0.0,0.0,neither
Q72KL5,6.647911262512207,0.728,[],False,False,0.0028901734104046,0,3,0.0,3.0,False,False,0.0,0.0,neither
Q72KM0,7.641627311706543,0.723,[],False,False,0.0068376068376068,0,48,0.0,49.0,False,False,0.0,0.0,neither
Q72KM1,9.341420555114745,0.74,[],False,False,0.0,2,11,0.0,11.0,True,False,0.18181818181818182,0.0,neither
Q72KM4,6.26794261932373,0.73,[],False,False,0.0,0,50,0.0,47.0,False,False,0.0,0.0,neither
Q72KM7,6.436413383483886,0.787,[],False,False,0.0069444444444444,0,1,0.0,1.0,False,False,0.0,0.0,neither
Q72KN7,6.61562671661377,0.734,[],False,False,0.0,0,2,0.0,1.0,False,False,0.0,0.0,neither
Q72KP2,5.458328056335449,0.834,[],False,False,0.6473429951690821,1,2,0.0,3.0,False,False,0.5,0.0,neither
Q72KQ5,6.228496360778809,0.741,[],False,False,0.0,1,1,,,False,False,1.0,,neither
Q72KR0,5.69500560760498,0.727,[],False,False,0.0,1,18,0.0,19.0,False,False,0.05555555555555555,0.0,neither
Q72KR1,5.164811515808104,0.731,[],False,False,0.0,10,20,0.0,16.0,True,False,0.5,0.0,neither
Q72KR3,9.038870429992675,0.746,[],False,False,0.0666666666666666,0,5,0.0,5.0,False,False,0.0,0.0,neither
Q72KR8,5.6661882400512695,0.759,[],False,False,0.0168539325842696,8,49,0.0,48.0,True,False,0.16326530612244897,0.0,neither
Q72KR9,5.614066886901855,0.746,[],False,False,0.1618075801749271,4,7,0.0,4.0,True,False,0.5714285714285714,0.0,neither
Q72KS0,6.93261775970459,0.744,[],False,False,0.0085470085470085,0,16,0.0,17.0,False,False,0.0,0.0,neither
Q72KS1,9.067172050476074,0.739,[],False,False,0.0820668693009118,0,39,0.0,37.0,False,False,0.0,0.0,neither
Q72KS5,9.28475284576416,0.742,[],False,False,0.066066066066066,5,13,0.0,8.0,True,False,0.38461538461538464,0.0,neither
Q72KS9,5.445709800720214,0.728,[],False,False,0.0121212121212121,3,31,0.0,28.0,True,False,0.0967741935483871,0.0,neither
Q72KT0,5.617931938171386,0.728,[],False,False,0.0141643059490084,0,12,0.0,14.0,False,False,0.0,0.0,neither
Q72KT4,6.398444938659668,0.733,[],False,False,0.0129310344827586,0,40,0.0,40.0,False,False,0.0,0.0,neither
Q72KT5,5.499138450622558,0.733,[],False,False,0.0,0,33,2.0,32.0,False,True,0.0,0.0625,neither
Q72KT6,9.539080619812012,0.745,[],False,False,0.059171597633136,1,10,1.0,7.0,False,False,0.1,0.14285714285714285,neither
Q72KU2,5.130082893371582,0.73,[],False,False,0.0,1,1,0.0,1.0,False,False,1.0,0.0,neither
Q72KU5,5.692732048034667,0.722,[],False,False,0.0,23,26,1.0,22.0,True,False,0.8846153846153846,0.045454545454545456,neither
Q72KU7,7.891913414001465,0.746,[],False,False,0.0,0,24,0.0,22.0,False,False,0.0,0.0,neither
Q72KV1,9.296808433532714,0.743,[],False,False,0.0316901408450704,14,18,0.0,19.0,True,False,0.7777777777777778,0.0,neither
Q72KV6,6.315289497375488,0.741,[],False,False,0.0,3,8,0.0,7.0,True,False,0.375,0.0,neither
Q72KW0,5.176065635681151,0.74,[],False,False,0.0604534005037783,1,19,0.0,14.0,False,False,0.05263157894736842,0.0,neither
Q72KW1,6.064686393737793,0.722,[],False,False,0.0381679389312977,18,21,0.0,6.0,True,False,0.8571428571428571,0.0,neither
Q72KW7,6.7835290908813475,0.729,"[""pyridoxal 5'-phosphate""]",True,False,0.0029411764705882,0,12,0.0,7.0,False,False,0.0,0.0,covalent
Q72KW9,8.031422996520995,0.742,[],False,False,0.0,1,6,0.0,4.0,False,False,0.16666666666666666,0.0,neither
Q72KX0,5.651466941833497,0.729,[],False,False,0.0,0,4,1.0,3.0,False,False,0.0,0.3333333333333333,neither
Q72KX2,9.161295890808104,0.728,[],False,False,0.0434782608695652,30,42,18.0,39.0,True,True,0.7142857142857143,0.46153846153846156,neither
Q72KX7,6.367297172546387,0.735,[],False,False,0.0,10,21,0.0,16.0,True,False,0.47619047619047616,0.0,neither
Q72KX8,6.3368314743042,0.732,[],False,False,0.0,6,15,0.0,14.0,True,False,0.4,0.0,neither
Q72KX9,8.11710147857666,0.747,[],False,False,0.0,11,15,5.0,15.0,True,True,0.7333333333333333,0.3333333333333333,neither
Q72KY0,6.248674201965333,0.728,[],False,False,0.010958904109589,1,10,0.0,9.0,False,False,0.1,0.0,neither
Q72KY1,5.79555377960205,0.737,[],False,False,0.0215633423180593,0,19,1.0,21.0,False,False,0.0,0.047619047619047616,neither
Q72KZ4,5.841138648986816,0.748,[],False,False,0.1326781326781326,2,6,0.0,5.0,True,False,0.3333333333333333,0.0,neither
Q72KZ5,8.033614921569825,0.749,[],False,False,0.0,0,11,0.0,7.0,False,False,0.0,0.0,neither
Q72KZ6,4.868396186828612,0.75,[],False,False,0.01,2,11,0.0,12.0,True,False,0.18181818181818182,0.0,neither
Q72KZ7,6.337627220153809,0.746,[],False,False,0.0916334661354581,8,58,2.0,45.0,True,True,0.13793103448275862,0.044444444444444446,neither
Q72KZ8,5.253650856018066,0.761,[],False,False,0.0,1,4,0.0,4.0,False,False,0.25,0.0,neither
Q72L01,5.714558219909668,0.744,[],False,False,0.0192307692307692,44,69,0.0,50.0,True,False,0.6376811594202898,0.0,neither
Q72L02,8.979946327209475,0.766,[],False,False,0.0816901408450704,1,8,0.0,3.0,False,False,0.125,0.0,neither
Q72L06,5.732519340515138,0.731,[],False,False,0.0,0,8,0.0,8.0,False,False,0.0,0.0,neither
Q72L09,8.56547908782959,0.739,[],False,False,0.0,0,6,0.0,6.0,False,False,0.0,0.0,neither
Q72L17,5.424736213684081,0.753,[],False,False,0.0106382978723404,0,3,0.0,3.0,False,False,0.0,0.0,neither
Q72L18,5.825280570983887,0.774,[],False,False,0.0091743119266055,1,10,0.0,11.0,False,False,0.1,0.0,neither
Q72L19,7.706253242492676,0.736,[],False,False,0.0313588850174216,2,7,0.0,9.0,True,False,0.2857142857142857,0.0,neither
Q72L25,6.586695671081543,0.737,['FAD'],True,False,0.0026455026455026,0,1,0.0,1.0,False,False,0.0,0.0,covalent
Q72L26,8.070168495178223,0.74,[],False,False,0.0,0,11,0.0,10.0,False,False,0.0,0.0,neither
Q72L27,6.283573341369629,0.727,[],False,False,0.011070110701107,1,14,0.0,16.0,False,False,0.07142857142857142,0.0,neither
Q72L28,8.749471855163574,0.736,[],False,False,0.0,0,4,0.0,4.0,False,False,0.0,0.0,neither
Q72L30,5.687048149108887,0.782,[],False,False,0.14540059347181,0,9,0.0,6.0,False,False,0.0,0.0,neither
Q72L35,9.087866401672365,0.721,[],False,False,0.0,0,6,0.0,7.0,False,False,0.0,0.0,neither
Q72L36,8.318242835998536,0.744,[],False,False,0.0498220640569395,0,6,0.0,5.0,False,False,0.0,0.0,neither
Q72L38,5.376650428771973,0.798,[],False,False,0.0,0,3,0.0,2.0,False,False,0.0,0.0,neither
Q72L39,5.1309923171997065,0.74,[],False,False,0.0,6,15,3.0,11.0,True,True,0.4,0.2727272727272727,neither
Q72L40,7.6152540206909185,0.748,[],False,False,0.2094017094017094,0,1,0.0,1.0,False,False,0.0,0.0,neither
Q72L41,5.954702949523925,0.735,[],False,False,0.0,2,34,2.0,33.0,True,True,0.058823529411764705,0.06060606060606061,neither
Q72L42,9.47106647491455,0.73,[],False,False,0.0583756345177665,1,1,1.0,1.0,False,False,1.0,1.0,neither
Q72L52,7.839242744445801,0.732,[],False,False,0.0106382978723404,2,6,0.0,6.0,True,False,0.3333333333333333,0.0,neither
Q72L60,5.190673255920408,0.778,[],False,False,0.0294117647058823,1,9,0.0,8.0,False,False,0.1111111111111111,0.0,neither
Q72L61,9.856329536437986,0.729,[],False,False,0.0511363636363636,0,13,0.0,13.0,False,False,0.0,0.0,neither
Q72L70,5.131276512145996,0.745,[],False,False,0.0425790754257907,0,5,0.0,3.0,False,False,0.0,0.0,neither
Q72L72,6.0404161453247065,0.732,[],False,False,0.0,1,71,0.0,67.0,False,False,0.014084507042253521,0.0,neither
Q72L78,6.03302707672119,0.75,[],False,False,0.0,0,9,0.0,6.0,False,False,0.0,0.0,neither
Q72L81,5.923327827453612,0.751,[],False,False,0.0097087378640776,2,4,0.0,3.0,True,False,0.5,0.0,neither
Q72L84,4.881128120422363,0.797,[],False,False,0.0897435897435897,0,8,1.0,8.0,False,False,0.0,0.125,neither
Q72L86,5.528978919982909,0.738,[],False,False,0.0394021739130434,18,56,3.0,47.0,True,True,0.32142857142857145,0.06382978723404255,neither
Q72L94,8.990261268615722,0.732,[],False,False,0.008,0,13,0.0,9.0,False,False,0.0,0.0,neither
Q72L99,5.029023170471191,0.749,['Mg(2+)'],False,True,0.0,1,2,0.0,1.0,False,False,0.5,0.0,divalent
Q72LA2,5.511586189270018,0.744,[],False,False,0.005050505050505,0,1,0.0,1.0,False,False,0.0,0.0,neither
Q72LA7,9.759562492370604,0.777,[],False,False,0.0410958904109589,0,3,0.0,3.0,False,False,0.0,0.0,neither
Q72LB2,5.831873893737793,0.725,[],False,False,0.0243055555555555,2,17,0.0,13.0,True,False,0.11764705882352941,0.0,neither
Q72LB4,5.686081886291503,0.755,[],False,False,0.0717131474103585,0,2,0.0,1.0,False,False,0.0,0.0,neither
Q72LB6,4.729879570007324,0.758,[],False,False,0.008,6,14,1.0,15.0,True,False,0.42857142857142855,0.06666666666666667,neither
Q72LB9,5.8835973739624015,0.751,[],False,False,0.05,0,8,0.0,7.0,False,False,0.0,0.0,neither
Q72LC3,6.432718849182128,0.723,[],False,False,0.0,11,40,0.0,35.0,True,False,0.275,0.0,neither
Q72LC4,5.934297752380371,0.727,[],False,False,0.0,0,9,0.0,9.0,False,False,0.0,0.0,neither
Q72LC5,8.88678951263428,0.757,[],False,False,0.0,0,3,0.0,1.0,False,False,0.0,0.0,neither
Q72LC6,5.351016044616699,0.727,[],False,False,0.0,19,45,0.0,43.0,True,False,0.4222222222222222,0.0,neither
Q72LC7,9.4354154586792,0.766,[],False,False,0.1038961038961039,0,3,0.0,3.0,False,False,0.0,0.0,neither
Q72LD0,5.76775951385498,0.727,['FAD'],True,False,0.0108695652173913,0,1,0.0,2.0,False,False,0.0,0.0,covalent
Q72LD1,7.946195793151856,0.721,[],False,False,0.0115273775216138,0,1,0.0,1.0,False,False,0.0,0.0,neither
Q72LD3,5.163163185119627,0.822,[],False,False,0.0116279069767441,0,2,0.0,1.0,False,False,0.0,0.0,neither
Q72LD5,9.61966609954834,0.733,[],False,False,0.0,0,2,0.0,2.0,False,False,0.0,0.0,neither
Q72LD7,8.038321113586427,0.745,[],False,False,0.0,1,6,0.0,3.0,False,False,0.16666666666666666,0.0,neither
Q72LD8,9.93394947052002,0.75,[],False,False,0.0231578947368421,0,5,0.0,4.0,False,False,0.0,0.0,neither
Q72LE3,5.3401597976684565,0.732,[],False,False,0.0,1,5,0.0,4.0,False,False,0.2,0.0,neither
Q72LE8,6.1788759231567365,0.736,[],False,False,0.0042735042735042,0,1,0.0,1.0,False,False,0.0,0.0,neither
Q72LF0,5.813458061218263,0.748,[],False,False,0.0160642570281124,1,4,0.0,5.0,False,False,0.25,0.0,neither
Q72LF1,5.118430900573729,0.74,[],False,False,0.0,0,7,0.0,7.0,False,False,0.0,0.0,neither
Q72LF2,5.316401100158691,0.722,[],False,False,0.0,1,18,0.0,16.0,False,False,0.05555555555555555,0.0,neither
Q72LF5,5.943903541564941,0.722,[],False,False,0.0,0,9,0.0,9.0,False,False,0.0,0.0,neither
Q72LF6,6.243501853942871,0.761,[],False,False,0.0,0,15,0.0,15.0,False,False,0.0,0.0,neither
Q72LF7,9.012116050720216,0.733,[],False,False,0.0091743119266055,0,13,0.0,15.0,False,False,0.0,0.0,neither
Q72LF8,6.612216377258301,0.73,[],False,False,0.0058823529411764,0,25,0.0,22.0,False,False,0.0,0.0,neither
Q72LG1,8.934431648254396,0.683,[],False,False,0.0292096219931271,0,7,0.0,8.0,False,False,0.0,0.0,neither
Q72LG2,8.58539981842041,0.732,[],False,False,0.0,0,32,0.0,29.0,False,False,0.0,0.0,neither
Q72LH7,8.827929878234862,0.728,[],False,False,0.0376884422110552,8,8,5.0,5.0,True,True,1.0,1.0,neither
Q72LI5,6.1200475692749015,0.77,[],False,False,0.1322751322751322,8,12,0.0,11.0,True,False,0.6666666666666666,0.0,neither
Q72LJ6,5.379492378234863,0.736,[],False,False,0.0032679738562091,1,13,0.0,10.0,False,False,0.07692307692307693,0.0,neither
Q72LK2,8.888401222229007,0.751,[],False,False,0.0146341463414634,9,27,2.0,30.0,True,True,0.3333333333333333,0.06666666666666667,neither
Q72LK4,6.865661430358887,0.728,[],False,False,0.0,0,17,0.0,16.0,False,False,0.0,0.0,neither
Q72LK6,5.2375085830688475,0.746,[],False,False,0.0222929936305732,1,3,0.0,4.0,False,False,0.3333333333333333,0.0,neither
Q72LK7,6.057297325134278,0.745,[],False,False,0.0,1,9,0.0,10.0,False,False,0.1111111111111111,0.0,neither
Q72LK8,4.569820976257325,0.768,[],False,False,0.0224719101123595,8,10,4.0,7.0,True,True,0.8,0.5714285714285714,neither
Q72LL5,6.004323387145996,0.737,[],False,False,0.0,3,14,0.0,18.0,True,False,0.21428571428571427,0.0,neither
Q72LM1,6.255381202697754,0.734,[],False,False,0.0029154518950437,0,1,0.0,1.0,False,False,0.0,0.0,neither
Q72LM2,4.9838361740112305,0.751,[],False,False,0.0109409190371991,7,8,1.0,4.0,True,False,0.875,0.25,neither
Q72LM7,5.585192680358887,0.746,[],False,False,0.0,1,7,0.0,7.0,False,False,0.14285714285714285,0.0,neither
Q72LN2,6.764090156555175,0.742,[],False,False,0.0,1,13,0.0,10.0,False,False,0.07692307692307693,0.0,neither
Q72LN4,6.1538667678833,0.755,[],False,False,0.0,0,13,0.0,15.0,False,False,0.0,0.0,neither
Q72LN6,4.673211097717284,0.778,[],False,False,0.0,0,1,0.0,1.0,False,False,0.0,0.0,neither
Q72LN7,8.578566169738771,0.759,[],False,False,0.0787401574803149,1,2,0.0,2.0,False,False,0.5,0.0,neither
Q72LN8,7.813068580627441,0.746,[],False,False,0.0028169014084507,8,24,0.0,23.0,True,False,0.3333333333333333,0.0,neither
Q72LP3,4.951381111145018,0.757,[],False,False,0.0246913580246913,0,4,0.0,4.0,False,False,0.0,0.0,neither
Q72LP6,6.3193250656127935,0.714,['[4Fe-4S] cluster'],True,False,0.0,0,15,0.0,13.0,False,False,0.0,0.0,covalent
Q72LP7,9.308992958068847,0.738,[],False,False,0.0431654676258992,0,15,0.0,13.0,False,False,0.0,0.0,neither
Q72LQ0,6.184844017028809,0.74,[],False,False,0.0054945054945054,0,5,0.0,5.0,False,False,0.0,0.0,neither
Q72LQ1,5.454065132141112,0.742,[],False,False,0.0231481481481481,0,2,0.0,2.0,False,False,0.0,0.0,neither
Q72LQ2,6.040757179260253,0.722,[],False,False,0.0118443316412859,0,3,0.0,3.0,False,False,0.0,0.0,neither
Q72LQ5,7.880438041687012,0.741,[],False,False,0.0,0,14,0.0,16.0,False,False,0.0,0.0,neither
Q72LQ6,5.617647743225096,0.751,[],False,False,0.01171875,2,13,0.0,9.0,True,False,0.15384615384615385,0.0,neither
Q745T2,5.58667049407959,0.733,[],False,False,0.016,0,7,0.0,5.0,False,False,0.0,0.0,neither
Q745T5,5.6555025100708,0.721,[],False,False,0.002932551319648,1,3,1.0,3.0,False,False,0.3333333333333333,0.3333333333333333,neither
Q745T9,5.475379753112793,0.732,['Mg(2+)'],False,True,0.0,3,6,3.0,6.0,True,True,0.5,0.5,divalent
Q745V5,8.301223182678225,0.737,[],False,False,0.0136518771331058,0,15,0.0,16.0,False,False,0.0,0.0,neither
Q745V6,9.075424003601077,0.736,[],False,False,0.0248041775456919,0,5,0.0,3.0,False,False,0.0,0.0,neither
Q745X1,4.860040855407715,0.815,[],False,False,0.1584158415841584,2,5,0.0,5.0,True,False,0.4,0.0,neither
Q745X5,6.122264289855956,0.746,[],False,False,0.0097087378640776,0,2,0.0,2.0,False,False,0.0,0.0,neither
Q745X6,9.12680530548096,0.745,[],False,False,0.0465116279069767,0,14,0.0,16.0,False,False,0.0,0.0,neither
Q745Y0,9.320984077453613,0.737,[],False,False,0.0526315789473684,3,24,0.0,26.0,True,False,0.125,0.0,neither
Q745Y1,4.741020011901855,0.744,[],False,False,0.0459770114942528,78,99,32.0,83.0,True,True,0.7878787878787878,0.3855421686746988,neither
Q745Y2,5.727176475524904,0.741,[],False,False,0.0482233502538071,2,6,0.0,6.0,True,False,0.3333333333333333,0.0,neither
Q745Y4,5.451109504699706,0.749,[],False,False,0.0,5,7,1.0,4.0,True,False,0.7142857142857143,0.25,neither
Q745Y6,6.850428581237793,0.747,[],False,False,0.1359223300970873,3,9,0.0,9.0,True,False,0.3333333333333333,0.0,neither
Q745Z2,9.155364799499512,0.768,[],False,False,0.086092715231788,0,1,0.0,1.0,False,False,0.0,0.0,neither
Q745Z3,7.173671913146973,0.723,[],False,False,0.0143112701252236,0,5,0.0,6.0,False,False,0.0,0.0,neither
Q745Z4,5.3473215103149405,0.736,['Fe cation'],True,False,0.0524691358024691,1,2,0.0,1.0,False,False,0.5,0.0,covalent
Q745Z5,6.424420356750488,0.766,[],False,False,0.0526315789473684,4,5,4.0,5.0,True,True,0.8,0.8,neither
Q745Z9,4.996965980529784,0.808,[],False,False,0.0,1,2,0.0,2.0,False,False,0.5,0.0,neither
Q746A5,5.23273410797119,0.775,[],False,False,0.0283018867924528,10,36,0.0,31.0,True,False,0.2777777777777778,0.0,neither
Q746A9,6.573224830627441,0.741,[],False,False,0.1829268292682926,0,10,0.0,8.0,False,False,0.0,0.0,neither
Q746C0,6.1326089859008786,0.74,[],False,False,0.0052219321148825,1,21,0.0,13.0,False,False,0.047619047619047616,0.0,neither
Q746C1,9.468100929260256,0.732,[],False,False,0.0522875816993464,0,2,0.0,1.0,False,False,0.0,0.0,neither
Q746D6,9.565190315246582,0.751,[],False,False,0.0,0,2,0.0,1.0,False,False,0.0,0.0,neither
Q746D7,6.025581169128418,0.733,[],False,False,0.0,0,15,0.0,13.0,False,False,0.0,0.0,neither
Q746D8,9.796567344665526,0.741,[],False,False,0.0658227848101265,1,7,0.0,6.0,False,False,0.14285714285714285,0.0,neither
Q746D9,9.14517879486084,0.736,[],False,False,0.002770083102493,0,7,0.0,5.0,False,False,0.0,0.0,neither
Q746E0,6.072132301330566,0.728,[],False,False,0.0,0,8,0.0,7.0,False,False,0.0,0.0,neither
Q746E8,7.099894905090332,0.739,[],False,False,0.0,3,12,1.0,11.0,True,False,0.25,0.09090909090909091,neither
Q746E9,9.197011375427245,0.738,[],False,False,0.0078125,0,12,0.0,9.0,False,False,0.0,0.0,neither
Q746F0,9.169999122619632,0.738,[],False,False,0.0,0,9,0.0,8.0,False,False,0.0,0.0,neither
Q746F1,7.838017845153809,0.74,[],False,False,0.0,0,15,0.0,13.0,False,False,0.0,0.0,neither
Q746F2,9.122034645080568,0.755,[],False,False,0.0074626865671641,0,4,0.0,2.0,False,False,0.0,0.0,neither
Q746I1,6.8134263992309565,0.718,['FAD'],True,False,0.0092421441774491,0,6,0.0,5.0,False,False,0.0,0.0,covalent
Q746I3,5.327768898010253,0.722,[],False,False,0.0,1,1,0.0,1.0,False,False,1.0,0.0,neither
Q746K4,9.930854988098144,0.767,[],False,False,0.2355072463768115,1,7,0.0,6.0,False,False,0.14285714285714285,0.0,neither
Q746K9,8.889303779602052,0.747,[],False,False,0.0814479638009049,2,11,0.0,8.0,True,False,0.18181818181818182,0.0,neither
Q746L0,6.846506690979004,0.737,[],False,False,0.0786885245901639,0,24,0.0,24.0,False,False,0.0,0.0,neither
Q746L4,9.133316612243654,0.731,[],False,False,0.0368663594470046,0,3,0.0,4.0,False,False,0.0,0.0,neither
Q746L6,7.791278266906738,0.736,[],False,False,0.0,0,2,0.0,2.0,False,False,0.0,0.0,neither
Q746L8,6.4801225662231445,0.743,[],False,False,0.002906976744186,0,2,1.0,2.0,False,False,0.0,0.5,neither
Q746L9,8.683843040466307,0.745,[],False,False,0.0,3,3,0.0,3.0,True,False,1.0,0.0,neither
Q746M6,5.335896873474121,0.748,[],False,False,0.0,3,11,0.0,11.0,True,False,0.2727272727272727,0.0,neither
Q746M9,8.427710151672365,0.733,"['Mg(2+)', 'Zn(2+)']",False,True,0.0758483033932135,0,2,0.0,2.0,False,False,0.0,0.0,divalent
Q746N3,4.994806098937987,0.757,[],False,False,0.0212765957446808,2,5,0.0,2.0,True,False,0.4,0.0,neither
Q746N6,9.51258411407471,0.74,[],False,False,0.025531914893617,0,16,0.0,17.0,False,False,0.0,0.0,neither
Q746N7,5.412117958068847,0.775,[],False,False,0.0,0,10,0.0,11.0,False,False,0.0,0.0,neither
Q746N9,6.424136161804199,0.741,[],False,False,0.0055710306406685,3,19,0.0,19.0,True,False,0.15789473684210525,0.0,neither
Q746P0,5.3959756851196286,0.749,[],False,False,0.0069686411149825,1,18,0.0,16.0,False,False,0.05555555555555555,0.0,neither
Q746P1,9.094313240051273,0.743,[],False,False,0.0,3,4,0.0,3.0,True,False,0.75,0.0,neither
Q746P2,7.913639259338378,0.742,[],False,False,0.0089686098654708,1,3,0.0,2.0,False,False,0.3333333333333333,0.0,neither
Q746P3,6.628983879089356,0.735,[],False,False,0.0,0,18,1.0,17.0,False,False,0.0,0.058823529411764705,neither
Q746P4,6.9862169265747065,0.743,[],False,False,0.0689655172413793,0,25,0.0,19.0,False,False,0.0,0.0,neither
Q746Q0,9.688002586364746,0.758,[],False,False,0.0,0,2,0.0,1.0,False,False,0.0,0.0,neither
